{"referredEntities":{},"entity":{"typeName":"m4i_data_quality","attributes":{"owner":null,"archimateReference":[],"expression":"Completeness('siteid')","replicatedTo":null,"userDescription":null,"replicatedFrom":null,"qualifiedName":"nl3--nl3plant--nl3plant001--siteid--10","displayName":null,"description":null,"active":true,"source":[],"businessRuleDescription":"","ruleDescription":"This field must be filled at all times","name":"nl3--nl3plant--nl3plant001--siteid--10","filterRequired":true,"id":10,"qualityDimension":"Completeness","expressionVersion":"","fields":[{"guid":"3ab1fef3-8321-431c-ae2d-4de0644fc692","typeName":"m4i_field","uniqueAttributes":{"qualifiedName":"nl3--nl3plant--nl3plant001--siteid"}}]},"guid":"02964595-e338-4918-9998-87c8b9bc55d5","isIncomplete":false,"status":"ACTIVE","createdBy":"admin","updatedBy":"admin","createTime":1666701543730,"updateTime":1666701543730,"version":0,"relationshipAttributes":{"inputToProcesses":[],"pipeline":null,"schema":[],"ArchiMateReference":[],"model":null,"source":[{"guid":"76c08811-3d6f-4c96-8716-d1c2eea338ca","typeName":"m4i_source","entityStatus":"ACTIVE","displayText":"Plant","relationshipType":"m4i_referenceable_source_assignment","relationshipGuid":"c802d4a7-6d86-4e74-8e34-3744e7376eeb","relationshipStatus":"ACTIVE","relationshipAttributes":{"typeName":"m4i_referenceable_source_assignment"}}],"fields":[{"guid":"3ab1fef3-8321-431c-ae2d-4de0644fc692","typeName":"m4i_field","entityStatus":"ACTIVE","displayText":"SiteId","relationshipType":"m4i_data_quality_field_assignment","relationshipGuid":"46e6adad-bd75-493b-b808-b0fecc3ddb51","relationshipStatus":"ACTIVE","relationshipAttributes":{"typeName":"m4i_data_quality_field_assignment"}}],"meanings":[],"outputFromProcesses":[]},"labels":[]}}