{"referredEntities":{},"entity":{"typeName":"m4i_gov_data_quality","attributes":{"owner":null,"archimateReference":[],"expression":"conditional_value('target_relationship_type', 'target_typename', {'m4i_data_attribute_field_assignment':'m4i_data_attribute'})","replicatedTo":null,"userDescription":null,"replicatedFrom":null,"qualifiedName":"m4i_field--attributes--target","displayName":null,"description":null,"active":true,"source":[],"ruleDescription":"attributes target relation type is m4i_data_attribute","nonCompliantMessage":"This entity is missing a target relationship with type m4i_data_attribute","ruleType":"relationship","name":"m4i_field--attributes--target","compliantMessage":"This entity has a target relationship with type m4i_data_attribute","id":10,"qualityDimension":"completeness","expressionVersion":"1"},"guid":"02df324c-ff2d-457a-b614-afc622a82646","isIncomplete":false,"provenanceType":0,"status":"ACTIVE","createdBy":"admin","updatedBy":"admin","createTime":1656522427794,"updateTime":1663931063480,"version":0,"relationshipAttributes":{"inputToProcesses":[],"pipeline":null,"schema":[],"ArchiMateReference":[],"model":null,"source":[],"meanings":[],"outputFromProcesses":[]},"labels":[],"proxy":false}}