{"referredEntities":{},"entity":{"typeName":"m4i_data_quality","attributes":{"owner":null,"archimateReference":[],"expression":"unallowed_text('ORGANISATION', 'Unknown')","replicatedTo":null,"userDescription":null,"replicatedFrom":null,"qualifiedName":"nl1--nl1hr--nl1hr001--organization--7","displayName":null,"description":null,"active":true,"source":[],"businessRuleDescription":"","ruleDescription":"This field should not contain 'Unkown'","name":"nl1--nl1hr--nl1hr001--organization--7","filterRequired":true,"id":7,"qualityDimension":"Accuracy","expressionVersion":"1","fields":[{"guid":"a1bd5ef8-9b3f-4d1a-848d-7eba1c9229d6","typeName":"m4i_field","uniqueAttributes":{"qualifiedName":"nl1--nl1hr--nl1hr001--organization"}}]},"guid":"0851c01d-dd0a-4290-9920-fdad0917b853","isIncomplete":false,"provenanceType":0,"status":"ACTIVE","createdBy":"admin","updatedBy":"admin","createTime":1656522080758,"updateTime":1663931063480,"version":0,"relationshipAttributes":{"inputToProcesses":[],"pipeline":null,"schema":[],"ArchiMateReference":[],"model":null,"source":[{"guid":"2bee6dca-fea0-478b-824e-d97365d18bbe","typeName":"m4i_source","entityStatus":"ACTIVE","displayText":"/hr/hr/Data Dictionary_template.xlsm","relationshipType":"m4i_referenceable_source_assignment","relationshipGuid":"e5af1508-25e1-468b-8ccc-7cba38ff7101","relationshipStatus":"ACTIVE","relationshipAttributes":{"typeName":"m4i_referenceable_source_assignment"}}],"fields":[{"guid":"a1bd5ef8-9b3f-4d1a-848d-7eba1c9229d6","typeName":"m4i_field","entityStatus":"ACTIVE","displayText":"ORGANIZATION","relationshipType":"m4i_data_quality_field_assignment","relationshipGuid":"ad4d09dd-07a5-4b72-93ad-738a5a5d11f7","relationshipStatus":"ACTIVE","relationshipAttributes":{"typeName":"m4i_data_quality_field_assignment"}}],"meanings":[],"outputFromProcesses":[]},"labels":[],"proxy":false}}