{"referredEntities":{},"entity":{"typeName":"m4i_field","attributes":{"archimateReference":[],"replicatedTo":null,"replicatedFrom":null,"hasContent":null,"steward":[],"qualifiedName":"nl2--nl2proc--nl2proc001--phonecontact","source":[],"datasets":[{"guid":"04d4f33f-fd0d-46bc-8336-85f25f2916b2","typeName":"m4i_dataset","uniqueAttributes":{"qualifiedName":"nl2--nl2proc--nl2proc001"}}],"parentField":[],"optionalField":null,"name":"PhoneContact","definition":null,"attributes":[{"guid":"e93cc475-faf6-4ac0-89dc-62554a056e7a","typeName":"m4i_data_attribute","uniqueAttributes":{"qualifiedName":"procurement--company-contacts--contact-person-phone-number"}}],"fieldType":"Text","childField":[]},"guid":"09b34533-86d0-4397-a9ea-728544d4c1c5","isIncomplete":false,"provenanceType":0,"status":"ACTIVE","createdBy":"admin","updatedBy":"admin","createTime":1656522073615,"updateTime":1663927932384,"version":0,"relationshipAttributes":{"ArchiMateReference":[],"dataQuality":[],"attributes":[{"guid":"e93cc475-faf6-4ac0-89dc-62554a056e7a","typeName":"m4i_data_attribute","entityStatus":"ACTIVE","displayText":"Contact person phone number","relationshipType":"m4i_data_attribute_field_assignment","relationshipGuid":"d8ed1be1-a624-4be3-8348-1d0033b28703","relationshipStatus":"ACTIVE","relationshipAttributes":{"typeName":"m4i_data_attribute_field_assignment"}}],"datasets":[{"guid":"04d4f33f-fd0d-46bc-8336-85f25f2916b2","typeName":"m4i_dataset","entityStatus":"ACTIVE","displayText":"NL2-PROC-001","relationshipType":"m4i_field_assignment","relationshipGuid":"d4265df5-610c-44a4-9974-d679ff0e2716","relationshipStatus":"ACTIVE","relationshipAttributes":{"typeName":"m4i_field_assignment","attributes":{"typeInformation":null}}}],"source":[{"guid":"2bee6dca-fea0-478b-824e-d97365d18bbe","typeName":"m4i_source","entityStatus":"ACTIVE","displayText":"/hr/hr/Data Dictionary_template.xlsm","relationshipType":"m4i_referenceable_source_assignment","relationshipGuid":"e72adac7-eb62-4e13-be04-eaca67725224","relationshipStatus":"ACTIVE","relationshipAttributes":{"typeName":"m4i_referenceable_source_assignment"}}],"parentField":[],"meanings":[],"childField":[]},"classifications":[{"typeName":"key_data","entityGuid":"e93cc475-faf6-4ac0-89dc-62554a056e7a","entityStatus":"ACTIVE","propagate":true,"validityPeriods":[],"removePropagationsOnEntityDelete":true},{"typeName":"medium_risk","entityGuid":"e93cc475-faf6-4ac0-89dc-62554a056e7a","entityStatus":"ACTIVE","propagate":true,"validityPeriods":[],"removePropagationsOnEntityDelete":true},{"typeName":"PII","entityGuid":"e93cc475-faf6-4ac0-89dc-62554a056e7a","entityStatus":"ACTIVE","propagate":true,"validityPeriods":[],"removePropagationsOnEntityDelete":true}],"labels":[],"proxy":false}}