{"referredEntities":{},"entity":{"typeName":"m4i_gov_data_quality","attributes":{"owner":null,"archimateReference":[],"expression":"conditional_value('target_relationship_type', 'target_typename', {'m4i_data_entity_steward_assignment':'m4i_person'})","replicatedTo":null,"userDescription":null,"replicatedFrom":null,"qualifiedName":"m4i_data_entity--steward--target","displayName":null,"description":null,"active":true,"source":[],"ruleDescription":"steward target relation type is m4i_person","nonCompliantMessage":"This entity is missing a target relationship with type m4i_person","ruleType":"relationship","name":"m4i_data_entity--steward--target","compliantMessage":"This entity has a target relationship with type m4i_person","id":13,"qualityDimension":"completeness","expressionVersion":"1"},"guid":"0d352c7c-7216-4a9c-ad85-a2b3a8ee6daa","isIncomplete":false,"provenanceType":0,"status":"ACTIVE","createdBy":"admin","updatedBy":"admin","createTime":1656522427794,"updateTime":1663931063480,"version":0,"relationshipAttributes":{"inputToProcesses":[],"pipeline":null,"schema":[],"ArchiMateReference":[],"model":null,"source":[],"meanings":[],"outputFromProcesses":[]},"labels":[],"proxy":false}}