{"referredEntities":{},"entity":{"typeName":"m4i_gov_data_quality","attributes":{"owner":null,"archimateReference":[],"expression":"completeness('childDataset')","replicatedTo":null,"userDescription":null,"replicatedFrom":null,"qualifiedName":"m4i_dataset--childDataset","displayName":null,"description":null,"active":true,"source":[],"ruleDescription":"childDataset  is not None and is not empty","nonCompliantMessage":"This entity is missing a childDataset","ruleType":"attribute","name":"m4i_dataset--childDataset","compliantMessage":"This entity has a childDataset","id":4,"qualityDimension":"completeness","expressionVersion":"1"},"guid":"0d3807d0-d6cc-4093-b990-6a0928504a94","isIncomplete":false,"provenanceType":0,"status":"ACTIVE","createdBy":"admin","updatedBy":"admin","createTime":1656522427794,"updateTime":1663931063480,"version":0,"relationshipAttributes":{"inputToProcesses":[],"pipeline":null,"schema":[],"ArchiMateReference":[],"model":null,"source":[],"meanings":[],"outputFromProcesses":[]},"labels":[],"proxy":false}}