{"referredEntities":{},"entity":{"typeName":"m4i_data_quality","attributes":{"owner":null,"archimateReference":[],"expression":"completeness('FUNC_ORG')","replicatedTo":null,"userDescription":null,"replicatedFrom":null,"qualifiedName":"nl1--nl1hr--nl1hr001--func_organization--27","displayName":null,"description":null,"active":true,"source":[],"businessRuleDescription":"","ruleDescription":"This field has to be filled at all times","name":"nl1--nl1hr--nl1hr001--func_organization--27","filterRequired":true,"id":27,"qualityDimension":"Completeness","expressionVersion":"1","fields":[{"guid":"f86b18e1-7a20-4ba1-a616-09bac4b96a3b","typeName":"m4i_field","uniqueAttributes":{"qualifiedName":"nl1--nl1hr--nl1hr001--func_organization"}}]},"guid":"0df50bc5-fda0-4da8-a4cf-44b3514af8ac","isIncomplete":false,"provenanceType":0,"status":"ACTIVE","createdBy":"admin","updatedBy":"admin","createTime":1656522080758,"updateTime":1663931063480,"version":0,"relationshipAttributes":{"inputToProcesses":[],"pipeline":null,"schema":[],"ArchiMateReference":[],"model":null,"source":[{"guid":"2bee6dca-fea0-478b-824e-d97365d18bbe","typeName":"m4i_source","entityStatus":"ACTIVE","displayText":"/hr/hr/Data Dictionary_template.xlsm","relationshipType":"m4i_referenceable_source_assignment","relationshipGuid":"4051a1a5-efda-4b2e-9a29-af1b4f6b7da6","relationshipStatus":"ACTIVE","relationshipAttributes":{"typeName":"m4i_referenceable_source_assignment"}}],"fields":[{"guid":"f86b18e1-7a20-4ba1-a616-09bac4b96a3b","typeName":"m4i_field","entityStatus":"ACTIVE","displayText":"FUNC_ORGANIZATION","relationshipType":"m4i_data_quality_field_assignment","relationshipGuid":"040ea52b-8212-40f0-8f85-2004abbb4399","relationshipStatus":"ACTIVE","relationshipAttributes":{"typeName":"m4i_data_quality_field_assignment"}}],"meanings":[],"outputFromProcesses":[]},"labels":[],"proxy":false}}