{"referredEntities":{},"entity":{"typeName":"m4i_person","attributes":{"archimateReference":[],"replicatedTo":null,"replicatedFrom":null,"qualifiedName":"sterre.vanloon@email.com","name":"Sterre van Loon","source":[],"email":"sterre.vanloon@email.com"},"guid":"0fca0de9-e613-4530-896b-fb3a54d6208c","isIncomplete":false,"provenanceType":0,"status":"ACTIVE","createdBy":"admin","updatedBy":"admin","createTime":1656521943868,"updateTime":1663931063480,"version":0,"relationshipAttributes":{"indexPatterns":[],"stewardAttribute":[],"ArchiMateReference":[],"visualizations":[],"domainLead":[{"guid":"393d8dde-964a-4586-8202-fc984cd16f2a","typeName":"m4i_data_domain","entityStatus":"ACTIVE","displayText":"Procurement","relationshipType":"m4i_domainLead_assignment","relationshipGuid":"33674723-b0da-462e-9582-1a8dc913235c","relationshipStatus":"ACTIVE","relationshipAttributes":{"typeName":"m4i_domainLead_assignment"}}],"businessOwnerAttribute":[],"source":[{"guid":"2bee6dca-fea0-478b-824e-d97365d18bbe","typeName":"m4i_source","entityStatus":"ACTIVE","displayText":"/hr/hr/Data Dictionary_template.xlsm","relationshipType":"m4i_referenceable_source_assignment","relationshipGuid":"f317feb0-b1e0-4044-bc54-33f15c53efa2","relationshipStatus":"ACTIVE","relationshipAttributes":{"typeName":"m4i_referenceable_source_assignment"}}],"dashboards":[],"stewardEntity":[],"meanings":[],"businessOwnerEntity":[],"ProcessOwner":[]},"labels":[],"proxy":false}}