{"referredEntities":{},"entity":{"typeName":"m4i_data_quality","attributes":{"owner":null,"archimateReference":[],"expression":"new_operating_model_validity('BASKET_ORG', 'HIER_ORG', 'FUNC_ORG')","replicatedTo":null,"userDescription":null,"replicatedFrom":null,"qualifiedName":"nl1--nl1hr--nl1hr001--basket--26","displayName":null,"description":null,"active":true,"source":[],"businessRuleDescription":"","ruleDescription":"If this field is filled with 'Project' then the fields Hierachical Organization and Functional Organization must be equal to each other","name":"nl1--nl1hr--nl1hr001--basket--26","filterRequired":true,"id":26,"qualityDimension":"Accuracy","expressionVersion":"1","fields":[{"guid":"1bfbe44b-f4a4-4120-88ad-2fa05c15188e","typeName":"m4i_field","uniqueAttributes":{"qualifiedName":"nl1--nl1hr--nl1hr001--basket"}}]},"guid":"10a70336-d860-429c-86ab-05aba7582b51","isIncomplete":false,"provenanceType":0,"status":"ACTIVE","createdBy":"admin","updatedBy":"admin","createTime":1656522080758,"updateTime":1663931063480,"version":0,"relationshipAttributes":{"inputToProcesses":[],"pipeline":null,"schema":[],"ArchiMateReference":[],"model":null,"source":[{"guid":"2bee6dca-fea0-478b-824e-d97365d18bbe","typeName":"m4i_source","entityStatus":"ACTIVE","displayText":"/hr/hr/Data Dictionary_template.xlsm","relationshipType":"m4i_referenceable_source_assignment","relationshipGuid":"55b0ae43-3521-46a8-aa86-53e33772e536","relationshipStatus":"ACTIVE","relationshipAttributes":{"typeName":"m4i_referenceable_source_assignment"}}],"fields":[{"guid":"1bfbe44b-f4a4-4120-88ad-2fa05c15188e","typeName":"m4i_field","entityStatus":"ACTIVE","displayText":"BASKET","relationshipType":"m4i_data_quality_field_assignment","relationshipGuid":"24d704a4-e23a-4ce3-b262-9decd7e81657","relationshipStatus":"ACTIVE","relationshipAttributes":{"typeName":"m4i_data_quality_field_assignment"}}],"meanings":[],"outputFromProcesses":[]},"labels":[],"proxy":false}}