{"referredEntities":{},"entity":{"typeName":"m4i_gov_data_quality","attributes":{"owner":null,"archimateReference":[],"expression":"completeness('kafkaPartitions')","replicatedTo":null,"userDescription":null,"replicatedFrom":null,"qualifiedName":"m4i_system--kafkaPartitions","displayName":null,"description":null,"active":true,"source":[],"ruleDescription":"kafkaPartitions is not None and is not empty","nonCompliantMessage":"This entity is missing a kafkaPartitions","ruleType":"attribute","name":"m4i_system--kafkaPartitions","compliantMessage":"This entity has a kafkaPartitions","id":2,"qualityDimension":"completeness","expressionVersion":"1"},"guid":"1399b945-12cd-4516-896a-9509fbd70a0c","isIncomplete":false,"provenanceType":0,"status":"ACTIVE","createdBy":"admin","updatedBy":"admin","createTime":1656522427794,"updateTime":1663931063480,"version":0,"relationshipAttributes":{"inputToProcesses":[],"pipeline":null,"schema":[],"ArchiMateReference":[],"model":null,"source":[],"meanings":[],"outputFromProcesses":[]},"labels":[],"proxy":false}}