{"referredEntities":{},"entity":{"typeName":"m4i_field","attributes":{"archimateReference":[],"replicatedTo":null,"replicatedFrom":null,"hasContent":null,"steward":[],"qualifiedName":"nl3--nl3plant--nl3plant001--oee","source":[],"datasets":[{"guid":"2230cf23-c90c-4a2f-be3e-e402503c4544","typeName":"m4i_dataset","uniqueAttributes":{"qualifiedName":"nl3--nl3plant--nl3plant001"}}],"parentField":[],"optionalField":null,"name":"OEE","definition":null,"attributes":[{"guid":"fe67b8cc-a062-4d3b-a4ef-29aa7f82b4dc","typeName":"m4i_data_attribute","uniqueAttributes":{"qualifiedName":"plant-data--hourly-data--oee"}}],"fieldType":"Numeric","childField":[]},"guid":"16ed0a09-3a94-449e-8185-e16d720ef8da","isIncomplete":false,"provenanceType":0,"status":"ACTIVE","createdBy":"admin","updatedBy":"admin","createTime":1656522073615,"updateTime":1666701543730,"version":0,"relationshipAttributes":{"ArchiMateReference":[],"dataQuality":[{"guid":"0e0b34ad-a064-44e1-9849-cac58afdb4ac","typeName":"m4i_data_quality","entityStatus":"ACTIVE","displayText":"nl3--nl3plant--nl3plant001--oee--14","relationshipType":"m4i_data_quality_field_assignment","relationshipGuid":"2fb72a10-853c-49be-8222-9051e47e24d1","relationshipStatus":"ACTIVE","relationshipAttributes":{"typeName":"m4i_data_quality_field_assignment"}},{"guid":"0f02d787-8251-471e-aa51-ecac16be59ad","typeName":"m4i_data_quality","entityStatus":"ACTIVE","displayText":"nl3--nl3plant--nl3plant001--oee--15","relationshipType":"m4i_data_quality_field_assignment","relationshipGuid":"918490ab-09aa-4571-97c5-70346d384063","relationshipStatus":"ACTIVE","relationshipAttributes":{"typeName":"m4i_data_quality_field_assignment"}}],"attributes":[{"guid":"fe67b8cc-a062-4d3b-a4ef-29aa7f82b4dc","typeName":"m4i_data_attribute","entityStatus":"ACTIVE","displayText":"OEE","relationshipType":"m4i_data_attribute_field_assignment","relationshipGuid":"4f1eb2e0-fbe8-4030-bed6-e2c2d6dad7d6","relationshipStatus":"ACTIVE","relationshipAttributes":{"typeName":"m4i_data_attribute_field_assignment"}}],"datasets":[{"guid":"2230cf23-c90c-4a2f-be3e-e402503c4544","typeName":"m4i_dataset","entityStatus":"ACTIVE","displayText":"NL3-PLANT-001","relationshipType":"m4i_field_assignment","relationshipGuid":"d0138fe2-f601-4bb5-b1d6-24b38c5147cd","relationshipStatus":"ACTIVE","relationshipAttributes":{"typeName":"m4i_field_assignment","attributes":{"typeInformation":null}}}],"source":[{"guid":"2bee6dca-fea0-478b-824e-d97365d18bbe","typeName":"m4i_source","entityStatus":"ACTIVE","displayText":"/hr/hr/Data Dictionary_template.xlsm","relationshipType":"m4i_referenceable_source_assignment","relationshipGuid":"74873db7-ca3d-4149-9451-40f983a788d1","relationshipStatus":"ACTIVE","relationshipAttributes":{"typeName":"m4i_referenceable_source_assignment"}}],"parentField":[],"meanings":[],"childField":[]},"classifications":[{"typeName":"low_risk","entityGuid":"fe67b8cc-a062-4d3b-a4ef-29aa7f82b4dc","entityStatus":"ACTIVE","propagate":true,"validityPeriods":[],"removePropagationsOnEntityDelete":true}],"labels":[],"proxy":false}}