{"referredEntities":{},"entity":{"typeName":"m4i_gov_data_quality","attributes":{"owner":null,"archimateReference":[],"expression":"completeness('businessOwner')","replicatedTo":null,"userDescription":null,"replicatedFrom":null,"qualifiedName":"m4i_data_attribute--businessOwner","displayName":null,"description":null,"active":true,"source":[],"ruleDescription":"businessOwner is not None and is not empty","nonCompliantMessage":"This entity is missing a businessOwner","ruleType":"attribute","name":"m4i_data_attribute--businessOwner","compliantMessage":"This entity has a businessOwner","id":8,"qualityDimension":"completeness","expressionVersion":"1"},"guid":"18ac4a3b-3aec-4e62-8ff7-47f96c74e90d","isIncomplete":false,"provenanceType":0,"status":"ACTIVE","createdBy":"admin","updatedBy":"admin","createTime":1656522427794,"updateTime":1663931063480,"version":0,"relationshipAttributes":{"inputToProcesses":[],"pipeline":null,"schema":[],"ArchiMateReference":[],"model":null,"source":[],"meanings":[],"outputFromProcesses":[]},"labels":[],"proxy":false}}