{"referredEntities":{},"entity":{"typeName":"m4i_field","attributes":{"archimateReference":[],"replicatedTo":null,"replicatedFrom":null,"hasContent":null,"steward":[],"qualifiedName":"cc1--kaf1--kaf1-hr--hourly--cc1--kaf1--kaf1-hr--hourly--oee","source":[],"datasets":[],"parentField":[],"optionalField":null,"name":"cc1--kaf1--kaf1-hr--hourly--oee","definition":null,"attributes":[],"fieldType":"string","childField":[]},"guid":"192d986b-568f-467d-822f-1c95154aa1d5","isIncomplete":false,"provenanceType":0,"status":"ACTIVE","createdBy":"admin","updatedBy":"admin","createTime":1663929263859,"updateTime":1663929263859,"version":0,"relationshipAttributes":{"ArchiMateReference":[],"dataQuality":[],"attributes":[{"guid":"fe67b8cc-a062-4d3b-a4ef-29aa7f82b4dc","typeName":"m4i_data_attribute","entityStatus":"ACTIVE","displayText":"OEE","relationshipType":"m4i_data_attribute_field_assignment","relationshipGuid":"1c33facb-5c65-4ad9-9e7e-bd7beb5f6817","relationshipStatus":"ACTIVE","relationshipAttributes":{"typeName":"m4i_data_attribute_field_assignment"}}],"datasets":[{"guid":"d23a7a85-7666-4726-b1c1-ab85df2f1312","typeName":"m4i_dataset","entityStatus":"ACTIVE","displayText":"hourly","relationshipType":"m4i_field_assignment","relationshipGuid":"3b053677-57b9-4ab3-9999-94e6c70a47d8","relationshipStatus":"ACTIVE","relationshipAttributes":{"typeName":"m4i_field_assignment","attributes":{"typeInformation":null}}}],"source":[],"meanings":[],"parentField":[],"childField":[]},"classifications":[{"typeName":"low_risk","entityGuid":"fe67b8cc-a062-4d3b-a4ef-29aa7f82b4dc","entityStatus":"ACTIVE","propagate":true,"validityPeriods":[],"removePropagationsOnEntityDelete":true}],"labels":[],"proxy":false}}