{"referredEntities":{},"entity":{"typeName":"m4i_gov_data_quality","attributes":{"owner":null,"archimateReference":[],"expression":"conditional_value('target_relationship_type', 'target_typename', {'m4i_data_entity_assignment':'m4i_data_entity'})","replicatedTo":null,"userDescription":null,"replicatedFrom":null,"qualifiedName":"m4i_data_domain--dataEntity--target","displayName":null,"description":null,"active":true,"source":[],"ruleDescription":"dataEntity target type is a m4i_data_entity","nonCompliantMessage":"This entity is missing a target relationship with type m4i_data_entity","ruleType":"relationship","name":"m4i_data_domain--dataEntity--target","compliantMessage":"This entity has a target relationship with type m4i_data_entity","id":7,"qualityDimension":"completeness","expressionVersion":"1"},"guid":"1a18412d-ef7a-4591-82ce-527d79107f31","isIncomplete":false,"provenanceType":0,"status":"ACTIVE","createdBy":"admin","updatedBy":"admin","createTime":1656522427794,"updateTime":1663931063480,"version":0,"relationshipAttributes":{"inputToProcesses":[],"pipeline":null,"schema":[],"ArchiMateReference":[],"model":null,"source":[],"meanings":[],"outputFromProcesses":[]},"labels":[],"proxy":false}}