{"referredEntities":{},"entity":{"typeName":"m4i_gov_data_quality","attributes":{"owner":null,"archimateReference":[],"expression":"conditional_value('target_relationship_type', 'target_typename', {'m4i_kibanaSpace_dashboard_assignment':'m4i_collection'})","replicatedTo":null,"userDescription":null,"replicatedFrom":null,"qualifiedName":"m4i_dataset--kibanaSpace--target","displayName":null,"description":null,"active":true,"source":[],"ruleDescription":"kibanaSpace target relation type is m4i_collection","nonCompliantMessage":"This entity is missing a target relationship with type m4i_collection","ruleType":"relationship","name":"m4i_dataset--kibanaSpace--target","compliantMessage":"This entity has a target relationship with type m4i_collection","id":13,"qualityDimension":"completeness","expressionVersion":"1"},"guid":"1ad6de8f-848d-4b17-9c11-730f80d95295","isIncomplete":false,"provenanceType":0,"status":"ACTIVE","createdBy":"admin","updatedBy":"admin","createTime":1656522427794,"updateTime":1663931063480,"version":0,"relationshipAttributes":{"inputToProcesses":[],"pipeline":null,"schema":[],"ArchiMateReference":[],"model":null,"source":[],"meanings":[],"outputFromProcesses":[]},"labels":[],"proxy":false}}