{"referredEntities":{},"entity":{"typeName":"m4i_gov_data_quality","attributes":{"owner":null,"archimateReference":[],"expression":"completeness('collections')","replicatedTo":null,"userDescription":null,"replicatedFrom":null,"qualifiedName":"m4i_system--collections","displayName":null,"description":null,"active":true,"source":[],"ruleDescription":"collections  is not None and is not empty","nonCompliantMessage":"This entity is missing a collections","ruleType":"attribute","name":"m4i_system--collections","compliantMessage":"This entity has a collections","id":2,"qualityDimension":"completeness","expressionVersion":"1"},"guid":"1afbce14-aebe-4c3f-beba-562ee4aa86b1","isIncomplete":false,"provenanceType":0,"status":"ACTIVE","createdBy":"admin","updatedBy":"admin","createTime":1656522427794,"updateTime":1663931063480,"version":0,"relationshipAttributes":{"inputToProcesses":[],"pipeline":null,"schema":[],"ArchiMateReference":[],"model":null,"source":[],"meanings":[],"outputFromProcesses":[]},"labels":[],"proxy":false}}