{"referredEntities":{},"entity":{"typeName":"m4i_gov_data_quality","attributes":{"owner":null,"archimateReference":[],"expression":"completeness('email')","replicatedTo":null,"userDescription":null,"replicatedFrom":null,"qualifiedName":"m4i_person--email","displayName":null,"description":null,"active":true,"source":[],"ruleDescription":"email is not None and is not empty","nonCompliantMessage":"This entity is missing a name","ruleType":"attribute","name":"m4i_person--email","compliantMessage":"This entity has a name","id":2,"qualityDimension":"completeness","expressionVersion":"1"},"guid":"1b7e2141-638d-4270-906e-a33d0ebb529a","isIncomplete":false,"provenanceType":0,"status":"ACTIVE","createdBy":"admin","updatedBy":"admin","createTime":1656522427794,"updateTime":1663931063480,"version":0,"relationshipAttributes":{"inputToProcesses":[],"pipeline":null,"schema":[],"ArchiMateReference":[],"model":null,"source":[],"meanings":[],"outputFromProcesses":[]},"labels":[],"proxy":false}}