{"referredEntities":{},"entity":{"typeName":"m4i_system","attributes":{"kibanaSpace":[{"guid":"748d58a6-9d7f-4d2d-82e7-0559dd4fdd16","typeName":"m4i_collection","uniqueAttributes":{"qualifiedName":"elas1--kib1-hourly"}},{"guid":"11033796-f85f-409a-8f31-b67ed0996704","typeName":"m4i_collection","uniqueAttributes":{"qualifiedName":"elas1--kib1-hr"}}],"archimateReference":[],"childSystem":[],"replicatedTo":null,"replicatedFrom":null,"qualifiedName":"elas1","source":[],"parentSystem":[],"replicaCount":0,"collections":[],"name":"elas1","definition":null,"shardCount":0},"guid":"1db6be14-690e-4a7d-9d16-ac79ae83edbb","isIncomplete":false,"provenanceType":0,"status":"ACTIVE","createdBy":"admin","updatedBy":"admin","createTime":1656522144099,"updateTime":1663931063480,"version":0,"relationshipAttributes":{"ArchiMateReference":[],"parentSystem":[],"kibanaSpace":[{"guid":"748d58a6-9d7f-4d2d-82e7-0559dd4fdd16","typeName":"m4i_collection","entityStatus":"ACTIVE","displayText":"kib1-hourly","relationshipType":"m4i_collection_assignment","relationshipGuid":"8873b743-5f37-45f5-be92-d60ac1360244","relationshipStatus":"ACTIVE","relationshipAttributes":{"typeName":"m4i_collection_assignment"}},{"guid":"11033796-f85f-409a-8f31-b67ed0996704","typeName":"m4i_collection","entityStatus":"ACTIVE","displayText":"kib1-hr","relationshipType":"m4i_collection_assignment","relationshipGuid":"3923c132-c2ff-4700-ba45-9445e3fd3076","relationshipStatus":"ACTIVE","relationshipAttributes":{"typeName":"m4i_collection_assignment"}}],"childSystem":[],"collections":[{"guid":"748d58a6-9d7f-4d2d-82e7-0559dd4fdd16","typeName":"m4i_collection","entityStatus":"ACTIVE","displayText":"kib1-hourly","relationshipType":"m4i_collection_assignment","relationshipGuid":"750659ab-c338-4af1-891f-40ee49e124e3","relationshipStatus":"ACTIVE","relationshipAttributes":{"typeName":"m4i_collection_assignment"}},{"guid":"13e70e33-8a59-4c1f-a367-228870bed138","typeName":"m4i_collection","entityStatus":"ACTIVE","displayText":"elas1--data","relationshipType":"m4i_collection_assignment","relationshipGuid":"ab4154d5-7a36-47cf-bf7d-ab9655845faa","relationshipStatus":"ACTIVE","relationshipAttributes":{"typeName":"m4i_collection_assignment"}},{"guid":"11033796-f85f-409a-8f31-b67ed0996704","typeName":"m4i_collection","entityStatus":"ACTIVE","displayText":"kib1-hr","relationshipType":"m4i_collection_assignment","relationshipGuid":"08557dd4-a632-41ac-bb6b-e22ee54996ad","relationshipStatus":"ACTIVE","relationshipAttributes":{"typeName":"m4i_collection_assignment"}}],"source":[],"dashboards":[],"meanings":[]},"labels":[],"proxy":false}}