{"referredEntities":{},"entity":{"typeName":"m4i_field","attributes":{"archimateReference":[],"replicatedTo":null,"replicatedFrom":null,"hasContent":null,"steward":[],"qualifiedName":"nl1--nl1hr--nl1hr001--payroll","source":[],"datasets":[{"guid":"c5975c9c-c0ad-46e7-bfb8-a8946980041d","typeName":"m4i_dataset","uniqueAttributes":{"qualifiedName":"nl1--nl1hr--nl1hr001"}}],"parentField":[],"optionalField":null,"name":"PAYROLL","definition":null,"attributes":[{"guid":"6b0e188f-91f0-4f5d-9dd4-cb9fb6c51619","typeName":"m4i_data_attribute","uniqueAttributes":{"qualifiedName":"personnel-and-organization--personnel--external--payroll"}},{"guid":"630f2093-27fd-4454-af91-fc2be86f93e8","typeName":"m4i_data_attribute","uniqueAttributes":{"qualifiedName":"personnel-and-organization--personnel--internal--payroll"}}],"fieldType":"Text","childField":[]},"guid":"1fec5463-2a52-4c6e-840a-7846854d54dc","isIncomplete":false,"provenanceType":0,"status":"ACTIVE","createdBy":"admin","updatedBy":"admin","createTime":1656521969345,"updateTime":1663931063480,"version":0,"relationshipAttributes":{"ArchiMateReference":[],"dataQuality":[{"guid":"a7645f4f-3487-45cc-80cd-5345212f74ed","typeName":"m4i_data_quality","entityStatus":"ACTIVE","displayText":"nl1--nl1hr--nl1hr001--payroll--14","relationshipType":"m4i_data_quality_field_assignment","relationshipGuid":"2c899f83-2ac4-4244-9581-503252d742ef","relationshipStatus":"ACTIVE","relationshipAttributes":{"typeName":"m4i_data_quality_field_assignment"}},{"guid":"c2bf9798-8efc-46ee-9b43-05f5cb74c85e","typeName":"m4i_data_quality","entityStatus":"ACTIVE","displayText":"nl1--nl1hr--nl1hr001--payroll--13","relationshipType":"m4i_data_quality_field_assignment","relationshipGuid":"e33edd14-0a24-47d8-ade7-c5dacf655a05","relationshipStatus":"ACTIVE","relationshipAttributes":{"typeName":"m4i_data_quality_field_assignment"}}],"attributes":[{"guid":"6b0e188f-91f0-4f5d-9dd4-cb9fb6c51619","typeName":"m4i_data_attribute","entityStatus":"ACTIVE","displayText":"Payroll","relationshipType":"m4i_data_attribute_field_assignment","relationshipGuid":"e30d0a89-0fbc-4780-8a26-0a5b692405c7","relationshipStatus":"ACTIVE","relationshipAttributes":{"typeName":"m4i_data_attribute_field_assignment"}},{"guid":"630f2093-27fd-4454-af91-fc2be86f93e8","typeName":"m4i_data_attribute","entityStatus":"ACTIVE","displayText":"Payroll","relationshipType":"m4i_data_attribute_field_assignment","relationshipGuid":"ab899bb6-b774-478a-b8f1-80594853d39e","relationshipStatus":"ACTIVE","relationshipAttributes":{"typeName":"m4i_data_attribute_field_assignment"}}],"datasets":[{"guid":"c5975c9c-c0ad-46e7-bfb8-a8946980041d","typeName":"m4i_dataset","entityStatus":"ACTIVE","displayText":"NL1-HR-001","relationshipType":"m4i_field_assignment","relationshipGuid":"67fbccd6-6e0b-40ac-9ce4-e2384ebc0c11","relationshipStatus":"ACTIVE","relationshipAttributes":{"typeName":"m4i_field_assignment","attributes":{"typeInformation":null}}}],"source":[{"guid":"2bee6dca-fea0-478b-824e-d97365d18bbe","typeName":"m4i_source","entityStatus":"ACTIVE","displayText":"/hr/hr/Data Dictionary_template.xlsm","relationshipType":"m4i_referenceable_source_assignment","relationshipGuid":"267f5bfa-5fa2-4cd4-b081-15cd73e07515","relationshipStatus":"ACTIVE","relationshipAttributes":{"typeName":"m4i_referenceable_source_assignment"}}],"parentField":[],"meanings":[],"childField":[]},"classifications":[{"typeName":"low_risk","entityGuid":"630f2093-27fd-4454-af91-fc2be86f93e8","entityStatus":"ACTIVE","propagate":true,"validityPeriods":[],"removePropagationsOnEntityDelete":true},{"typeName":"low_risk","entityGuid":"6b0e188f-91f0-4f5d-9dd4-cb9fb6c51619","entityStatus":"ACTIVE","propagate":true,"validityPeriods":[],"removePropagationsOnEntityDelete":true},{"typeName":"key_data","entityGuid":"630f2093-27fd-4454-af91-fc2be86f93e8","entityStatus":"ACTIVE","propagate":true,"validityPeriods":[],"removePropagationsOnEntityDelete":true},{"typeName":"key_data","entityGuid":"6b0e188f-91f0-4f5d-9dd4-cb9fb6c51619","entityStatus":"ACTIVE","propagate":true,"validityPeriods":[],"removePropagationsOnEntityDelete":true}],"labels":[],"proxy":false}}