{"referredEntities":{},"entity":{"typeName":"m4i_gov_data_quality","attributes":{"owner":null,"archimateReference":[],"expression":"completeness('name')","replicatedTo":null,"userDescription":null,"replicatedFrom":null,"qualifiedName":"m4i_field--name","displayName":null,"description":null,"active":true,"source":[],"ruleDescription":"name is not None and is not empty","nonCompliantMessage":"This entity is missing a name","ruleType":"attribute","name":"m4i_field--name","compliantMessage":"This entity has a name","id":1,"qualityDimension":"completeness","expressionVersion":"1"},"guid":"21d85da9-1e9a-44ea-8ba2-5db71948a8f8","isIncomplete":false,"provenanceType":0,"status":"ACTIVE","createdBy":"admin","updatedBy":"admin","createTime":1656522427794,"updateTime":1663931063480,"version":0,"relationshipAttributes":{"inputToProcesses":[],"pipeline":null,"schema":[],"ArchiMateReference":[],"model":null,"source":[],"meanings":[],"outputFromProcesses":[]},"labels":[],"proxy":false}}