{"referredEntities":{},"entity":{"typeName":"m4i_dataset","attributes":{"owner":null,"creator":[],"archimateReference":[],"replicatedTo":null,"userDescription":null,"replicatedFrom":null,"qualifiedName":"kib1-hourly-table","displayName":null,"description":null,"visualizationType":null,"source":[],"parentDataset":[],"type":"visualization","version":"1.0.0","childDataset":[],"collections":[],"name":"table","definition":null,"fields":[],"updatedAt":"6-28-2020"},"guid":"2337c1fc-e3d7-4e04-a5f5-181df03e113d","isIncomplete":false,"provenanceType":0,"status":"ACTIVE","createdBy":"admin","updatedBy":"admin","createTime":1663930560591,"updateTime":1663931063480,"version":0,"relationshipAttributes":{"inputToProcesses":[{"guid":"6545daf7-6f7a-4cbe-8be5-3c25582204e3","typeName":"m4i_generic_process","entityStatus":"ACTIVE","displayText":"Used in change dashboard","relationshipType":"dataset_process_inputs","relationshipGuid":"d0c58eac-9c4c-4749-8d11-c59b735ab843","relationshipStatus":"ACTIVE","relationshipAttributes":{"typeName":"dataset_process_inputs"}}],"schema":[],"ArchiMateReference":[],"creator":[],"source":[],"parentDataset":[{"guid":"1c04ab3e-f885-4264-a32f-32321df38ecf","typeName":"m4i_dataset","entityStatus":"ACTIVE","displayText":"plant hourly dashboard","relationshipType":"m4i_dataset_parent_assignment","relationshipGuid":"27be9708-8161-4868-b887-905edefde3c3","relationshipStatus":"ACTIVE","relationshipAttributes":{"typeName":"m4i_dataset_parent_assignment"}}],"meanings":[],"pipeline":null,"childDataset":[{"guid":"a3d5ab59-783e-4bdb-868d-bfff41181745","typeName":"m4i_dataset","entityStatus":"ACTIVE","displayText":"plant hourly","relationshipType":"m4i_dataset_parent_assignment","relationshipGuid":"310b7d43-06df-4b7d-8919-18e27e50ebdb","relationshipStatus":"ACTIVE","relationshipAttributes":{"typeName":"m4i_dataset_parent_assignment"}}],"collections":[],"model":null,"fields":[],"outputFromProcesses":[{"guid":"7e8cdb5d-ce8b-462e-b56b-4da6aa829645","typeName":"m4i_generic_process","entityStatus":"ACTIVE","displayText":"Used in table visualization","relationshipType":"process_dataset_outputs","relationshipGuid":"6a1e7a81-a07c-45c7-a186-b918c634797f","relationshipStatus":"ACTIVE","relationshipAttributes":{"typeName":"process_dataset_outputs"}}]},"labels":[],"proxy":false}}