{"referredEntities":{},"entity":{"typeName":"m4i_generic_process","attributes":{"owner":null,"outputs":[{"guid":"d830db18-40ab-4d4e-ac1d-d2ff085915cf","typeName":"m4i_dataset","uniqueAttributes":{"qualifiedName":"kib1-hr-bar-graph"}}],"archimateReference":[],"replicatedTo":null,"userDescription":null,"replicatedFrom":null,"qualifiedName":"kib1-hr-change-index--kib1-hr-bar-graph","displayName":null,"inputs":[{"guid":"e4cb40df-f287-4ce0-9819-303995c50949","typeName":"m4i_dataset","uniqueAttributes":{"qualifiedName":"kib1-hr-change-index"}}],"description":null,"source":[],"processOwner":[],"name":"Used in bar visualization"},"guid":"2351f3f3-f117-4fe7-9637-bc3e5860c0a5","isIncomplete":false,"provenanceType":0,"status":"ACTIVE","createdBy":"admin","updatedBy":"admin","createTime":1656522288904,"updateTime":1663931063480,"version":0,"relationshipAttributes":{"outputs":[{"guid":"d830db18-40ab-4d4e-ac1d-d2ff085915cf","typeName":"m4i_dataset","entityStatus":"ACTIVE","displayText":"bar-graph","relationshipType":"process_dataset_outputs","relationshipGuid":"23affd2e-2ff1-4284-918d-85e8794f93f4","relationshipStatus":"ACTIVE","relationshipAttributes":{"typeName":"process_dataset_outputs"}}],"ArchiMateReference":[],"processOwner":[],"inputs":[{"guid":"e4cb40df-f287-4ce0-9819-303995c50949","typeName":"m4i_dataset","entityStatus":"ACTIVE","displayText":"change-index","relationshipType":"dataset_process_inputs","relationshipGuid":"4bc15530-9422-46eb-a5eb-39a1ee5d5bb8","relationshipStatus":"ACTIVE","relationshipAttributes":{"typeName":"dataset_process_inputs"}}],"source":[],"meanings":[]},"labels":[],"proxy":false}}