{"referredEntities":{},"entity":{"typeName":"m4i_gov_data_quality","attributes":{"owner":null,"archimateReference":[],"expression":"completeness('dataEntity')","replicatedTo":null,"userDescription":null,"replicatedFrom":null,"qualifiedName":"m4i_data_domain--dataEntity","displayName":null,"description":null,"active":true,"source":[],"ruleDescription":"dataEntity is not None and is not empty","nonCompliantMessage":"This entity is missing a dataEntity","ruleType":"attribute","name":"m4i_data_domain--dataEntity","compliantMessage":"This entity has a dataEntity","id":4,"qualityDimension":"completeness","expressionVersion":"1"},"guid":"261ffe99-fdbb-456f-8e6c-6fad87c448df","isIncomplete":false,"provenanceType":0,"status":"ACTIVE","createdBy":"admin","updatedBy":"admin","createTime":1656522427794,"updateTime":1663931063480,"version":0,"relationshipAttributes":{"inputToProcesses":[],"pipeline":null,"schema":[],"ArchiMateReference":[],"model":null,"source":[],"meanings":[],"outputFromProcesses":[]},"labels":[],"proxy":false}}