{"referredEntities":{},"entity":{"typeName":"m4i_data_quality","attributes":{"owner":null,"archimateReference":[],"expression":"Completeness('plantid')","replicatedTo":null,"userDescription":null,"replicatedFrom":null,"qualifiedName":"nl3--nl3plant--nl3plant001--plantid--12","displayName":null,"description":null,"active":true,"source":[],"businessRuleDescription":"","ruleDescription":"This field must be filled at all times","name":"nl3--nl3plant--nl3plant001--plantid--12","filterRequired":true,"id":12,"qualityDimension":"Completeness","expressionVersion":"","fields":[{"guid":"a2ff476f-4e6b-4a14-97b6-02f478385210","typeName":"m4i_field","uniqueAttributes":{"qualifiedName":"nl3--nl3plant--nl3plant001--plantid"}}]},"guid":"273ccea2-345d-4944-b06a-a1f4ca79c02e","isIncomplete":false,"status":"ACTIVE","createdBy":"admin","updatedBy":"admin","createTime":1666701543730,"updateTime":1666701543730,"version":0,"relationshipAttributes":{"inputToProcesses":[],"pipeline":null,"schema":[],"ArchiMateReference":[],"model":null,"source":[{"guid":"76c08811-3d6f-4c96-8716-d1c2eea338ca","typeName":"m4i_source","entityStatus":"ACTIVE","displayText":"Plant","relationshipType":"m4i_referenceable_source_assignment","relationshipGuid":"e3fc62c1-2ca5-4f73-bdd1-4db9bf490cc2","relationshipStatus":"ACTIVE","relationshipAttributes":{"typeName":"m4i_referenceable_source_assignment"}}],"fields":[{"guid":"a2ff476f-4e6b-4a14-97b6-02f478385210","typeName":"m4i_field","entityStatus":"ACTIVE","displayText":"PlantId","relationshipType":"m4i_data_quality_field_assignment","relationshipGuid":"f2e0b388-6b39-4582-993e-4fef944f2255","relationshipStatus":"ACTIVE","relationshipAttributes":{"typeName":"m4i_data_quality_field_assignment"}}],"meanings":[],"outputFromProcesses":[]},"labels":[]}}