{"referredEntities":{},"entity":{"typeName":"m4i_gov_data_quality","attributes":{"owner":null,"archimateReference":[],"expression":"conditional_value('target_relationship_type', 'source_typename', {'m4i_system_assignment':'m4i_system'})","replicatedTo":null,"userDescription":null,"replicatedFrom":null,"qualifiedName":"m4i_system--clusters--source","displayName":null,"description":null,"active":true,"source":[],"ruleDescription":"clusters source relation type is m4i_system","nonCompliantMessage":"This entity is missing a source relationship type as m4i_system","ruleType":"relationship","name":"m4i_system--clusters--source","compliantMessage":"This entity has a source relationship type as m4i_system","id":7,"qualityDimension":"completeness","expressionVersion":"1"},"guid":"2aff6737-7772-4427-b73a-7779ea768c7f","isIncomplete":false,"provenanceType":0,"status":"ACTIVE","createdBy":"admin","updatedBy":"admin","createTime":1656522427794,"updateTime":1663931063480,"version":0,"relationshipAttributes":{"inputToProcesses":[],"pipeline":null,"schema":[],"ArchiMateReference":[],"model":null,"source":[],"meanings":[],"outputFromProcesses":[]},"labels":[],"proxy":false}}