{"referredEntities":{},"entity":{"typeName":"m4i_generic_process","attributes":{"owner":null,"outputs":[{"guid":"1c04ab3e-f885-4264-a32f-32321df38ecf","typeName":"m4i_dataset","uniqueAttributes":{"qualifiedName":"kib1-hourly-dashboard"}}],"archimateReference":[],"replicatedTo":null,"userDescription":null,"replicatedFrom":null,"qualifiedName":"kib1-hourly-bar-graph--kib1-hourly-change-dashboard","displayName":null,"inputs":[{"guid":"cdcd293d-2236-47a9-b3b4-9c0d130c7f30","typeName":"m4i_dataset","uniqueAttributes":{"qualifiedName":"kib1-hourly-bar-graph"}}],"description":null,"source":[],"processOwner":[],"name":"Used in change dashboard"},"guid":"2cde0b17-bdd0-46b3-abf1-87b98ca2042c","isIncomplete":false,"provenanceType":0,"status":"ACTIVE","createdBy":"admin","updatedBy":"admin","createTime":1663930642229,"updateTime":1663931063480,"version":0,"relationshipAttributes":{"outputs":[{"guid":"1c04ab3e-f885-4264-a32f-32321df38ecf","typeName":"m4i_dataset","entityStatus":"ACTIVE","displayText":"plant hourly dashboard","relationshipType":"process_dataset_outputs","relationshipGuid":"cce4ecb5-b9e1-4ed9-b63b-ca1b56c0f478","relationshipStatus":"ACTIVE","relationshipAttributes":{"typeName":"process_dataset_outputs"}}],"ArchiMateReference":[],"processOwner":[],"inputs":[{"guid":"cdcd293d-2236-47a9-b3b4-9c0d130c7f30","typeName":"m4i_dataset","entityStatus":"ACTIVE","displayText":"bar-graph","relationshipType":"dataset_process_inputs","relationshipGuid":"e5502839-fcde-43cd-8375-f61abbcb3338","relationshipStatus":"ACTIVE","relationshipAttributes":{"typeName":"dataset_process_inputs"}}],"source":[],"meanings":[]},"labels":[],"proxy":false}}