{"referredEntities":{},"entity":{"typeName":"m4i_data_attribute","attributes":{"archimateReference":[],"replicatedTo":null,"replicatedFrom":null,"steward":[{"guid":"899e3e6a-134f-40ec-b9ab-a95282fa8afc","typeName":"m4i_person","uniqueAttributes":{"qualifiedName":"gerrit.lorenz@email.com","email":"gerrit.lorenz@email.com"}}],"qualifiedName":"finance--cost-centre--const-center-employee","dataEntity":[{"guid":"114af845-1ccc-4534-a1f2-45f136959c6e","typeName":"m4i_data_entity","uniqueAttributes":{"qualifiedName":"finance--cost-centre"}}],"source":[],"isKeyData":"Yes","hasPII":null,"attributeType":"Text","name":"Const Center Employee","definition":"This attribute describes the code for accounting and controlling purposes to which costs can relate.","riskClassification":"Low","fields":[{"guid":"f5a28b80-cb8c-474c-b699-cc68b2159c3d","typeName":"m4i_field","uniqueAttributes":{"qualifiedName":"nl1--nl1hr--nl1hr001--cc_employee"}},{"guid":"ce1c7050-703d-407f-af97-9bbc8e9eed37","typeName":"m4i_field","uniqueAttributes":{"qualifiedName":"elas1--hr--CC_EMPLOYEE"}},{"guid":"11bc66db-5593-4214-a9e9-74fb7aaf7f8d","typeName":"m4i_field","uniqueAttributes":{"qualifiedName":"cc1--kaf1--kaf1-hr--change-event--payload--payload--cc_employee"}}],"businessOwner":[{"guid":"2b4f65a9-53ce-468f-9568-51c52c13ecf4","typeName":"m4i_person","uniqueAttributes":{"qualifiedName":"ava.ross@email.com","email":"ava.ross@email.com"}}]},"guid":"2f112ea8-8d2e-4539-a4f2-7da2af924d77","isIncomplete":false,"provenanceType":0,"status":"ACTIVE","createdBy":"admin","updatedBy":"admin","createTime":1656521955001,"updateTime":1663931063480,"version":0,"relationshipAttributes":{"ArchiMateReference":[],"steward":[{"guid":"899e3e6a-134f-40ec-b9ab-a95282fa8afc","typeName":"m4i_person","entityStatus":"ACTIVE","displayText":"Gerrit Lorenz","relationshipType":"m4i_data_attribute_steward_assignment","relationshipGuid":"f0e0b11e-10a9-4829-b032-0657795f84ad","relationshipStatus":"ACTIVE","relationshipAttributes":{"typeName":"m4i_data_attribute_steward_assignment"}}],"dataEntity":[{"guid":"114af845-1ccc-4534-a1f2-45f136959c6e","typeName":"m4i_data_entity","entityStatus":"ACTIVE","displayText":"Cost Centre","relationshipType":"m4i_data_entity_attribute_assignment","relationshipGuid":"f18d6486-50a3-46a3-8357-8e49f462c809","relationshipStatus":"ACTIVE","relationshipAttributes":{"typeName":"m4i_data_entity_attribute_assignment"}}],"source":[{"guid":"2bee6dca-fea0-478b-824e-d97365d18bbe","typeName":"m4i_source","entityStatus":"ACTIVE","displayText":"/hr/hr/Data Dictionary_template.xlsm","relationshipType":"m4i_referenceable_source_assignment","relationshipGuid":"994c4de5-a9b6-4fc9-ba53-e002dda88525","relationshipStatus":"ACTIVE","relationshipAttributes":{"typeName":"m4i_referenceable_source_assignment"}}],"fields":[{"guid":"f5a28b80-cb8c-474c-b699-cc68b2159c3d","typeName":"m4i_field","entityStatus":"ACTIVE","displayText":"CC_EMPLOYEE","relationshipType":"m4i_data_attribute_field_assignment","relationshipGuid":"8afb0948-6afa-4135-9c5b-b8b33d76dd92","relationshipStatus":"ACTIVE","relationshipAttributes":{"typeName":"m4i_data_attribute_field_assignment"}},{"guid":"11bc66db-5593-4214-a9e9-74fb7aaf7f8d","typeName":"m4i_field","entityStatus":"ACTIVE","displayText":"CC_EMPLOYEE","relationshipType":"m4i_data_attribute_field_assignment","relationshipGuid":"e00e8b15-6ecc-4faa-9c71-ecbb3b149906","relationshipStatus":"ACTIVE","relationshipAttributes":{"typeName":"m4i_data_attribute_field_assignment"}},{"guid":"ce1c7050-703d-407f-af97-9bbc8e9eed37","typeName":"m4i_field","entityStatus":"ACTIVE","displayText":"CC_EMPLOYEE","relationshipType":"m4i_data_attribute_field_assignment","relationshipGuid":"e5d0eaf5-c1e7-40a5-89b7-2c80ef5d8616","relationshipStatus":"ACTIVE","relationshipAttributes":{"typeName":"m4i_data_attribute_field_assignment"}}],"businessOwner":[{"guid":"2b4f65a9-53ce-468f-9568-51c52c13ecf4","typeName":"m4i_person","entityStatus":"ACTIVE","displayText":"Ava Ross","relationshipType":"m4i_data_attribute_business_owner_assignment","relationshipGuid":"f1db84de-8da5-4c29-8569-0127d45a5ed4","relationshipStatus":"ACTIVE","relationshipAttributes":{"typeName":"m4i_data_attribute_business_owner_assignment"}}],"meanings":[]},"classifications":[{"typeName":"low_risk","entityGuid":"2f112ea8-8d2e-4539-a4f2-7da2af924d77","entityStatus":"ACTIVE","propagate":true,"validityPeriods":[],"removePropagationsOnEntityDelete":true},{"typeName":"key_data","entityGuid":"2f112ea8-8d2e-4539-a4f2-7da2af924d77","entityStatus":"ACTIVE","propagate":true,"validityPeriods":[],"removePropagationsOnEntityDelete":true}],"labels":[],"proxy":false}}