{"referredEntities":{},"entity":{"typeName":"m4i_gov_data_quality","attributes":{"owner":null,"archimateReference":[],"expression":"completeness('replicas')","replicatedTo":null,"userDescription":null,"replicatedFrom":null,"qualifiedName":"m4i_dataset--replicas","displayName":null,"description":null,"active":true,"source":[],"ruleDescription":"replicas is not None and is not empty","nonCompliantMessage":"This entity is missing a replicas","ruleType":"attribute","name":"m4i_dataset--replicas","compliantMessage":"This entity has a replicas","id":2,"qualityDimension":"completeness","expressionVersion":"1"},"guid":"30ba6684-eced-4715-8352-1663040dab2d","isIncomplete":false,"provenanceType":0,"status":"ACTIVE","createdBy":"admin","updatedBy":"admin","createTime":1656522427794,"updateTime":1663931063480,"version":0,"relationshipAttributes":{"inputToProcesses":[],"pipeline":null,"schema":[],"ArchiMateReference":[],"model":null,"source":[],"meanings":[],"outputFromProcesses":[]},"labels":[],"proxy":false}}