{
  "referredEntities": {},
  "entity": {
    "typeName": "m4i_data_quality",
    "attributes": {
      "owner": null,
      "archimateReference": [],
      "expression": "completeness('BASKET_ORG')",
      "replicatedTo": null,
      "userDescription": null,
      "replicatedFrom": null,
      "qualifiedName": "nl1--nl1hr--nl1hr001--basket--23",
      "displayName": null,
      "description": null,
      "active": true,
      "source": [],
      "businessRuleDescription": "",
      "ruleDescription": "This field has to be filled at all times",
      "name": "nl1--nl1hr--nl1hr001--basket--23",
      "filterRequired": true,
      "id": 23,
      "qualityDimension": "Completeness",
      "expressionVersion": "1",
      "fields": [
        {
          "guid": "1bfbe44b-f4a4-4120-88ad-2fa05c15188e",
          "typeName": "m4i_field",
          "uniqueAttributes": {
            "qualifiedName": "nl1--nl1hr--nl1hr001--basket"
          }
        }
      ]
    },
    "guid": "32b94c8c-ff45-4a1e-9114-833a2789b599",
    "isIncomplete": false,
    "provenanceType": 0,
    "status": "ACTIVE",
    "createdBy": "admin",
    "updatedBy": "admin",
    "createTime": 1656522080758,
    "updateTime": 1663931063480,
    "version": 0,
    "relationshipAttributes": {
      "inputToProcesses": [],
      "pipeline": null,
      "schema": [],
      "ArchiMateReference": [],
      "model": null,
      "source": [
        {
          "guid": "2bee6dca-fea0-478b-824e-d97365d18bbe",
          "typeName": "m4i_source",
          "entityStatus": "ACTIVE",
          "displayText": "/hr/hr/Data Dictionary_template.xlsm",
          "relationshipType": "m4i_referenceable_source_assignment",
          "relationshipGuid": "e136a031-b7d5-4462-9f85-7d3d085981cd",
          "relationshipStatus": "ACTIVE",
          "relationshipAttributes": {
            "typeName": "m4i_referenceable_source_assignment"
          }
        }
      ],
      "fields": [
        {
          "guid": "1bfbe44b-f4a4-4120-88ad-2fa05c15188e",
          "typeName": "m4i_field",
          "entityStatus": "ACTIVE",
          "displayText": "BASKET",
          "relationshipType": "m4i_data_quality_field_assignment",
          "relationshipGuid": "61835053-2818-409c-9f7b-ea3f61dc9852",
          "relationshipStatus": "ACTIVE",
          "relationshipAttributes": {
            "typeName": "m4i_data_quality_field_assignment"
          }
        }
      ],
      "meanings": [],
      "outputFromProcesses": []
    },
    "labels": [],
    "proxy": false
  }
}