{"referredEntities":{},"entity":{"typeName":"m4i_field","attributes":{"archimateReference":[],"replicatedTo":null,"replicatedFrom":null,"hasContent":null,"steward":[],"qualifiedName":"elas1--hourly--workorderid","source":[],"datasets":[],"parentField":[],"optionalField":null,"name":"workorderid","definition":null,"attributes":[],"fieldType":"keyword","childField":[]},"guid":"34d484a1-e210-4f2a-a2a5-e85f4a895ee1","isIncomplete":false,"provenanceType":0,"status":"ACTIVE","createdBy":"admin","updatedBy":"admin","createTime":1663930105074,"updateTime":1663930105074,"version":0,"relationshipAttributes":{"ArchiMateReference":[],"dataQuality":[],"attributes":[{"guid":"8d6858eb-dabe-4d62-b415-2be534b0e923","typeName":"m4i_data_attribute","entityStatus":"ACTIVE","displayText":"WorkOrderId","relationshipType":"m4i_data_attribute_field_assignment","relationshipGuid":"3dda265b-89d7-4fd1-aa95-863d8743c332","relationshipStatus":"ACTIVE","relationshipAttributes":{"typeName":"m4i_data_attribute_field_assignment"}}],"datasets":[{"guid":"8e146f38-013e-4935-84aa-8d59a5539d3d","typeName":"m4i_dataset","entityStatus":"ACTIVE","displayText":"hourly","relationshipType":"m4i_field_assignment","relationshipGuid":"618f404d-2d8a-4920-a817-d3a5913a2fb6","relationshipStatus":"ACTIVE","relationshipAttributes":{"typeName":"m4i_field_assignment","attributes":{"typeInformation":null}}}],"source":[],"meanings":[],"parentField":[],"childField":[]},"classifications":[{"typeName":"low_risk","entityGuid":"8d6858eb-dabe-4d62-b415-2be534b0e923","entityStatus":"ACTIVE","propagate":true,"validityPeriods":[],"removePropagationsOnEntityDelete":true}],"labels":[],"proxy":false}}