{"referredEntities":{},"entity":{"typeName":"m4i_field","attributes":{"archimateReference":[],"replicatedTo":null,"replicatedFrom":null,"hasContent":null,"steward":[],"qualifiedName":"cc1--kaf1--kaf1-hr--change-event--payload--payload--people_group","source":[],"datasets":[],"parentField":[],"optionalField":null,"name":"PEOPLE_GROUP","definition":null,"attributes":[],"fieldType":"string","childField":[]},"guid":"38350bae-4d14-4988-8259-798e07372cb3","isIncomplete":false,"provenanceType":0,"status":"ACTIVE","createdBy":"admin","updatedBy":"admin","createTime":1656522102741,"updateTime":1663931063480,"version":0,"relationshipAttributes":{"ArchiMateReference":[],"dataQuality":[],"attributes":[{"guid":"a017e19f-e150-4dda-b73f-2d135dd07d06","typeName":"m4i_data_attribute","entityStatus":"ACTIVE","displayText":"People Group","relationshipType":"m4i_data_attribute_field_assignment","relationshipGuid":"65d848a6-555d-416a-ad68-0cf8cd99dd93","relationshipStatus":"ACTIVE","relationshipAttributes":{"typeName":"m4i_data_attribute_field_assignment"}},{"guid":"39496a21-bf35-4d73-b18f-13f03fc31cde","typeName":"m4i_data_attribute","entityStatus":"ACTIVE","displayText":"People Group","relationshipType":"m4i_data_attribute_field_assignment","relationshipGuid":"caa3b423-9c0a-4c47-b4d0-c4cc39e4a35a","relationshipStatus":"ACTIVE","relationshipAttributes":{"typeName":"m4i_data_attribute_field_assignment"}}],"datasets":[],"source":[],"meanings":[],"parentField":[{"guid":"c662301f-a509-47bf-9a4b-279f6b0bb7ec","typeName":"m4i_field","entityStatus":"ACTIVE","displayText":"payload","relationshipType":"m4i_field_parent_assignment","relationshipGuid":"616fc39f-51e2-4fc0-b9d1-246fd0d5263f","relationshipStatus":"ACTIVE","relationshipAttributes":{"typeName":"m4i_field_parent_assignment"}}],"childField":[]},"classifications":[{"typeName":"key_data","entityGuid":"a017e19f-e150-4dda-b73f-2d135dd07d06","entityStatus":"ACTIVE","propagate":true,"validityPeriods":[],"removePropagationsOnEntityDelete":true},{"typeName":"key_data","entityGuid":"39496a21-bf35-4d73-b18f-13f03fc31cde","entityStatus":"ACTIVE","propagate":true,"validityPeriods":[],"removePropagationsOnEntityDelete":true},{"typeName":"low_risk","entityGuid":"a017e19f-e150-4dda-b73f-2d135dd07d06","entityStatus":"ACTIVE","propagate":true,"validityPeriods":[],"removePropagationsOnEntityDelete":true},{"typeName":"low_risk","entityGuid":"39496a21-bf35-4d73-b18f-13f03fc31cde","entityStatus":"ACTIVE","propagate":true,"validityPeriods":[],"removePropagationsOnEntityDelete":true}],"labels":[],"proxy":false}}