{"referredEntities":{},"entity":{"typeName":"m4i_data_attribute","attributes":{"archimateReference":[],"replicatedTo":null,"replicatedFrom":null,"steward":[{"guid":"265dad2b-2fc0-44c3-a828-06476d5f1e38","typeName":"m4i_person","uniqueAttributes":{"qualifiedName":"iris.jacobs@email.com","email":"iris.jacobs@email.com"}}],"qualifiedName":"plant-data--hourly-data--hour","dataEntity":[{"guid":"19736d3b-e7c6-4f95-8ce6-a6f215eff467","typeName":"m4i_data_entity","uniqueAttributes":{"qualifiedName":"plant-data--hourly-data"}}],"source":[],"isKeyData":"Internal","hasPII":null,"attributeType":"Numeric","name":"Hour","definition":"This attribute yields the hour belonging to the record","riskClassification":"Low","fields":[{"guid":"39c34224-1db0-4d5a-b546-b94c2fb1a95e","typeName":"m4i_field","uniqueAttributes":{"qualifiedName":"nl3--nl3plant--nl3plant001--hour"}},{"guid":"cb60b492-a2e3-497f-8c17-c6706bf207b5","typeName":"m4i_field","uniqueAttributes":{"qualifiedName":"elas1--hourly--hour"}},{"guid":"fa1cc6b8-acdc-4485-b47a-98edfe95ae6e","typeName":"m4i_field","uniqueAttributes":{"qualifiedName":"cc1--kaf1--kaf1-hr--hourly--cc1--kaf1--kaf1-hr--hourly--hour"}}],"businessOwner":[{"guid":"dc408458-fd6d-4080-a324-9900585d1146","typeName":"m4i_person","uniqueAttributes":{"qualifiedName":"jane.martens@email.com","email":"jane.martens@email.com"}}]},"guid":"387218d7-cfc9-4540-90cf-0c8b10caefce","isIncomplete":false,"provenanceType":0,"status":"ACTIVE","createdBy":"admin","updatedBy":"admin","createTime":1656521955001,"updateTime":1663930105074,"version":0,"relationshipAttributes":{"ArchiMateReference":[],"steward":[{"guid":"265dad2b-2fc0-44c3-a828-06476d5f1e38","typeName":"m4i_person","entityStatus":"ACTIVE","displayText":"Iris Jacobs","relationshipType":"m4i_data_attribute_steward_assignment","relationshipGuid":"9a092cb7-4df5-4f93-a815-21afd1c64c91","relationshipStatus":"ACTIVE","relationshipAttributes":{"typeName":"m4i_data_attribute_steward_assignment"}}],"dataEntity":[{"guid":"19736d3b-e7c6-4f95-8ce6-a6f215eff467","typeName":"m4i_data_entity","entityStatus":"ACTIVE","displayText":"hourly data","relationshipType":"m4i_data_entity_attribute_assignment","relationshipGuid":"09e8d959-f8ef-4706-b787-d30d20c1669a","relationshipStatus":"ACTIVE","relationshipAttributes":{"typeName":"m4i_data_entity_attribute_assignment"}}],"source":[{"guid":"2bee6dca-fea0-478b-824e-d97365d18bbe","typeName":"m4i_source","entityStatus":"ACTIVE","displayText":"/hr/hr/Data Dictionary_template.xlsm","relationshipType":"m4i_referenceable_source_assignment","relationshipGuid":"f1b5eea3-f8b9-41d0-8984-42ab0c765a40","relationshipStatus":"ACTIVE","relationshipAttributes":{"typeName":"m4i_referenceable_source_assignment"}}],"fields":[{"guid":"39c34224-1db0-4d5a-b546-b94c2fb1a95e","typeName":"m4i_field","entityStatus":"ACTIVE","displayText":"Hour","relationshipType":"m4i_data_attribute_field_assignment","relationshipGuid":"47d0ab61-255f-4c23-9e02-0e3f73ed2e9d","relationshipStatus":"ACTIVE","relationshipAttributes":{"typeName":"m4i_data_attribute_field_assignment"}},{"guid":"cb60b492-a2e3-497f-8c17-c6706bf207b5","typeName":"m4i_field","entityStatus":"ACTIVE","displayText":"hour","relationshipType":"m4i_data_attribute_field_assignment","relationshipGuid":"48a7b87d-d66b-4225-ad07-ba01643004a1","relationshipStatus":"ACTIVE","relationshipAttributes":{"typeName":"m4i_data_attribute_field_assignment"}},{"guid":"fa1cc6b8-acdc-4485-b47a-98edfe95ae6e","typeName":"m4i_field","entityStatus":"ACTIVE","displayText":"cc1--kaf1--kaf1-hr--hourly--hour","relationshipType":"m4i_data_attribute_field_assignment","relationshipGuid":"8d717d8f-c932-4478-922f-03ca2d401fc4","relationshipStatus":"ACTIVE","relationshipAttributes":{"typeName":"m4i_data_attribute_field_assignment"}}],"businessOwner":[{"guid":"dc408458-fd6d-4080-a324-9900585d1146","typeName":"m4i_person","entityStatus":"ACTIVE","displayText":"Jane Martens","relationshipType":"m4i_data_attribute_business_owner_assignment","relationshipGuid":"3b78366b-e588-421d-891d-648b7d7b8969","relationshipStatus":"ACTIVE","relationshipAttributes":{"typeName":"m4i_data_attribute_business_owner_assignment"}}],"meanings":[]},"classifications":[{"typeName":"low_risk","entityGuid":"387218d7-cfc9-4540-90cf-0c8b10caefce","entityStatus":"ACTIVE","propagate":true,"validityPeriods":[],"removePropagationsOnEntityDelete":true}],"labels":[],"proxy":false}}