{"referredEntities":{},"entity":{"typeName":"m4i_data_domain","attributes":{"archimateReference":[],"replicatedTo":null,"replicatedFrom":null,"qualifiedName":"procurement","domainLead":[{"guid":"0fca0de9-e613-4530-896b-fb3a54d6208c","typeName":"m4i_person","uniqueAttributes":{"qualifiedName":"sterre.vanloon@email.com","email":"sterre.vanloon@email.com"}}],"name":"Procurement","dataEntity":[{"guid":"97e544aa-47c6-4326-8975-76df2203f39d","typeName":"m4i_data_entity","uniqueAttributes":{"qualifiedName":"procurement--company-contacts"}},{"guid":"0ed13fa1-bbce-4368-adee-8199e4266463","typeName":"m4i_data_entity","uniqueAttributes":{"qualifiedName":"procurement--company-information"}}],"definition":"This data domain contains procuremnet and supplier data that can offer products/service ","source":[]},"guid":"393d8dde-964a-4586-8202-fc984cd16f2a","isIncomplete":false,"provenanceType":0,"status":"ACTIVE","createdBy":"admin","updatedBy":"admin","createTime":1656521947184,"updateTime":1663931063480,"version":0,"relationshipAttributes":{"ArchiMateReference":[],"domainLead":[{"guid":"0fca0de9-e613-4530-896b-fb3a54d6208c","typeName":"m4i_person","entityStatus":"ACTIVE","displayText":"Sterre van Loon","relationshipType":"m4i_domainLead_assignment","relationshipGuid":"33674723-b0da-462e-9582-1a8dc913235c","relationshipStatus":"ACTIVE","relationshipAttributes":{"typeName":"m4i_domainLead_assignment"}}],"dataEntity":[{"guid":"97e544aa-47c6-4326-8975-76df2203f39d","typeName":"m4i_data_entity","entityStatus":"ACTIVE","displayText":"Company Contacts","relationshipType":"m4i_data_entity_assignment","relationshipGuid":"4871738b-ccfd-41d1-97cd-c286a9e67b82","relationshipStatus":"ACTIVE","relationshipAttributes":{"typeName":"m4i_data_entity_assignment"}},{"guid":"0ed13fa1-bbce-4368-adee-8199e4266463","typeName":"m4i_data_entity","entityStatus":"ACTIVE","displayText":"Company Information","relationshipType":"m4i_data_entity_assignment","relationshipGuid":"ed8bda8f-fef2-4ec5-b4b8-eba30ab73ebf","relationshipStatus":"ACTIVE","relationshipAttributes":{"typeName":"m4i_data_entity_assignment"}}],"source":[{"guid":"2bee6dca-fea0-478b-824e-d97365d18bbe","typeName":"m4i_source","entityStatus":"ACTIVE","displayText":"/hr/hr/Data Dictionary_template.xlsm","relationshipType":"m4i_referenceable_source_assignment","relationshipGuid":"2b35d008-852a-42b4-9f44-e52a652d7a95","relationshipStatus":"ACTIVE","relationshipAttributes":{"typeName":"m4i_referenceable_source_assignment"}}],"meanings":[]},"labels":[],"proxy":false}}