{"referredEntities":{},"entity":{"typeName":"m4i_dataset","attributes":{"owner":null,"archimateReference":[],"replicatedTo":null,"userDescription":null,"replicatedFrom":null,"qualifiedName":"elas1--hr","displayName":null,"description":null,"source":[],"parentDataset":[],"childDataset":[],"collections":[],"name":"hr","definition":null,"fields":[]},"guid":"3a9efda8-6721-4aaa-a71d-cf00349895fd","isIncomplete":false,"provenanceType":0,"status":"ACTIVE","createdBy":"admin","updatedBy":"admin","createTime":1656522169104,"updateTime":1663931063480,"version":0,"relationshipAttributes":{"inputToProcesses":[{"guid":"f1245447-177d-4cb4-848d-45931ee2443b","typeName":"m4i_generic_process","entityStatus":"ACTIVE","displayText":"Queried for","relationshipType":"dataset_process_inputs","relationshipGuid":"1efe1f81-0685-46e2-af85-ef99b5a069e7","relationshipStatus":"ACTIVE","relationshipAttributes":{"typeName":"dataset_process_inputs"}}],"pipeline":null,"schema":[],"ArchiMateReference":[],"childDataset":[],"collections":[{"guid":"13e70e33-8a59-4c1f-a367-228870bed138","typeName":"m4i_collection","entityStatus":"ACTIVE","displayText":"elas1--data","relationshipType":"m4i_dataset_assignment","relationshipGuid":"3f751389-65f5-49f1-8c21-ddae3d068740","relationshipStatus":"ACTIVE","relationshipAttributes":{"typeName":"m4i_dataset_assignment"}}],"model":null,"source":[],"fields":[{"guid":"85473bfd-c6bb-48b6-996e-33ba7576b810","typeName":"m4i_field","entityStatus":"ACTIVE","displayText":"HIER_ORG","relationshipType":"m4i_field_assignment","relationshipGuid":"6e5ed4df-bba9-4713-ab28-d9715a75fc2a","relationshipStatus":"ACTIVE","relationshipAttributes":{"typeName":"m4i_field_assignment","attributes":{"typeInformation":null}}},{"guid":"5d1dea4c-f5ff-44e7-8905-ad90ac7c2ac4","typeName":"m4i_field","entityStatus":"ACTIVE","displayText":"JOB_TITLE","relationshipType":"m4i_field_assignment","relationshipGuid":"45f8521a-fda5-4c69-afdc-6742965a5af5","relationshipStatus":"ACTIVE","relationshipAttributes":{"typeName":"m4i_field_assignment","attributes":{"typeInformation":null}}},{"guid":"654850d7-6a5d-4b18-a238-2baf8d31d5a4","typeName":"m4i_field","entityStatus":"ACTIVE","displayText":"BASKET","relationshipType":"m4i_field_assignment","relationshipGuid":"01e58479-b4eb-4393-aa13-8669c7a66366","relationshipStatus":"ACTIVE","relationshipAttributes":{"typeName":"m4i_field_assignment","attributes":{"typeInformation":null}}},{"guid":"ff4fb3a7-574f-4d34-a86d-448469caa515","typeName":"m4i_field","entityStatus":"ACTIVE","displayText":"LOCATION","relationshipType":"m4i_field_assignment","relationshipGuid":"1fd840a1-332c-4995-8eeb-7589d168efdf","relationshipStatus":"ACTIVE","relationshipAttributes":{"typeName":"m4i_field_assignment","attributes":{"typeInformation":null}}},{"guid":"7172e157-83d3-4f51-9be0-71c968d0a3fc","typeName":"m4i_field","entityStatus":"ACTIVE","displayText":"PEOPLE_GROUP","relationshipType":"m4i_field_assignment","relationshipGuid":"910e5698-02ff-4f40-99e5-a856416a2488","relationshipStatus":"ACTIVE","relationshipAttributes":{"typeName":"m4i_field_assignment","attributes":{"typeInformation":null}}},{"guid":"ce1c7050-703d-407f-af97-9bbc8e9eed37","typeName":"m4i_field","entityStatus":"ACTIVE","displayText":"CC_EMPLOYEE","relationshipType":"m4i_field_assignment","relationshipGuid":"f91525a5-6682-4d59-8b65-875eb99649e7","relationshipStatus":"ACTIVE","relationshipAttributes":{"typeName":"m4i_field_assignment","attributes":{"typeInformation":null}}},{"guid":"30b4f02e-b033-4c8c-a4ab-f591115b8cd7","typeName":"m4i_field","entityStatus":"ACTIVE","displayText":"FTE","relationshipType":"m4i_field_assignment","relationshipGuid":"fc5d0170-d685-4107-b42b-35ee2257b5a3","relationshipStatus":"ACTIVE","relationshipAttributes":{"typeName":"m4i_field_assignment","attributes":{"typeInformation":null}}},{"guid":"6e51e343-ea73-47df-81d5-14456cb3db5b","typeName":"m4i_field","entityStatus":"ACTIVE","displayText":"EFFECTIVE_DATE","relationshipType":"m4i_field_assignment","relationshipGuid":"ce302b5f-925f-4a94-9126-9ca5126027c3","relationshipStatus":"ACTIVE","relationshipAttributes":{"typeName":"m4i_field_assignment","attributes":{"typeInformation":null}}},{"guid":"02bfbbc4-ee3e-40cd-9d17-e88176c883c5","typeName":"m4i_field","entityStatus":"ACTIVE","displayText":"RUN_ID","relationshipType":"m4i_field_assignment","relationshipGuid":"8a204443-1287-4a18-bb4b-3003463a9f78","relationshipStatus":"ACTIVE","relationshipAttributes":{"typeName":"m4i_field_assignment","attributes":{"typeInformation":null}}},{"guid":"256c4e35-2705-4494-bcba-cfef75694a86","typeName":"m4i_field","entityStatus":"ACTIVE","displayText":"PAYROLL","relationshipType":"m4i_field_assignment","relationshipGuid":"21922700-3ab7-454e-921e-1c6603a92c7c","relationshipStatus":"ACTIVE","relationshipAttributes":{"typeName":"m4i_field_assignment","attributes":{"typeInformation":null}}},{"guid":"bbfb2f23-3da2-4370-adc3-316becfaeee2","typeName":"m4i_field","entityStatus":"ACTIVE","displayText":"PLACEMENT","relationshipType":"m4i_field_assignment","relationshipGuid":"4dec7c12-82d4-4e1e-b83b-2dc25c984761","relationshipStatus":"ACTIVE","relationshipAttributes":{"typeName":"m4i_field_assignment","attributes":{"typeInformation":null}}},{"guid":"527e7e4a-e52e-43f9-a68b-716900616a89","typeName":"m4i_field","entityStatus":"ACTIVE","displayText":"EMPLOYEE_NUMBER","relationshipType":"m4i_field_assignment","relationshipGuid":"0ebd5a36-bdcb-48d0-a228-dbef84995e96","relationshipStatus":"ACTIVE","relationshipAttributes":{"typeName":"m4i_field_assignment","attributes":{"typeInformation":null}}},{"guid":"1e546cb1-6262-40aa-8bf5-60f275f46329","typeName":"m4i_field","entityStatus":"ACTIVE","displayText":"FUNC_ORG","relationshipType":"m4i_field_assignment","relationshipGuid":"25b07222-4b1b-4666-b5c5-97c2574e9271","relationshipStatus":"ACTIVE","relationshipAttributes":{"typeName":"m4i_field_assignment","attributes":{"typeInformation":null}}},{"guid":"ff27104d-6330-4549-9e6b-cca92e19bcd7","typeName":"m4i_field","entityStatus":"ACTIVE","displayText":"FULLNAME","relationshipType":"m4i_field_assignment","relationshipGuid":"818e17dc-3d4a-4333-9634-79e3fb7f70be","relationshipStatus":"ACTIVE","relationshipAttributes":{"typeName":"m4i_field_assignment","attributes":{"typeInformation":null}}},{"guid":"0b1e930a-eaf3-458e-8915-26f855d8bc7d","typeName":"m4i_field","entityStatus":"ACTIVE","displayText":"CONTRACT_TYPE","relationshipType":"m4i_field_assignment","relationshipGuid":"b85a5173-cc3d-4b3c-a113-bd21755f3ca7","relationshipStatus":"ACTIVE","relationshipAttributes":{"typeName":"m4i_field_assignment","attributes":{"typeInformation":null}}},{"guid":"8803c8a0-3270-446a-8f79-2498c71e2ecf","typeName":"m4i_field","entityStatus":"ACTIVE","displayText":"ORGANISATION","relationshipType":"m4i_field_assignment","relationshipGuid":"18808a94-74f1-4ad5-b55f-b57e94085fd0","relationshipStatus":"ACTIVE","relationshipAttributes":{"typeName":"m4i_field_assignment","attributes":{"typeInformation":null}}}],"parentDataset":[],"meanings":[],"outputFromProcesses":[{"guid":"e4b4de23-c405-453b-8d42-8bee683b174f","typeName":"m4i_generic_process","entityStatus":"ACTIVE","displayText":"HR change connector","relationshipType":"process_dataset_outputs","relationshipGuid":"a260a711-b518-45be-a829-3507cd2fdf2f","relationshipStatus":"ACTIVE","relationshipAttributes":{"typeName":"process_dataset_outputs"}}]},"classifications":[{"typeName":"high_risk","entityGuid":"c93b1aab-8378-4041-a3d3-65f913eb2d06","entityStatus":"ACTIVE","propagate":true,"validityPeriods":[],"removePropagationsOnEntityDelete":true},{"typeName":"PII","entityGuid":"444c163e-b201-47bd-9b3a-9c1c9d33a4bb","entityStatus":"ACTIVE","propagate":true,"validityPeriods":[],"removePropagationsOnEntityDelete":true},{"typeName":"high_risk","entityGuid":"444c163e-b201-47bd-9b3a-9c1c9d33a4bb","entityStatus":"ACTIVE","propagate":true,"validityPeriods":[],"removePropagationsOnEntityDelete":true},{"typeName":"PII","entityGuid":"c93b1aab-8378-4041-a3d3-65f913eb2d06","entityStatus":"ACTIVE","propagate":true,"validityPeriods":[],"removePropagationsOnEntityDelete":true}],"labels":[],"proxy":false}}