{"referredEntities":{},"entity":{"typeName":"m4i_data_quality","attributes":{"owner":null,"archimateReference":[],"expression":"completeness('CC_EMPLOYEE')","replicatedTo":null,"userDescription":null,"replicatedFrom":null,"qualifiedName":"nl1--nl1hr--nl1hr001--cc_employee--17","displayName":null,"description":null,"active":true,"source":[],"businessRuleDescription":"","ruleDescription":"This field has to be filled at all times","name":"nl1--nl1hr--nl1hr001--cc_employee--17","filterRequired":true,"id":17,"qualityDimension":"Completeness","expressionVersion":"1","fields":[{"guid":"f5a28b80-cb8c-474c-b699-cc68b2159c3d","typeName":"m4i_field","uniqueAttributes":{"qualifiedName":"nl1--nl1hr--nl1hr001--cc_employee"}}]},"guid":"3b42402a-9f5d-4953-bde0-2f4d5f1b231f","isIncomplete":false,"provenanceType":0,"status":"ACTIVE","createdBy":"admin","updatedBy":"admin","createTime":1656522080758,"updateTime":1663931063480,"version":0,"relationshipAttributes":{"inputToProcesses":[],"pipeline":null,"schema":[],"ArchiMateReference":[],"model":null,"source":[{"guid":"2bee6dca-fea0-478b-824e-d97365d18bbe","typeName":"m4i_source","entityStatus":"ACTIVE","displayText":"/hr/hr/Data Dictionary_template.xlsm","relationshipType":"m4i_referenceable_source_assignment","relationshipGuid":"004964b0-c19e-4370-a549-41a612241a9a","relationshipStatus":"ACTIVE","relationshipAttributes":{"typeName":"m4i_referenceable_source_assignment"}}],"fields":[{"guid":"f5a28b80-cb8c-474c-b699-cc68b2159c3d","typeName":"m4i_field","entityStatus":"ACTIVE","displayText":"CC_EMPLOYEE","relationshipType":"m4i_data_quality_field_assignment","relationshipGuid":"75f1015a-fed6-4ba1-be5f-4a00b64a3249","relationshipStatus":"ACTIVE","relationshipAttributes":{"typeName":"m4i_data_quality_field_assignment"}}],"meanings":[],"outputFromProcesses":[]},"labels":[],"proxy":false}}