{"referredEntities":{},"entity":{"typeName":"m4i_data_attribute","attributes":{"archimateReference":[],"replicatedTo":null,"replicatedFrom":null,"steward":[{"guid":"265dad2b-2fc0-44c3-a828-06476d5f1e38","typeName":"m4i_person","uniqueAttributes":{"qualifiedName":"iris.jacobs@email.com","email":"iris.jacobs@email.com"}}],"qualifiedName":"plant-data--hourly-data--assettype","dataEntity":[{"guid":"19736d3b-e7c6-4f95-8ce6-a6f215eff467","typeName":"m4i_data_entity","uniqueAttributes":{"qualifiedName":"plant-data--hourly-data"}}],"source":[],"isKeyData":"Internal","hasPII":null,"attributeType":"Text","name":"AssetType","definition":"This attribute yields the type of the relevant asset","riskClassification":"Low","fields":[{"guid":"9db51b9a-86ba-4d1f-a882-1bd024f02c72","typeName":"m4i_field","uniqueAttributes":{"qualifiedName":"nl3--nl3plant--nl3plant001--assettype"}},{"guid":"837f8269-472e-4cf6-860e-41fc80447046","typeName":"m4i_field","uniqueAttributes":{"qualifiedName":"cc1--kaf1--kaf1-hr--hourly--cc1--kaf1--kaf1-hr--hourly--assettype"}},{"guid":"c5f70fe4-8a9b-4a95-893e-2de3127d667c","typeName":"m4i_field","uniqueAttributes":{"qualifiedName":"elas1--hourly--assettype"}}],"businessOwner":[{"guid":"dc408458-fd6d-4080-a324-9900585d1146","typeName":"m4i_person","uniqueAttributes":{"qualifiedName":"jane.martens@email.com","email":"jane.martens@email.com"}}]},"guid":"3d32de4d-d2f9-46bd-99b9-2087a93419a9","isIncomplete":false,"provenanceType":0,"status":"ACTIVE","createdBy":"admin","updatedBy":"admin","createTime":1656521955001,"updateTime":1663930105074,"version":0,"relationshipAttributes":{"ArchiMateReference":[],"steward":[{"guid":"265dad2b-2fc0-44c3-a828-06476d5f1e38","typeName":"m4i_person","entityStatus":"ACTIVE","displayText":"Iris Jacobs","relationshipType":"m4i_data_attribute_steward_assignment","relationshipGuid":"6c314a03-f6f9-4c3c-90f6-ea87d45d57da","relationshipStatus":"ACTIVE","relationshipAttributes":{"typeName":"m4i_data_attribute_steward_assignment"}}],"dataEntity":[{"guid":"19736d3b-e7c6-4f95-8ce6-a6f215eff467","typeName":"m4i_data_entity","entityStatus":"ACTIVE","displayText":"hourly data","relationshipType":"m4i_data_entity_attribute_assignment","relationshipGuid":"5cde5529-7fa8-431c-80bd-9db8876f3336","relationshipStatus":"ACTIVE","relationshipAttributes":{"typeName":"m4i_data_entity_attribute_assignment"}}],"source":[{"guid":"2bee6dca-fea0-478b-824e-d97365d18bbe","typeName":"m4i_source","entityStatus":"ACTIVE","displayText":"/hr/hr/Data Dictionary_template.xlsm","relationshipType":"m4i_referenceable_source_assignment","relationshipGuid":"464276f9-4a5e-48aa-a9c9-6496ceac5388","relationshipStatus":"ACTIVE","relationshipAttributes":{"typeName":"m4i_referenceable_source_assignment"}}],"fields":[{"guid":"9db51b9a-86ba-4d1f-a882-1bd024f02c72","typeName":"m4i_field","entityStatus":"ACTIVE","displayText":"AssetType","relationshipType":"m4i_data_attribute_field_assignment","relationshipGuid":"d81abc5e-e0b1-41b3-b4d1-b5377912730b","relationshipStatus":"ACTIVE","relationshipAttributes":{"typeName":"m4i_data_attribute_field_assignment"}},{"guid":"837f8269-472e-4cf6-860e-41fc80447046","typeName":"m4i_field","entityStatus":"ACTIVE","displayText":"cc1--kaf1--kaf1-hr--hourly--assettype","relationshipType":"m4i_data_attribute_field_assignment","relationshipGuid":"0afcfaa1-a33a-4b23-8809-5ebbda6c49ce","relationshipStatus":"ACTIVE","relationshipAttributes":{"typeName":"m4i_data_attribute_field_assignment"}},{"guid":"c5f70fe4-8a9b-4a95-893e-2de3127d667c","typeName":"m4i_field","entityStatus":"ACTIVE","displayText":"assettype","relationshipType":"m4i_data_attribute_field_assignment","relationshipGuid":"8f108113-b801-408e-8edc-65114f37b240","relationshipStatus":"ACTIVE","relationshipAttributes":{"typeName":"m4i_data_attribute_field_assignment"}}],"businessOwner":[{"guid":"dc408458-fd6d-4080-a324-9900585d1146","typeName":"m4i_person","entityStatus":"ACTIVE","displayText":"Jane Martens","relationshipType":"m4i_data_attribute_business_owner_assignment","relationshipGuid":"ebf4faf1-72cc-4e16-be6a-0f258e25b43e","relationshipStatus":"ACTIVE","relationshipAttributes":{"typeName":"m4i_data_attribute_business_owner_assignment"}}],"meanings":[]},"classifications":[{"typeName":"low_risk","entityGuid":"3d32de4d-d2f9-46bd-99b9-2087a93419a9","entityStatus":"ACTIVE","propagate":true,"validityPeriods":[],"removePropagationsOnEntityDelete":true}],"labels":[],"proxy":false}}