{"referredEntities":{},"entity":{"typeName":"m4i_data_attribute","attributes":{"archimateReference":[],"replicatedTo":null,"replicatedFrom":null,"steward":[{"guid":"265dad2b-2fc0-44c3-a828-06476d5f1e38","typeName":"m4i_person","uniqueAttributes":{"qualifiedName":"iris.jacobs@email.com","email":"iris.jacobs@email.com"}}],"qualifiedName":"plant-data--downtime-events--downtimereasonname","dataEntity":[{"guid":"fd88a9c5-9393-4843-85db-7881c68d9134","typeName":"m4i_data_entity","uniqueAttributes":{"qualifiedName":"plant-data--downtime-events"}}],"source":[],"isKeyData":"No","hasPII":null,"attributeType":"Date","name":"DownTimeReasonName","definition":"This attribute yields the name of the reason of the down time","riskClassification":"Low","fields":[{"guid":"33fb5b9a-7514-42b7-9465-dc5ce5d7201c","typeName":"m4i_field","uniqueAttributes":{"qualifiedName":"nl3--nl3plant--nl3plant002--downtimereasonname"}}],"businessOwner":[{"guid":"dc408458-fd6d-4080-a324-9900585d1146","typeName":"m4i_person","uniqueAttributes":{"qualifiedName":"jane.martens@email.com","email":"jane.martens@email.com"}}]},"guid":"4864b7d2-2e54-4dd5-9a73-dba74b2d53bc","isIncomplete":false,"provenanceType":0,"status":"ACTIVE","createdBy":"admin","updatedBy":"admin","createTime":1656521955001,"updateTime":1663927932384,"version":0,"relationshipAttributes":{"ArchiMateReference":[],"steward":[{"guid":"265dad2b-2fc0-44c3-a828-06476d5f1e38","typeName":"m4i_person","entityStatus":"ACTIVE","displayText":"Iris Jacobs","relationshipType":"m4i_data_attribute_steward_assignment","relationshipGuid":"bfe3d489-c6e7-4e09-93d8-527543036d59","relationshipStatus":"ACTIVE","relationshipAttributes":{"typeName":"m4i_data_attribute_steward_assignment"}}],"dataEntity":[{"guid":"fd88a9c5-9393-4843-85db-7881c68d9134","typeName":"m4i_data_entity","entityStatus":"ACTIVE","displayText":"downtime events","relationshipType":"m4i_data_entity_attribute_assignment","relationshipGuid":"86df49f7-6668-4ea9-a5d1-801bc993be40","relationshipStatus":"ACTIVE","relationshipAttributes":{"typeName":"m4i_data_entity_attribute_assignment"}}],"source":[{"guid":"2bee6dca-fea0-478b-824e-d97365d18bbe","typeName":"m4i_source","entityStatus":"ACTIVE","displayText":"/hr/hr/Data Dictionary_template.xlsm","relationshipType":"m4i_referenceable_source_assignment","relationshipGuid":"4dcb195f-b111-4ddd-8ca7-80cd284bc2a0","relationshipStatus":"ACTIVE","relationshipAttributes":{"typeName":"m4i_referenceable_source_assignment"}}],"fields":[{"guid":"33fb5b9a-7514-42b7-9465-dc5ce5d7201c","typeName":"m4i_field","entityStatus":"ACTIVE","displayText":"DownTimeReasonName","relationshipType":"m4i_data_attribute_field_assignment","relationshipGuid":"287bff92-20f3-4728-a50c-35dd8059f64d","relationshipStatus":"ACTIVE","relationshipAttributes":{"typeName":"m4i_data_attribute_field_assignment"}}],"businessOwner":[{"guid":"dc408458-fd6d-4080-a324-9900585d1146","typeName":"m4i_person","entityStatus":"ACTIVE","displayText":"Jane Martens","relationshipType":"m4i_data_attribute_business_owner_assignment","relationshipGuid":"fa557131-a267-44d0-9ce5-f8a8f326db9e","relationshipStatus":"ACTIVE","relationshipAttributes":{"typeName":"m4i_data_attribute_business_owner_assignment"}}],"meanings":[]},"classifications":[{"typeName":"low_risk","entityGuid":"4864b7d2-2e54-4dd5-9a73-dba74b2d53bc","entityStatus":"ACTIVE","propagate":true,"validityPeriods":[],"removePropagationsOnEntityDelete":true}],"labels":[],"proxy":false}}