{"referredEntities":{},"entity":{"typeName":"m4i_gov_data_quality","attributes":{"owner":null,"archimateReference":[],"expression":"conditional_value('target_relationship_type', 'source_typename', {'m4i_data_quality_field_assignment':'m4i_field'})","replicatedTo":null,"userDescription":null,"replicatedFrom":null,"qualifiedName":"m4i_field--dataQuality--source","displayName":null,"description":null,"active":true,"source":[],"ruleDescription":"dataQuality source relation type is m4i_field","nonCompliantMessage":"This entity is missing a source relationship type as m4i_field","ruleType":"relationship","name":"m4i_field--dataQuality--source","compliantMessage":"This entity has a source relationship type as m4i_field","id":11,"qualityDimension":"completeness","expressionVersion":"1"},"guid":"498281b7-c230-481e-922e-c12aa6695c26","isIncomplete":false,"provenanceType":0,"status":"ACTIVE","createdBy":"admin","updatedBy":"admin","createTime":1656522427794,"updateTime":1663931063480,"version":0,"relationshipAttributes":{"inputToProcesses":[],"pipeline":null,"schema":[],"ArchiMateReference":[],"model":null,"source":[],"meanings":[],"outputFromProcesses":[]},"labels":[],"proxy":false}}