{"referredEntities":{},"entity":{"typeName":"m4i_gov_data_quality","attributes":{"owner":null,"archimateReference":[],"expression":"completeness('definition')","replicatedTo":null,"userDescription":null,"replicatedFrom":null,"qualifiedName":"m4i_data_domain--definition","displayName":null,"description":null,"active":true,"source":[],"ruleDescription":"definition is not None and is not empty","nonCompliantMessage":"This entity is missing a definition","ruleType":"attribute","name":"m4i_data_domain--definition","compliantMessage":"This entity has a definition","id":2,"qualityDimension":"completeness","expressionVersion":"1"},"guid":"4d4e95c8-7746-47e9-9c28-3d22d8d0c1bf","isIncomplete":false,"provenanceType":0,"status":"ACTIVE","createdBy":"admin","updatedBy":"admin","createTime":1656522427794,"updateTime":1663931063480,"version":0,"relationshipAttributes":{"inputToProcesses":[],"pipeline":null,"schema":[],"ArchiMateReference":[],"model":null,"source":[],"meanings":[],"outputFromProcesses":[]},"labels":[],"proxy":false}}