{"referredEntities":{},"entity":{"typeName":"m4i_data_attribute","attributes":{"archimateReference":[],"replicatedTo":null,"replicatedFrom":null,"steward":[{"guid":"9e8c280b-b4f7-45e0-b287-49dddaf21e23","typeName":"m4i_person","uniqueAttributes":{"qualifiedName":"lore.brandt@email.com","email":"lore.brandt@email.com"}}],"qualifiedName":"procurement--company-information--operating-zipcode","dataEntity":[{"guid":"0ed13fa1-bbce-4368-adee-8199e4266463","typeName":"m4i_data_entity","uniqueAttributes":{"qualifiedName":"procurement--company-information"}}],"source":[],"isKeyData":"Yes","hasPII":null,"attributeType":"Text","name":"Operating Zipcode","definition":"Operating postal code associated with the provided company address (consisting of numbers and/or letters)","riskClassification":"Medium","fields":[{"guid":"41683165-1298-4c9b-8c7c-3b13d9c8719f","typeName":"m4i_field","uniqueAttributes":{"qualifiedName":"nl2--nl2proc--nl2proc001--opzipcode"}}],"businessOwner":[{"guid":"0a30e2bc-f152-4a93-890e-e6f39f3f864f","typeName":"m4i_person","uniqueAttributes":{"qualifiedName":"johanna.richter@email.com","email":"johanna.richter@email.com"}}]},"guid":"5280c854-8e38-40ef-9b96-3710fdd2f5f0","isIncomplete":false,"provenanceType":0,"status":"ACTIVE","createdBy":"admin","updatedBy":"admin","createTime":1656521955001,"updateTime":1663931063480,"version":0,"relationshipAttributes":{"ArchiMateReference":[],"steward":[{"guid":"9e8c280b-b4f7-45e0-b287-49dddaf21e23","typeName":"m4i_person","entityStatus":"ACTIVE","displayText":"Lore Brandt","relationshipType":"m4i_data_attribute_steward_assignment","relationshipGuid":"de0aab17-2e96-4958-87a5-d1cd2f6fc5d5","relationshipStatus":"ACTIVE","relationshipAttributes":{"typeName":"m4i_data_attribute_steward_assignment"}}],"dataEntity":[{"guid":"0ed13fa1-bbce-4368-adee-8199e4266463","typeName":"m4i_data_entity","entityStatus":"ACTIVE","displayText":"Company Information","relationshipType":"m4i_data_entity_attribute_assignment","relationshipGuid":"75957bea-ff09-4e10-ade0-257cb4591fc9","relationshipStatus":"ACTIVE","relationshipAttributes":{"typeName":"m4i_data_entity_attribute_assignment"}}],"source":[{"guid":"2bee6dca-fea0-478b-824e-d97365d18bbe","typeName":"m4i_source","entityStatus":"ACTIVE","displayText":"/hr/hr/Data Dictionary_template.xlsm","relationshipType":"m4i_referenceable_source_assignment","relationshipGuid":"61ea26d5-ccc3-49c1-b66a-44f66ef46a33","relationshipStatus":"ACTIVE","relationshipAttributes":{"typeName":"m4i_referenceable_source_assignment"}}],"fields":[{"guid":"41683165-1298-4c9b-8c7c-3b13d9c8719f","typeName":"m4i_field","entityStatus":"ACTIVE","displayText":"OpZipCode","relationshipType":"m4i_data_attribute_field_assignment","relationshipGuid":"b333e91b-b457-4f05-aba3-eb845aa81cac","relationshipStatus":"ACTIVE","relationshipAttributes":{"typeName":"m4i_data_attribute_field_assignment"}}],"businessOwner":[{"guid":"0a30e2bc-f152-4a93-890e-e6f39f3f864f","typeName":"m4i_person","entityStatus":"ACTIVE","displayText":"Johanna Richter","relationshipType":"m4i_data_attribute_business_owner_assignment","relationshipGuid":"adcedf7f-fad8-4f90-a83e-f5d63be9b1c7","relationshipStatus":"ACTIVE","relationshipAttributes":{"typeName":"m4i_data_attribute_business_owner_assignment"}}],"meanings":[]},"classifications":[{"typeName":"medium_risk","entityGuid":"5280c854-8e38-40ef-9b96-3710fdd2f5f0","entityStatus":"ACTIVE","propagate":true,"validityPeriods":[],"removePropagationsOnEntityDelete":true},{"typeName":"PII","entityGuid":"5280c854-8e38-40ef-9b96-3710fdd2f5f0","entityStatus":"ACTIVE","propagate":true,"validityPeriods":[],"removePropagationsOnEntityDelete":true},{"typeName":"key_data","entityGuid":"5280c854-8e38-40ef-9b96-3710fdd2f5f0","entityStatus":"ACTIVE","propagate":true,"validityPeriods":[],"removePropagationsOnEntityDelete":true}],"labels":[],"proxy":false}}