{"referredEntities":{},"entity":{"typeName":"m4i_data_attribute","attributes":{"archimateReference":[],"replicatedTo":null,"replicatedFrom":null,"steward":[{"guid":"265dad2b-2fc0-44c3-a828-06476d5f1e38","typeName":"m4i_person","uniqueAttributes":{"qualifiedName":"iris.jacobs@email.com","email":"iris.jacobs@email.com"}}],"qualifiedName":"plant-data--hourly-data--equipmentstatus","dataEntity":[{"guid":"19736d3b-e7c6-4f95-8ce6-a6f215eff467","typeName":"m4i_data_entity","uniqueAttributes":{"qualifiedName":"plant-data--hourly-data"}}],"source":[],"isKeyData":"Internal","hasPII":null,"attributeType":"Text","name":"EquipmentStatus","definition":"This attribute yields the current status of the equipment","riskClassification":"Low","fields":[{"guid":"e022970c-c30b-45f1-8883-0f03b4f1eef1","typeName":"m4i_field","uniqueAttributes":{"qualifiedName":"nl3--nl3plant--nl3plant001--equipmentstatus"}},{"guid":"5301a445-2485-4858-aec6-bdb0d407cfea","typeName":"m4i_field","uniqueAttributes":{"qualifiedName":"elas1--hourly--equipmentstatus"}},{"guid":"aac9cf91-79fa-45ba-91ac-963f95105273","typeName":"m4i_field","uniqueAttributes":{"qualifiedName":"cc1--kaf1--kaf1-hr--hourly--cc1--kaf1--kaf1-hr--hourly--equipmentstatus"}}],"businessOwner":[{"guid":"dc408458-fd6d-4080-a324-9900585d1146","typeName":"m4i_person","uniqueAttributes":{"qualifiedName":"jane.martens@email.com","email":"jane.martens@email.com"}}]},"guid":"52cf166d-4f91-4c1f-b63a-12b7fb229e5b","isIncomplete":false,"provenanceType":0,"status":"ACTIVE","createdBy":"admin","updatedBy":"admin","createTime":1656521955001,"updateTime":1663930105074,"version":0,"relationshipAttributes":{"ArchiMateReference":[],"steward":[{"guid":"265dad2b-2fc0-44c3-a828-06476d5f1e38","typeName":"m4i_person","entityStatus":"ACTIVE","displayText":"Iris Jacobs","relationshipType":"m4i_data_attribute_steward_assignment","relationshipGuid":"792fe084-cd31-4e09-99cf-f338184b9e6a","relationshipStatus":"ACTIVE","relationshipAttributes":{"typeName":"m4i_data_attribute_steward_assignment"}}],"dataEntity":[{"guid":"19736d3b-e7c6-4f95-8ce6-a6f215eff467","typeName":"m4i_data_entity","entityStatus":"ACTIVE","displayText":"hourly data","relationshipType":"m4i_data_entity_attribute_assignment","relationshipGuid":"ef71e409-4818-4414-b72c-03138b4d7b67","relationshipStatus":"ACTIVE","relationshipAttributes":{"typeName":"m4i_data_entity_attribute_assignment"}}],"source":[{"guid":"2bee6dca-fea0-478b-824e-d97365d18bbe","typeName":"m4i_source","entityStatus":"ACTIVE","displayText":"/hr/hr/Data Dictionary_template.xlsm","relationshipType":"m4i_referenceable_source_assignment","relationshipGuid":"805fb523-7361-4896-90e0-82eed80a6178","relationshipStatus":"ACTIVE","relationshipAttributes":{"typeName":"m4i_referenceable_source_assignment"}}],"fields":[{"guid":"e022970c-c30b-45f1-8883-0f03b4f1eef1","typeName":"m4i_field","entityStatus":"ACTIVE","displayText":"EquipmentStatus","relationshipType":"m4i_data_attribute_field_assignment","relationshipGuid":"4008bfa4-8ab7-4d15-b50e-ca449ba2f54f","relationshipStatus":"ACTIVE","relationshipAttributes":{"typeName":"m4i_data_attribute_field_assignment"}},{"guid":"5301a445-2485-4858-aec6-bdb0d407cfea","typeName":"m4i_field","entityStatus":"ACTIVE","displayText":"equipmentstatus","relationshipType":"m4i_data_attribute_field_assignment","relationshipGuid":"71b3bbd8-81fb-4adf-8e90-9b9b0cc86e2a","relationshipStatus":"ACTIVE","relationshipAttributes":{"typeName":"m4i_data_attribute_field_assignment"}},{"guid":"aac9cf91-79fa-45ba-91ac-963f95105273","typeName":"m4i_field","entityStatus":"ACTIVE","displayText":"cc1--kaf1--kaf1-hr--hourly--equipmentstatus","relationshipType":"m4i_data_attribute_field_assignment","relationshipGuid":"bf5e8873-443a-466c-91f7-636a8dcc5762","relationshipStatus":"ACTIVE","relationshipAttributes":{"typeName":"m4i_data_attribute_field_assignment"}}],"businessOwner":[{"guid":"dc408458-fd6d-4080-a324-9900585d1146","typeName":"m4i_person","entityStatus":"ACTIVE","displayText":"Jane Martens","relationshipType":"m4i_data_attribute_business_owner_assignment","relationshipGuid":"24e7b0dc-c21c-48f9-840c-2d9534962bac","relationshipStatus":"ACTIVE","relationshipAttributes":{"typeName":"m4i_data_attribute_business_owner_assignment"}}],"meanings":[]},"classifications":[{"typeName":"low_risk","entityGuid":"52cf166d-4f91-4c1f-b63a-12b7fb229e5b","entityStatus":"ACTIVE","propagate":true,"validityPeriods":[],"removePropagationsOnEntityDelete":true}],"labels":[],"proxy":false}}