{"referredEntities":{},"entity":{"typeName":"m4i_field","attributes":{"archimateReference":[],"replicatedTo":null,"replicatedFrom":null,"hasContent":null,"steward":[],"qualifiedName":"cc1--kaf1--kaf1-hr--hourly--cc1--kaf1--kaf1-hr--hourly--assetname","source":[],"datasets":[],"parentField":[],"optionalField":null,"name":"cc1--kaf1--kaf1-hr--hourly--assetname","definition":null,"attributes":[],"fieldType":"string","childField":[]},"guid":"542909f8-8931-4d78-827f-91f427958ce1","isIncomplete":false,"provenanceType":0,"status":"ACTIVE","createdBy":"admin","updatedBy":"admin","createTime":1663929263859,"updateTime":1663929263859,"version":0,"relationshipAttributes":{"ArchiMateReference":[],"dataQuality":[],"attributes":[{"guid":"5fe5ae11-ce8c-4fa3-94d1-7c6f34227b52","typeName":"m4i_data_attribute","entityStatus":"ACTIVE","displayText":"AssetName","relationshipType":"m4i_data_attribute_field_assignment","relationshipGuid":"6d863e03-9f27-4cf2-9eac-8195cda208fa","relationshipStatus":"ACTIVE","relationshipAttributes":{"typeName":"m4i_data_attribute_field_assignment"}}],"datasets":[{"guid":"d23a7a85-7666-4726-b1c1-ab85df2f1312","typeName":"m4i_dataset","entityStatus":"ACTIVE","displayText":"hourly","relationshipType":"m4i_field_assignment","relationshipGuid":"355a7c76-dbb0-4b8e-8133-aa74fb9734f1","relationshipStatus":"ACTIVE","relationshipAttributes":{"typeName":"m4i_field_assignment","attributes":{"typeInformation":null}}}],"source":[],"meanings":[],"parentField":[],"childField":[]},"classifications":[{"typeName":"low_risk","entityGuid":"5fe5ae11-ce8c-4fa3-94d1-7c6f34227b52","entityStatus":"ACTIVE","propagate":true,"validityPeriods":[],"removePropagationsOnEntityDelete":true}],"labels":[],"proxy":false}}