{"referredEntities":{},"entity":{"typeName":"m4i_field","attributes":{"archimateReference":[],"replicatedTo":null,"replicatedFrom":null,"hasContent":null,"steward":[],"qualifiedName":"elas1--hourly--skuid","source":[],"datasets":[],"parentField":[],"optionalField":null,"name":"skuid","definition":null,"attributes":[],"fieldType":"keyword","childField":[]},"guid":"54554ceb-80c7-4929-9038-abc81c979e5a","isIncomplete":false,"provenanceType":0,"status":"ACTIVE","createdBy":"admin","updatedBy":"admin","createTime":1663930105074,"updateTime":1663930105074,"version":0,"relationshipAttributes":{"ArchiMateReference":[],"dataQuality":[],"attributes":[{"guid":"8c403ddb-e4d6-4952-aad8-c2685fb28173","typeName":"m4i_data_attribute","entityStatus":"ACTIVE","displayText":"SKUId","relationshipType":"m4i_data_attribute_field_assignment","relationshipGuid":"f4a219f1-d116-46a1-9211-bd3545985181","relationshipStatus":"ACTIVE","relationshipAttributes":{"typeName":"m4i_data_attribute_field_assignment"}}],"datasets":[{"guid":"8e146f38-013e-4935-84aa-8d59a5539d3d","typeName":"m4i_dataset","entityStatus":"ACTIVE","displayText":"hourly","relationshipType":"m4i_field_assignment","relationshipGuid":"1bd3a978-0ae1-4905-8f67-bdbb25d09388","relationshipStatus":"ACTIVE","relationshipAttributes":{"typeName":"m4i_field_assignment","attributes":{"typeInformation":null}}}],"source":[],"meanings":[],"parentField":[],"childField":[]},"classifications":[{"typeName":"low_risk","entityGuid":"8c403ddb-e4d6-4952-aad8-c2685fb28173","entityStatus":"ACTIVE","propagate":true,"validityPeriods":[],"removePropagationsOnEntityDelete":true}],"labels":[],"proxy":false}}