{"referredEntities":{},"entity":{"typeName":"m4i_generic_process","attributes":{"owner":null,"outputs":[{"guid":"d23a7a85-7666-4726-b1c1-ab85df2f1312","typeName":"m4i_dataset","uniqueAttributes":{"qualifiedName":"cc1--kaf1--kaf1-hr--hourly"}}],"archimateReference":[],"replicatedTo":null,"userDescription":null,"replicatedFrom":null,"qualifiedName":"nl3--nl3plant--nl3plant001--cc1--kaf1--kaf1-hr--hourly","displayName":null,"inputs":[{"guid":"2230cf23-c90c-4a2f-be3e-e402503c4544","typeName":"m4i_dataset","uniqueAttributes":{"qualifiedName":"nl3--nl3plant--nl3plant001"}}],"description":null,"source":[],"processOwner":[],"name":"nl3--nl3plant--nl3plant001--cc1--kaf1--kaf1-hr--hourly"},"guid":"54ee1c45-14b4-4897-bc38-ea213e0f258a","isIncomplete":false,"provenanceType":0,"status":"ACTIVE","createdBy":"admin","updatedBy":"admin","createTime":1663929502291,"updateTime":1663931063480,"version":0,"relationshipAttributes":{"outputs":[{"guid":"d23a7a85-7666-4726-b1c1-ab85df2f1312","typeName":"m4i_dataset","entityStatus":"ACTIVE","displayText":"hourly","relationshipType":"process_dataset_outputs","relationshipGuid":"19d1cd11-4a30-454d-9284-5c3784e1e2c3","relationshipStatus":"ACTIVE","relationshipAttributes":{"typeName":"process_dataset_outputs"}}],"ArchiMateReference":[],"processOwner":[],"inputs":[{"guid":"2230cf23-c90c-4a2f-be3e-e402503c4544","typeName":"m4i_dataset","entityStatus":"ACTIVE","displayText":"NL3-PLANT-001","relationshipType":"dataset_process_inputs","relationshipGuid":"3aa0c202-3123-44a2-a7f9-7a05b59cee25","relationshipStatus":"ACTIVE","relationshipAttributes":{"typeName":"dataset_process_inputs"}}],"source":[],"meanings":[]},"labels":[],"proxy":false}}