{"referredEntities":{},"entity":{"typeName":"m4i_person","attributes":{"archimateReference":[],"replicatedTo":null,"replicatedFrom":null,"qualifiedName":"harper.taylor@email.com","name":"Harper Taylor","source":[],"email":"harper.taylor@email.com"},"guid":"55520e1f-52a3-4696-97e5-b5879323b53a","isIncomplete":false,"provenanceType":0,"status":"ACTIVE","createdBy":"admin","updatedBy":"admin","createTime":1656521943868,"updateTime":1663931063480,"version":0,"relationshipAttributes":{"indexPatterns":[],"stewardAttribute":[{"guid":"2c68e06b-c179-4c98-ad42-30698df0fe4c","typeName":"m4i_data_attribute","entityStatus":"ACTIVE","displayText":"Employee Number","relationshipType":"m4i_data_attribute_steward_assignment","relationshipGuid":"ff21227a-95f3-4540-a70e-8a4724931fb1","relationshipStatus":"ACTIVE","relationshipAttributes":{"typeName":"m4i_data_attribute_steward_assignment"}},{"guid":"6b0e188f-91f0-4f5d-9dd4-cb9fb6c51619","typeName":"m4i_data_attribute","entityStatus":"ACTIVE","displayText":"Payroll","relationshipType":"m4i_data_attribute_steward_assignment","relationshipGuid":"b6fa942c-b168-4cee-9e15-b4aa1ec1105b","relationshipStatus":"ACTIVE","relationshipAttributes":{"typeName":"m4i_data_attribute_steward_assignment"}},{"guid":"3e5d4165-e92e-414e-8dba-a61ffd799e17","typeName":"m4i_data_attribute","entityStatus":"ACTIVE","displayText":"Location","relationshipType":"m4i_data_attribute_steward_assignment","relationshipGuid":"813f73e5-20a7-4fc5-a05d-a9e8943a0055","relationshipStatus":"ACTIVE","relationshipAttributes":{"typeName":"m4i_data_attribute_steward_assignment"}},{"guid":"9c219981-ca51-4513-be10-572cfe9ac5ed","typeName":"m4i_data_attribute","entityStatus":"ACTIVE","displayText":"Hierarchical Organization","relationshipType":"m4i_data_attribute_steward_assignment","relationshipGuid":"cae158dd-227a-4f4a-893f-6d9fb23f5b7d","relationshipStatus":"ACTIVE","relationshipAttributes":{"typeName":"m4i_data_attribute_steward_assignment"}},{"guid":"a017e19f-e150-4dda-b73f-2d135dd07d06","typeName":"m4i_data_attribute","entityStatus":"ACTIVE","displayText":"People Group","relationshipType":"m4i_data_attribute_steward_assignment","relationshipGuid":"274e9190-407a-43ad-816b-a5d0ff6db66d","relationshipStatus":"ACTIVE","relationshipAttributes":{"typeName":"m4i_data_attribute_steward_assignment"}},{"guid":"c93b1aab-8378-4041-a3d3-65f913eb2d06","typeName":"m4i_data_attribute","entityStatus":"ACTIVE","displayText":"Fullname","relationshipType":"m4i_data_attribute_steward_assignment","relationshipGuid":"d252a7c2-f37b-4412-ad10-b9e4a69af4f2","relationshipStatus":"ACTIVE","relationshipAttributes":{"typeName":"m4i_data_attribute_steward_assignment"}},{"guid":"8436e4d8-2974-4149-bcaa-3579bf8626a9","typeName":"m4i_data_attribute","entityStatus":"ACTIVE","displayText":"Full Time Equivalent","relationshipType":"m4i_data_attribute_steward_assignment","relationshipGuid":"142cd7a5-a9f3-4e2b-883a-2421f6340a51","relationshipStatus":"ACTIVE","relationshipAttributes":{"typeName":"m4i_data_attribute_steward_assignment"}},{"guid":"94a1c5f2-8639-4709-a0b7-ea4f4cef09d0","typeName":"m4i_data_attribute","entityStatus":"ACTIVE","displayText":"Basket","relationshipType":"m4i_data_attribute_steward_assignment","relationshipGuid":"3bb672cd-2b11-4696-bff9-972fa7a22ba3","relationshipStatus":"ACTIVE","relationshipAttributes":{"typeName":"m4i_data_attribute_steward_assignment"}},{"guid":"daa8ba7f-eab5-4727-ad5d-d6482a3c0f74","typeName":"m4i_data_attribute","entityStatus":"ACTIVE","displayText":"Functional Organization","relationshipType":"m4i_data_attribute_steward_assignment","relationshipGuid":"495627e2-071f-4d7a-96ea-8a0549b1aeec","relationshipStatus":"ACTIVE","relationshipAttributes":{"typeName":"m4i_data_attribute_steward_assignment"}},{"guid":"f1c0f8f1-4f0b-468b-9c43-ebf429500e35","typeName":"m4i_data_attribute","entityStatus":"ACTIVE","displayText":"Job Name","relationshipType":"m4i_data_attribute_steward_assignment","relationshipGuid":"d82acf61-2e68-4a6a-9c1f-81c36f34132a","relationshipStatus":"ACTIVE","relationshipAttributes":{"typeName":"m4i_data_attribute_steward_assignment"}},{"guid":"81890ca5-42f0-44db-b03e-b130cfe16192","typeName":"m4i_data_attribute","entityStatus":"ACTIVE","displayText":"Placement","relationshipType":"m4i_data_attribute_steward_assignment","relationshipGuid":"26ebe20f-4f54-4880-97ac-1e33e4288a35","relationshipStatus":"ACTIVE","relationshipAttributes":{"typeName":"m4i_data_attribute_steward_assignment"}}],"ArchiMateReference":[],"visualizations":[],"domainLead":[],"businessOwnerAttribute":[],"source":[{"guid":"2bee6dca-fea0-478b-824e-d97365d18bbe","typeName":"m4i_source","entityStatus":"ACTIVE","displayText":"/hr/hr/Data Dictionary_template.xlsm","relationshipType":"m4i_referenceable_source_assignment","relationshipGuid":"92666342-ee49-44ba-91a5-0052e048f82c","relationshipStatus":"ACTIVE","relationshipAttributes":{"typeName":"m4i_referenceable_source_assignment"}}],"dashboards":[],"stewardEntity":[{"guid":"c0af931d-1cd3-4ecb-970f-ab804d289ada","typeName":"m4i_data_entity","entityStatus":"ACTIVE","displayText":"External","relationshipType":"m4i_data_entity_steward_assignment","relationshipGuid":"7c896d5e-b6fb-4492-8ec5-734948dd0dbc","relationshipStatus":"ACTIVE","relationshipAttributes":{"typeName":"m4i_data_entity_steward_assignment"}}],"meanings":[],"businessOwnerEntity":[],"ProcessOwner":[]},"labels":[],"proxy":false}}