{"referredEntities":{},"entity":{"typeName":"m4i_gov_data_quality","attributes":{"owner":null,"archimateReference":[],"expression":"completeness('fieldType')","replicatedTo":null,"userDescription":null,"replicatedFrom":null,"qualifiedName":"m4i_field--fieldType","displayName":null,"description":null,"active":true,"source":[],"ruleDescription":"fieldType is not None and is not empty","nonCompliantMessage":"This entity is missing a fieldType","ruleType":"attribute","name":"m4i_field--fieldType","compliantMessage":"This entity has a fieldType","id":3,"qualityDimension":"completeness","expressionVersion":"1"},"guid":"5917b537-19eb-4393-8748-51a7c9786865","isIncomplete":false,"provenanceType":0,"status":"ACTIVE","createdBy":"admin","updatedBy":"admin","createTime":1656522427794,"updateTime":1663931063480,"version":0,"relationshipAttributes":{"inputToProcesses":[],"pipeline":null,"schema":[],"ArchiMateReference":[],"model":null,"source":[],"meanings":[],"outputFromProcesses":[]},"labels":[],"proxy":false}}