{"referredEntities":{},"entity":{"typeName":"m4i_gov_data_quality","attributes":{"owner":null,"archimateReference":[],"expression":"completeness('kafkaClusters')","replicatedTo":null,"userDescription":null,"replicatedFrom":null,"qualifiedName":"m4i_system--kafkaClusters","displayName":null,"description":null,"active":true,"source":[],"ruleDescription":"clusters is not None and is not empty","nonCompliantMessage":"This entity is missing a kafkaClusters","ruleType":"attribute","name":"m4i_system--kafkaClusters","compliantMessage":"This entity has a kafkaClusters","id":3,"qualityDimension":"clusters","expressionVersion":"1"},"guid":"5c8021fa-d439-4884-a5e5-fd2e28c7d567","isIncomplete":false,"provenanceType":0,"status":"ACTIVE","createdBy":"admin","updatedBy":"admin","createTime":1656522427794,"updateTime":1663931063480,"version":0,"relationshipAttributes":{"inputToProcesses":[],"pipeline":null,"schema":[],"ArchiMateReference":[],"model":null,"source":[],"meanings":[],"outputFromProcesses":[]},"labels":[],"proxy":false}}