{"referredEntities":{},"entity":{"typeName":"m4i_data_quality","attributes":{"owner":null,"archimateReference":[],"expression":"Formatting('downtimeinminutes', R'^[0-9]+$')","replicatedTo":null,"userDescription":null,"replicatedFrom":null,"qualifiedName":"nl3--nl3plant--nl3plant001--downtimeinminutes--5","displayName":null,"description":null,"active":true,"source":[],"businessRuleDescription":"","ruleDescription":"This field must be numeric","name":"nl3--nl3plant--nl3plant001--downtimeinminutes--5","filterRequired":true,"id":5,"qualityDimension":"Accuracy","expressionVersion":"","fields":[{"guid":"f50ac1b5-eb03-4f29-9e73-a5f44d0f4568","typeName":"m4i_field","uniqueAttributes":{"qualifiedName":"nl3--nl3plant--nl3plant001--downtimeinminutes"}}]},"guid":"5dc477c0-682d-4d1f-ba8e-582f15a19093","isIncomplete":false,"status":"ACTIVE","createdBy":"admin","updatedBy":"admin","createTime":1666701543730,"updateTime":1666701543730,"version":0,"relationshipAttributes":{"inputToProcesses":[],"pipeline":null,"schema":[],"ArchiMateReference":[],"model":null,"source":[{"guid":"76c08811-3d6f-4c96-8716-d1c2eea338ca","typeName":"m4i_source","entityStatus":"ACTIVE","displayText":"Plant","relationshipType":"m4i_referenceable_source_assignment","relationshipGuid":"dc897fa3-7edd-416f-895a-47df28632429","relationshipStatus":"ACTIVE","relationshipAttributes":{"typeName":"m4i_referenceable_source_assignment"}}],"fields":[{"guid":"f50ac1b5-eb03-4f29-9e73-a5f44d0f4568","typeName":"m4i_field","entityStatus":"ACTIVE","displayText":"DownTimeInMinutes","relationshipType":"m4i_data_quality_field_assignment","relationshipGuid":"11a698ba-2e03-4c05-8edb-e6cfb4c5ed6c","relationshipStatus":"ACTIVE","relationshipAttributes":{"typeName":"m4i_data_quality_field_assignment"}}],"meanings":[],"outputFromProcesses":[]},"labels":[]}}