{"referredEntities":{},"entity":{"typeName":"m4i_data_quality","attributes":{"owner":null,"archimateReference":[],"expression":"uniqueness('skuid')","replicatedTo":null,"userDescription":null,"replicatedFrom":null,"qualifiedName":"nl3--nl3plant--nl3plant001--skuid--16","displayName":null,"description":null,"active":true,"source":[],"businessRuleDescription":"","ruleDescription":"Must be unique","name":"nl3--nl3plant--nl3plant001--skuid--16","filterRequired":true,"id":16,"qualityDimension":"Uniqueness","expressionVersion":"","fields":[{"guid":"afcf2bbb-a213-4716-9cf4-88c4b306c65b","typeName":"m4i_field","uniqueAttributes":{"qualifiedName":"nl3--nl3plant--nl3plant001--skuid"}}]},"guid":"5f2d6ffb-8c0b-4542-a41e-33cb0d9d4aac","isIncomplete":false,"status":"ACTIVE","createdBy":"admin","updatedBy":"admin","createTime":1666701543730,"updateTime":1666701543730,"version":0,"relationshipAttributes":{"inputToProcesses":[],"pipeline":null,"schema":[],"ArchiMateReference":[],"model":null,"source":[{"guid":"76c08811-3d6f-4c96-8716-d1c2eea338ca","typeName":"m4i_source","entityStatus":"ACTIVE","displayText":"Plant","relationshipType":"m4i_referenceable_source_assignment","relationshipGuid":"0d9c70d0-2e2c-46f6-ab20-cce30c6de57a","relationshipStatus":"ACTIVE","relationshipAttributes":{"typeName":"m4i_referenceable_source_assignment"}}],"fields":[{"guid":"afcf2bbb-a213-4716-9cf4-88c4b306c65b","typeName":"m4i_field","entityStatus":"ACTIVE","displayText":"SKUId","relationshipType":"m4i_data_quality_field_assignment","relationshipGuid":"a12e6980-bf2b-4b60-a62a-88cf1c0ee7ae","relationshipStatus":"ACTIVE","relationshipAttributes":{"typeName":"m4i_data_quality_field_assignment"}}],"meanings":[],"outputFromProcesses":[]},"labels":[]}}