{"referredEntities":{},"entity":{"typeName":"m4i_data_quality","attributes":{"owner":null,"archimateReference":[],"expression":"Completeness('workorderid')","replicatedTo":null,"userDescription":null,"replicatedFrom":null,"qualifiedName":"nl3--nl3plant--nl3plant001--workorderid--8","displayName":null,"description":null,"active":true,"source":[],"businessRuleDescription":"","ruleDescription":"This field must be filled at all times","name":"nl3--nl3plant--nl3plant001--workorderid--8","filterRequired":true,"id":8,"qualityDimension":"Completeness","expressionVersion":"","fields":[{"guid":"21f89d8f-4e10-4419-b135-6a84d55ed63f","typeName":"m4i_field","uniqueAttributes":{"qualifiedName":"nl3--nl3plant--nl3plant001--workorderid"}}]},"guid":"61484c0e-89db-49ff-a67a-2e3bb2e9219c","isIncomplete":false,"status":"ACTIVE","createdBy":"admin","updatedBy":"admin","createTime":1666701543730,"updateTime":1666701543730,"version":0,"relationshipAttributes":{"inputToProcesses":[],"pipeline":null,"schema":[],"ArchiMateReference":[],"model":null,"source":[{"guid":"76c08811-3d6f-4c96-8716-d1c2eea338ca","typeName":"m4i_source","entityStatus":"ACTIVE","displayText":"Plant","relationshipType":"m4i_referenceable_source_assignment","relationshipGuid":"579073db-a832-46ec-ac7d-e2513d614cb3","relationshipStatus":"ACTIVE","relationshipAttributes":{"typeName":"m4i_referenceable_source_assignment"}}],"fields":[{"guid":"21f89d8f-4e10-4419-b135-6a84d55ed63f","typeName":"m4i_field","entityStatus":"ACTIVE","displayText":"WorkOrderId","relationshipType":"m4i_data_quality_field_assignment","relationshipGuid":"c8a636cf-df56-45d4-b436-39e743730256","relationshipStatus":"ACTIVE","relationshipAttributes":{"typeName":"m4i_data_quality_field_assignment"}}],"meanings":[],"outputFromProcesses":[]},"labels":[]}}