{"referredEntities":{},"entity":{"typeName":"m4i_data_attribute","attributes":{"archimateReference":[],"replicatedTo":null,"replicatedFrom":null,"steward":[{"guid":"4f4948ae-2df0-437d-8c6a-e9cba5db8063","typeName":"m4i_person","uniqueAttributes":{"qualifiedName":"cornelis.kramer@email.com","email":"cornelis.kramer@email.com"}}],"qualifiedName":"personnel-and-organization--personnel--internal--payroll","dataEntity":[{"guid":"818f6d40-b74d-4971-a039-efe8ccdc8f5b","typeName":"m4i_data_entity","uniqueAttributes":{"qualifiedName":"personnel-and-organization--personnel--internal"}}],"source":[],"isKeyData":"Yes","hasPII":null,"attributeType":"Text","name":"Payroll","definition":"This attribute describes the country where the employee is on the payroll as well as the period of payment.","riskClassification":"Low","fields":[{"guid":"256c4e35-2705-4494-bcba-cfef75694a86","typeName":"m4i_field","uniqueAttributes":{"qualifiedName":"elas1--hr--PAYROLL"}},{"guid":"1fec5463-2a52-4c6e-840a-7846854d54dc","typeName":"m4i_field","uniqueAttributes":{"qualifiedName":"nl1--nl1hr--nl1hr001--payroll"}},{"guid":"b0de95f9-7e12-4505-a4ce-a165943936ce","typeName":"m4i_field","uniqueAttributes":{"qualifiedName":"cc1--kaf1--kaf1-hr--change-event--payload--payload--payroll"}}],"businessOwner":[{"guid":"45e581d9-452c-4d48-98e0-452b7a109efb","typeName":"m4i_person","uniqueAttributes":{"qualifiedName":"merel.hofman@email.com","email":"merel.hofman@email.com"}}]},"guid":"630f2093-27fd-4454-af91-fc2be86f93e8","isIncomplete":false,"provenanceType":0,"status":"ACTIVE","createdBy":"admin","updatedBy":"admin","createTime":1656521955001,"updateTime":1663931063480,"version":0,"relationshipAttributes":{"ArchiMateReference":[],"steward":[{"guid":"4f4948ae-2df0-437d-8c6a-e9cba5db8063","typeName":"m4i_person","entityStatus":"ACTIVE","displayText":"Cornelis Kramer","relationshipType":"m4i_data_attribute_steward_assignment","relationshipGuid":"2f82c829-b704-4a0f-8b2c-172c8a6bd265","relationshipStatus":"ACTIVE","relationshipAttributes":{"typeName":"m4i_data_attribute_steward_assignment"}}],"dataEntity":[{"guid":"818f6d40-b74d-4971-a039-efe8ccdc8f5b","typeName":"m4i_data_entity","entityStatus":"ACTIVE","displayText":"Internal","relationshipType":"m4i_data_entity_attribute_assignment","relationshipGuid":"389b00a5-acad-47bf-9ea4-79bf7932f779","relationshipStatus":"ACTIVE","relationshipAttributes":{"typeName":"m4i_data_entity_attribute_assignment"}}],"source":[{"guid":"2bee6dca-fea0-478b-824e-d97365d18bbe","typeName":"m4i_source","entityStatus":"ACTIVE","displayText":"/hr/hr/Data Dictionary_template.xlsm","relationshipType":"m4i_referenceable_source_assignment","relationshipGuid":"c9f0294d-748d-4c16-b037-894c7e9347c9","relationshipStatus":"ACTIVE","relationshipAttributes":{"typeName":"m4i_referenceable_source_assignment"}}],"fields":[{"guid":"256c4e35-2705-4494-bcba-cfef75694a86","typeName":"m4i_field","entityStatus":"ACTIVE","displayText":"PAYROLL","relationshipType":"m4i_data_attribute_field_assignment","relationshipGuid":"faf57283-a826-409e-ad6a-e85c49d8978e","relationshipStatus":"ACTIVE","relationshipAttributes":{"typeName":"m4i_data_attribute_field_assignment"}},{"guid":"1fec5463-2a52-4c6e-840a-7846854d54dc","typeName":"m4i_field","entityStatus":"ACTIVE","displayText":"PAYROLL","relationshipType":"m4i_data_attribute_field_assignment","relationshipGuid":"ab899bb6-b774-478a-b8f1-80594853d39e","relationshipStatus":"ACTIVE","relationshipAttributes":{"typeName":"m4i_data_attribute_field_assignment"}},{"guid":"b0de95f9-7e12-4505-a4ce-a165943936ce","typeName":"m4i_field","entityStatus":"ACTIVE","displayText":"PAYROLL","relationshipType":"m4i_data_attribute_field_assignment","relationshipGuid":"c08547b5-f573-4789-9271-e03d5ab7b4a6","relationshipStatus":"ACTIVE","relationshipAttributes":{"typeName":"m4i_data_attribute_field_assignment"}}],"businessOwner":[{"guid":"45e581d9-452c-4d48-98e0-452b7a109efb","typeName":"m4i_person","entityStatus":"ACTIVE","displayText":"Merel Hofman","relationshipType":"m4i_data_attribute_business_owner_assignment","relationshipGuid":"406ff3ef-1ce1-4ec4-a049-0919b6c32b55","relationshipStatus":"ACTIVE","relationshipAttributes":{"typeName":"m4i_data_attribute_business_owner_assignment"}}],"meanings":[]},"classifications":[{"typeName":"low_risk","entityGuid":"630f2093-27fd-4454-af91-fc2be86f93e8","entityStatus":"ACTIVE","propagate":true,"validityPeriods":[],"removePropagationsOnEntityDelete":true},{"typeName":"key_data","entityGuid":"630f2093-27fd-4454-af91-fc2be86f93e8","entityStatus":"ACTIVE","propagate":true,"validityPeriods":[],"removePropagationsOnEntityDelete":true}],"labels":[],"proxy":false}}