{"referredEntities":{},"entity":{"typeName":"m4i_gov_data_quality","attributes":{"owner":null,"archimateReference":[],"expression":"completeness('dataDomain')","replicatedTo":null,"userDescription":null,"replicatedFrom":null,"qualifiedName":"m4i_data_entity--dataDomain","displayName":null,"description":null,"active":true,"source":[],"ruleDescription":"dataDomain is not None and is not empty","nonCompliantMessage":"This entity is missing a dataDomain","ruleType":"attribute","name":"m4i_data_entity--dataDomain","compliantMessage":"This entity has a dataDomain","id":6,"qualityDimension":"completeness","expressionVersion":"1"},"guid":"67016681-52da-4402-8bfc-1f01ccc29196","isIncomplete":false,"provenanceType":0,"status":"ACTIVE","createdBy":"admin","updatedBy":"admin","createTime":1656522427794,"updateTime":1663931063480,"version":0,"relationshipAttributes":{"inputToProcesses":[],"pipeline":null,"schema":[],"ArchiMateReference":[],"model":null,"source":[],"meanings":[],"outputFromProcesses":[]},"labels":[],"proxy":false}}