{"referredEntities":{},"entity":{"typeName":"m4i_gov_data_quality","attributes":{"owner":null,"archimateReference":[],"expression":"completeness('datasets')","replicatedTo":null,"userDescription":null,"replicatedFrom":null,"qualifiedName":"m4i_collection--datasets","displayName":null,"description":null,"active":true,"source":[],"ruleDescription":"datasets is not None and is not empty","nonCompliantMessage":"This entity is missing a datasets","ruleType":"attribute","name":"m4i_collection--datasets","compliantMessage":"This entity has a datasets","id":3,"qualityDimension":"completeness","expressionVersion":"1"},"guid":"69c6a273-9255-4454-ba81-e58cf1a1d055","isIncomplete":false,"provenanceType":0,"status":"ACTIVE","createdBy":"admin","updatedBy":"admin","createTime":1656522427794,"updateTime":1663931063480,"version":0,"relationshipAttributes":{"inputToProcesses":[],"pipeline":null,"schema":[],"ArchiMateReference":[],"model":null,"source":[],"meanings":[],"outputFromProcesses":[]},"labels":[],"proxy":false}}