{"referredEntities":{},"entity":{"typeName":"m4i_generic_process","attributes":{"owner":null,"outputs":[{"guid":"a3d5ab59-783e-4bdb-868d-bfff41181745","typeName":"m4i_dataset","uniqueAttributes":{"qualifiedName":"kib1-hourly-index"}}],"archimateReference":[],"replicatedTo":null,"userDescription":null,"replicatedFrom":null,"qualifiedName":"elas1--hourly--kib1-hourly--index","displayName":null,"inputs":[{"guid":"8e146f38-013e-4935-84aa-8d59a5539d3d","typeName":"m4i_dataset","uniqueAttributes":{"qualifiedName":"elas1--hourly"}}],"description":null,"source":[],"processOwner":[],"name":"Queried for"},"guid":"6a99a666-b155-466b-b9d9-0708248420f8","isIncomplete":false,"provenanceType":0,"status":"ACTIVE","createdBy":"admin","updatedBy":"admin","createTime":1663930612394,"updateTime":1663931063480,"version":0,"relationshipAttributes":{"outputs":[{"guid":"a3d5ab59-783e-4bdb-868d-bfff41181745","typeName":"m4i_dataset","entityStatus":"ACTIVE","displayText":"plant hourly","relationshipType":"process_dataset_outputs","relationshipGuid":"ae16151b-64b0-475a-bcea-0e035ba278b0","relationshipStatus":"ACTIVE","relationshipAttributes":{"typeName":"process_dataset_outputs"}}],"ArchiMateReference":[],"processOwner":[],"inputs":[{"guid":"8e146f38-013e-4935-84aa-8d59a5539d3d","typeName":"m4i_dataset","entityStatus":"ACTIVE","displayText":"hourly","relationshipType":"dataset_process_inputs","relationshipGuid":"5c04f99b-28cd-4ea7-8075-529b4ffa6075","relationshipStatus":"ACTIVE","relationshipAttributes":{"typeName":"dataset_process_inputs"}}],"source":[],"meanings":[]},"labels":[],"proxy":false}}