{"referredEntities":{},"entity":{"typeName":"m4i_data_quality","attributes":{"owner":null,"archimateReference":[],"expression":"Completeness('shiftid')","replicatedTo":null,"userDescription":null,"replicatedFrom":null,"qualifiedName":"nl3--nl3plant--nl3plant001--shiftid--9","displayName":null,"description":null,"active":true,"source":[],"businessRuleDescription":"","ruleDescription":"This field must be filled at all times","name":"nl3--nl3plant--nl3plant001--shiftid--9","filterRequired":true,"id":9,"qualityDimension":"Completeness","expressionVersion":"","fields":[{"guid":"4fb8e1e8-96f3-4edd-a951-e98310526654","typeName":"m4i_field","uniqueAttributes":{"qualifiedName":"nl3--nl3plant--nl3plant001--shiftid"}}]},"guid":"71979146-c465-4293-a0e8-10825a7d4fb6","isIncomplete":false,"status":"ACTIVE","createdBy":"admin","updatedBy":"admin","createTime":1666701543730,"updateTime":1666701543730,"version":0,"relationshipAttributes":{"inputToProcesses":[],"pipeline":null,"schema":[],"ArchiMateReference":[],"model":null,"source":[{"guid":"76c08811-3d6f-4c96-8716-d1c2eea338ca","typeName":"m4i_source","entityStatus":"ACTIVE","displayText":"Plant","relationshipType":"m4i_referenceable_source_assignment","relationshipGuid":"b5fbbeba-a91d-4668-bce7-05c38f221244","relationshipStatus":"ACTIVE","relationshipAttributes":{"typeName":"m4i_referenceable_source_assignment"}}],"fields":[{"guid":"4fb8e1e8-96f3-4edd-a951-e98310526654","typeName":"m4i_field","entityStatus":"ACTIVE","displayText":"ShiftId","relationshipType":"m4i_data_quality_field_assignment","relationshipGuid":"a262889e-eaae-4730-925b-59a22c424e97","relationshipStatus":"ACTIVE","relationshipAttributes":{"typeName":"m4i_data_quality_field_assignment"}}],"meanings":[],"outputFromProcesses":[]},"labels":[]}}