{"referredEntities":{},"entity":{"typeName":"m4i_data_quality","attributes":{"owner":null,"archimateReference":[],"expression":"formatting('CC_EMPLOYEE', r'^\\d{4}')","replicatedTo":null,"userDescription":null,"replicatedFrom":null,"qualifiedName":"nl1--nl1hr--nl1hr001--cc_employee--18","displayName":null,"description":null,"active":true,"source":[],"businessRuleDescription":"","ruleDescription":"This field has a fixed syntax. This field always starts with four digits followed by letters","name":"nl1--nl1hr--nl1hr001--cc_employee--18","filterRequired":true,"id":18,"qualityDimension":"Accuracy","expressionVersion":"1","fields":[{"guid":"f5a28b80-cb8c-474c-b699-cc68b2159c3d","typeName":"m4i_field","uniqueAttributes":{"qualifiedName":"nl1--nl1hr--nl1hr001--cc_employee"}}]},"guid":"7240b464-7317-474c-8dfc-0f42dedfeff2","isIncomplete":false,"provenanceType":0,"status":"ACTIVE","createdBy":"admin","updatedBy":"admin","createTime":1656522080758,"updateTime":1663931063480,"version":0,"relationshipAttributes":{"inputToProcesses":[],"pipeline":null,"schema":[],"ArchiMateReference":[],"model":null,"source":[{"guid":"2bee6dca-fea0-478b-824e-d97365d18bbe","typeName":"m4i_source","entityStatus":"ACTIVE","displayText":"/hr/hr/Data Dictionary_template.xlsm","relationshipType":"m4i_referenceable_source_assignment","relationshipGuid":"fa5f4e7c-a6c6-4711-ab9d-c43494275d06","relationshipStatus":"ACTIVE","relationshipAttributes":{"typeName":"m4i_referenceable_source_assignment"}}],"fields":[{"guid":"f5a28b80-cb8c-474c-b699-cc68b2159c3d","typeName":"m4i_field","entityStatus":"ACTIVE","displayText":"CC_EMPLOYEE","relationshipType":"m4i_data_quality_field_assignment","relationshipGuid":"325036d4-0d21-4e90-ae18-1199faebe5c2","relationshipStatus":"ACTIVE","relationshipAttributes":{"typeName":"m4i_data_quality_field_assignment"}}],"meanings":[],"outputFromProcesses":[]},"labels":[],"proxy":false}}