{
  "referredEntities": {},
  "entity": {
    "typeName": "m4i_gov_data_quality",
    "attributes": {
      "owner": null,
      "archimateReference": [],
      "expression": "conditional_value('target_relationship_type', 'source_typename', {'m4i_dataset_assignment':'m4i_dataset'})",
      "replicatedTo": null,
      "userDescription": null,
      "replicatedFrom": null,
      "qualifiedName": "m4i_dataset--collections--source",
      "displayName": null,
      "description": null,
      "active": true,
      "source": [],
      "ruleDescription": "collections source relation type is m4i_dataset",
      "nonCompliantMessage": "This entity is missing a source relationship type as m4i_dataset",
      "ruleType": "relationship",
      "name": "m4i_dataset--collections--source",
      "compliantMessage": "This entity has a source relationship type as m4i_dataset",
      "id": 6,
      "qualityDimension": "completeness",
      "expressionVersion": "1"
    },
    "guid": "7274e26b-af30-497b-8839-96b01b01ba83",
    "isIncomplete": false,
    "provenanceType": 0,
    "status": "ACTIVE",
    "createdBy": "admin",
    "updatedBy": "admin",
    "createTime": 1656522427794,
    "updateTime": 1663931063480,
    "version": 0,
    "relationshipAttributes": {
      "inputToProcesses": [],
      "pipeline": null,
      "schema": [],
      "ArchiMateReference": [],
      "model": null,
      "source": [],
      "meanings": [],
      "outputFromProcesses": []
    },
    "labels": [],
    "proxy": false
  }
}