{"referredEntities":{},"entity":{"typeName":"m4i_data_quality","attributes":{"owner":null,"archimateReference":[],"expression":"invalidity('FULL_NAME', ['x', 'X', 'name', 'Name', 'TBD', ' '])","replicatedTo":null,"userDescription":null,"replicatedFrom":null,"qualifiedName":"nl1--nl1hr--nl1hr001--fullname--21","displayName":null,"description":null,"active":true,"source":[],"businessRuleDescription":"","ruleDescription":"This field must not contain a dummy value","name":"nl1--nl1hr--nl1hr001--fullname--21","filterRequired":true,"id":21,"qualityDimension":"Accuracy","expressionVersion":"1","fields":[{"guid":"ef2574a8-ac41-4f14-ba4a-a29974117b60","typeName":"m4i_field","uniqueAttributes":{"qualifiedName":"nl1--nl1hr--nl1hr001--fullname"}}]},"guid":"74636bfa-0767-4cf8-a84c-782f5a83d5c3","isIncomplete":false,"provenanceType":0,"status":"ACTIVE","createdBy":"admin","updatedBy":"admin","createTime":1656522080758,"updateTime":1663931063480,"version":0,"relationshipAttributes":{"inputToProcesses":[],"pipeline":null,"schema":[],"ArchiMateReference":[],"model":null,"source":[{"guid":"2bee6dca-fea0-478b-824e-d97365d18bbe","typeName":"m4i_source","entityStatus":"ACTIVE","displayText":"/hr/hr/Data Dictionary_template.xlsm","relationshipType":"m4i_referenceable_source_assignment","relationshipGuid":"ef06db0c-a93e-4767-b835-4980de1ecdf0","relationshipStatus":"ACTIVE","relationshipAttributes":{"typeName":"m4i_referenceable_source_assignment"}}],"fields":[{"guid":"ef2574a8-ac41-4f14-ba4a-a29974117b60","typeName":"m4i_field","entityStatus":"ACTIVE","displayText":"FULLNAME","relationshipType":"m4i_data_quality_field_assignment","relationshipGuid":"a59f81c8-e605-4303-a05f-e2024bb23689","relationshipStatus":"ACTIVE","relationshipAttributes":{"typeName":"m4i_data_quality_field_assignment"}}],"meanings":[],"outputFromProcesses":[]},"labels":[],"proxy":false}}