{"referredEntities":{},"entity":{"typeName":"m4i_field","attributes":{"archimateReference":[],"replicatedTo":null,"replicatedFrom":null,"hasContent":null,"steward":[],"qualifiedName":"elas1--hourly--shiftname","source":[],"datasets":[],"parentField":[],"optionalField":null,"name":"shiftname","definition":null,"attributes":[],"fieldType":"keyword","childField":[]},"guid":"74ab439e-021d-42ec-9627-0eba154df175","isIncomplete":false,"provenanceType":0,"status":"ACTIVE","createdBy":"admin","updatedBy":"admin","createTime":1663930105074,"updateTime":1663930105074,"version":0,"relationshipAttributes":{"ArchiMateReference":[],"dataQuality":[],"attributes":[{"guid":"45d4dd9e-66b7-44b4-8e7f-5a9815dc5d5b","typeName":"m4i_data_attribute","entityStatus":"ACTIVE","displayText":"ShiftName","relationshipType":"m4i_data_attribute_field_assignment","relationshipGuid":"b9dee2a5-0714-4075-b6ca-6fdf6c42b07f","relationshipStatus":"ACTIVE","relationshipAttributes":{"typeName":"m4i_data_attribute_field_assignment"}}],"datasets":[{"guid":"8e146f38-013e-4935-84aa-8d59a5539d3d","typeName":"m4i_dataset","entityStatus":"ACTIVE","displayText":"hourly","relationshipType":"m4i_field_assignment","relationshipGuid":"2d11ed9f-3e74-432d-815b-4069c5110e90","relationshipStatus":"ACTIVE","relationshipAttributes":{"typeName":"m4i_field_assignment","attributes":{"typeInformation":null}}}],"source":[],"meanings":[],"parentField":[],"childField":[]},"classifications":[{"typeName":"low_risk","entityGuid":"45d4dd9e-66b7-44b4-8e7f-5a9815dc5d5b","entityStatus":"ACTIVE","propagate":true,"validityPeriods":[],"removePropagationsOnEntityDelete":true}],"labels":[],"proxy":false}}