{"referredEntities":{},"entity":{"typeName":"m4i_source","attributes":{"archimateReference":[],"replicatedTo":null,"replicatedFrom":null,"qualifiedName":"Plant@plant/plant@no_version","hashCode":"no_version","name":"Plant","changeLog":[{"guid":"2000006a-c294-4fa1-9f0e-0c4531640ba9","typeName":"m4i_data_quality","uniqueAttributes":{"qualifiedName":"nl3--nl3plant--nl3plant001--uptime--3"}},{"guid":"273ccea2-345d-4944-b06a-a1f4ca79c02e","typeName":"m4i_data_quality","uniqueAttributes":{"qualifiedName":"nl3--nl3plant--nl3plant001--plantid--12"}},{"guid":"706be878-7073-4721-943b-39edc56aadbe","typeName":"m4i_data_quality","uniqueAttributes":{"qualifiedName":"nl3--nl3plant--nl3plant001--workcenterid--2"}},{"guid":"5f2d6ffb-8c0b-4542-a41e-33cb0d9d4aac","typeName":"m4i_data_quality","uniqueAttributes":{"qualifiedName":"nl3--nl3plant--nl3plant001--skuid--16"}},{"guid":"5dc477c0-682d-4d1f-ba8e-582f15a19093","typeName":"m4i_data_quality","uniqueAttributes":{"qualifiedName":"nl3--nl3plant--nl3plant001--downtimeinminutes--5"}},{"guid":"a2e70019-7612-456d-9539-951d9d596f08","typeName":"m4i_data_quality","uniqueAttributes":{"qualifiedName":"nl3--nl3plant--nl3plant001--partsperminute--4"}},{"guid":"b4250d77-0610-425b-807d-80beb7517a78","typeName":"m4i_data_quality","uniqueAttributes":{"qualifiedName":"nl3--nl3plant--nl3plant001--equipmentstatus--7"}},{"guid":"dffed8c6-26c5-451a-a0b3-607918db1a41","typeName":"m4i_data_quality","uniqueAttributes":{"qualifiedName":"nl3--nl3plant--nl3plant001--workcenterid--1"}},{"guid":"f059fb93-704d-4371-bd4d-b542830a4c14","typeName":"m4i_data_quality","uniqueAttributes":{"qualifiedName":"nl3--nl3plant--nl3plant001--scheduleddowntime--6"}},{"guid":"0e0b34ad-a064-44e1-9849-cac58afdb4ac","typeName":"m4i_data_quality","uniqueAttributes":{"qualifiedName":"nl3--nl3plant--nl3plant001--oee--14"}},{"guid":"71979146-c465-4293-a0e8-10825a7d4fb6","typeName":"m4i_data_quality","uniqueAttributes":{"qualifiedName":"nl3--nl3plant--nl3plant001--shiftid--9"}},{"guid":"8c9035d1-4782-41a1-9f35-74b5b6cb1338","typeName":"m4i_data_quality","uniqueAttributes":{"qualifiedName":"nl3--nl3plant--nl3plant001--assetid--11"}},{"guid":"0f02d787-8251-471e-aa51-ecac16be59ad","typeName":"m4i_data_quality","uniqueAttributes":{"qualifiedName":"nl3--nl3plant--nl3plant001--oee--15"}},{"guid":"02964595-e338-4918-9998-87c8b9bc55d5","typeName":"m4i_data_quality","uniqueAttributes":{"qualifiedName":"nl3--nl3plant--nl3plant001--siteid--10"}},{"guid":"e1a616b0-6ce7-4cbd-9339-08c40805f717","typeName":"m4i_data_quality","uniqueAttributes":{"qualifiedName":"nl3--nl3plant--nl3plant001--skuid--13"}},{"guid":"61484c0e-89db-49ff-a67a-2e3bb2e9219c","typeName":"m4i_data_quality","uniqueAttributes":{"qualifiedName":"nl3--nl3plant--nl3plant001--workorderid--8"}}],"source":[],"branch":"plant/plant"},"guid":"76c08811-3d6f-4c96-8716-d1c2eea338ca","isIncomplete":false,"status":"ACTIVE","createdBy":"admin","updatedBy":"admin","createTime":1666701184158,"updateTime":1666701543730,"version":0,"relationshipAttributes":{"ArchiMateReference":[],"changeLog":[{"guid":"2000006a-c294-4fa1-9f0e-0c4531640ba9","typeName":"m4i_data_quality","entityStatus":"ACTIVE","displayText":"nl3--nl3plant--nl3plant001--uptime--3","relationshipType":"m4i_referenceable_source_assignment","relationshipGuid":"4b635ef6-bcdb-421f-9353-00df44689c94","relationshipStatus":"ACTIVE","relationshipAttributes":{"typeName":"m4i_referenceable_source_assignment"}},{"guid":"273ccea2-345d-4944-b06a-a1f4ca79c02e","typeName":"m4i_data_quality","entityStatus":"ACTIVE","displayText":"nl3--nl3plant--nl3plant001--plantid--12","relationshipType":"m4i_referenceable_source_assignment","relationshipGuid":"e3fc62c1-2ca5-4f73-bdd1-4db9bf490cc2","relationshipStatus":"ACTIVE","relationshipAttributes":{"typeName":"m4i_referenceable_source_assignment"}},{"guid":"706be878-7073-4721-943b-39edc56aadbe","typeName":"m4i_data_quality","entityStatus":"ACTIVE","displayText":"nl3--nl3plant--nl3plant001--workcenterid--2","relationshipType":"m4i_referenceable_source_assignment","relationshipGuid":"daf413ae-ec7b-46a7-bb6c-0c2ee73990ce","relationshipStatus":"ACTIVE","relationshipAttributes":{"typeName":"m4i_referenceable_source_assignment"}},{"guid":"5f2d6ffb-8c0b-4542-a41e-33cb0d9d4aac","typeName":"m4i_data_quality","entityStatus":"ACTIVE","displayText":"nl3--nl3plant--nl3plant001--skuid--16","relationshipType":"m4i_referenceable_source_assignment","relationshipGuid":"0d9c70d0-2e2c-46f6-ab20-cce30c6de57a","relationshipStatus":"ACTIVE","relationshipAttributes":{"typeName":"m4i_referenceable_source_assignment"}},{"guid":"5dc477c0-682d-4d1f-ba8e-582f15a19093","typeName":"m4i_data_quality","entityStatus":"ACTIVE","displayText":"nl3--nl3plant--nl3plant001--downtimeinminutes--5","relationshipType":"m4i_referenceable_source_assignment","relationshipGuid":"dc897fa3-7edd-416f-895a-47df28632429","relationshipStatus":"ACTIVE","relationshipAttributes":{"typeName":"m4i_referenceable_source_assignment"}},{"guid":"a2e70019-7612-456d-9539-951d9d596f08","typeName":"m4i_data_quality","entityStatus":"ACTIVE","displayText":"nl3--nl3plant--nl3plant001--partsperminute--4","relationshipType":"m4i_referenceable_source_assignment","relationshipGuid":"aeb1bd77-32e0-45ce-8ead-d10eaa8dcb0d","relationshipStatus":"ACTIVE","relationshipAttributes":{"typeName":"m4i_referenceable_source_assignment"}},{"guid":"b4250d77-0610-425b-807d-80beb7517a78","typeName":"m4i_data_quality","entityStatus":"ACTIVE","displayText":"nl3--nl3plant--nl3plant001--equipmentstatus--7","relationshipType":"m4i_referenceable_source_assignment","relationshipGuid":"6cd19b6f-7b8f-4ed0-9439-ce9169552a2f","relationshipStatus":"ACTIVE","relationshipAttributes":{"typeName":"m4i_referenceable_source_assignment"}},{"guid":"dffed8c6-26c5-451a-a0b3-607918db1a41","typeName":"m4i_data_quality","entityStatus":"ACTIVE","displayText":"nl3--nl3plant--nl3plant001--workcenterid--1","relationshipType":"m4i_referenceable_source_assignment","relationshipGuid":"74030781-ab3e-4a7f-9a5c-6e92aa6908ca","relationshipStatus":"ACTIVE","relationshipAttributes":{"typeName":"m4i_referenceable_source_assignment"}},{"guid":"f059fb93-704d-4371-bd4d-b542830a4c14","typeName":"m4i_data_quality","entityStatus":"ACTIVE","displayText":"nl3--nl3plant--nl3plant001--scheduleddowntime--6","relationshipType":"m4i_referenceable_source_assignment","relationshipGuid":"48374a0b-e193-4436-9985-5a293e214db2","relationshipStatus":"ACTIVE","relationshipAttributes":{"typeName":"m4i_referenceable_source_assignment"}},{"guid":"0e0b34ad-a064-44e1-9849-cac58afdb4ac","typeName":"m4i_data_quality","entityStatus":"ACTIVE","displayText":"nl3--nl3plant--nl3plant001--oee--14","relationshipType":"m4i_referenceable_source_assignment","relationshipGuid":"21d49bcb-ae6c-4510-9cd9-2753a975ae79","relationshipStatus":"ACTIVE","relationshipAttributes":{"typeName":"m4i_referenceable_source_assignment"}},{"guid":"71979146-c465-4293-a0e8-10825a7d4fb6","typeName":"m4i_data_quality","entityStatus":"ACTIVE","displayText":"nl3--nl3plant--nl3plant001--shiftid--9","relationshipType":"m4i_referenceable_source_assignment","relationshipGuid":"b5fbbeba-a91d-4668-bce7-05c38f221244","relationshipStatus":"ACTIVE","relationshipAttributes":{"typeName":"m4i_referenceable_source_assignment"}},{"guid":"8c9035d1-4782-41a1-9f35-74b5b6cb1338","typeName":"m4i_data_quality","entityStatus":"ACTIVE","displayText":"nl3--nl3plant--nl3plant001--assetid--11","relationshipType":"m4i_referenceable_source_assignment","relationshipGuid":"e7572ba1-a53c-4aa0-964d-c6612a42e44f","relationshipStatus":"ACTIVE","relationshipAttributes":{"typeName":"m4i_referenceable_source_assignment"}},{"guid":"0f02d787-8251-471e-aa51-ecac16be59ad","typeName":"m4i_data_quality","entityStatus":"ACTIVE","displayText":"nl3--nl3plant--nl3plant001--oee--15","relationshipType":"m4i_referenceable_source_assignment","relationshipGuid":"d2b8c03e-91cb-4f3a-a715-97993bf94265","relationshipStatus":"ACTIVE","relationshipAttributes":{"typeName":"m4i_referenceable_source_assignment"}},{"guid":"02964595-e338-4918-9998-87c8b9bc55d5","typeName":"m4i_data_quality","entityStatus":"ACTIVE","displayText":"nl3--nl3plant--nl3plant001--siteid--10","relationshipType":"m4i_referenceable_source_assignment","relationshipGuid":"c802d4a7-6d86-4e74-8e34-3744e7376eeb","relationshipStatus":"ACTIVE","relationshipAttributes":{"typeName":"m4i_referenceable_source_assignment"}},{"guid":"e1a616b0-6ce7-4cbd-9339-08c40805f717","typeName":"m4i_data_quality","entityStatus":"ACTIVE","displayText":"nl3--nl3plant--nl3plant001--skuid--13","relationshipType":"m4i_referenceable_source_assignment","relationshipGuid":"9232ab99-f3d4-49ef-8c60-c358a6bb0284","relationshipStatus":"ACTIVE","relationshipAttributes":{"typeName":"m4i_referenceable_source_assignment"}},{"guid":"61484c0e-89db-49ff-a67a-2e3bb2e9219c","typeName":"m4i_data_quality","entityStatus":"ACTIVE","displayText":"nl3--nl3plant--nl3plant001--workorderid--8","relationshipType":"m4i_referenceable_source_assignment","relationshipGuid":"579073db-a832-46ec-ac7d-e2513d614cb3","relationshipStatus":"ACTIVE","relationshipAttributes":{"typeName":"m4i_referenceable_source_assignment"}}],"source":[],"meanings":[]},"labels":[]}}