{
  "referredEntities": {},
  "entity": {
    "typeName": "m4i_gov_data_quality",
    "attributes": {
      "owner": null,
      "archimateReference": [],
      "expression": "completeness('type')",
      "replicatedTo": null,
      "userDescription": null,
      "replicatedFrom": null,
      "qualifiedName": "m4i_dataset--type",
      "displayName": null,
      "description": null,
      "active": true,
      "source": [],
      "ruleDescription": "type is not None and is not empty",
      "nonCompliantMessage": "This entity is missing a type",
      "ruleType": "attribute",
      "name": "m4i_dataset--type",
      "compliantMessage": "This entity has a type",
      "id": 4,
      "qualityDimension": "completeness",
      "expressionVersion": "1"
    },
    "guid": "7ade7cbb-474f-40c0-b248-27054bafe90f",
    "isIncomplete": false,
    "provenanceType": 0,
    "status": "ACTIVE",
    "createdBy": "admin",
    "updatedBy": "admin",
    "createTime": 1656522427794,
    "updateTime": 1663931063480,
    "version": 0,
    "relationshipAttributes": {
      "inputToProcesses": [],
      "pipeline": null,
      "schema": [],
      "ArchiMateReference": [],
      "model": null,
      "source": [],
      "meanings": [],
      "outputFromProcesses": []
    },
    "labels": [],
    "proxy": false
  }
}