{"referredEntities":{},"entity":{"typeName":"m4i_gov_data_quality","attributes":{"owner":null,"archimateReference":[],"expression":"completeness('parentDataset')","replicatedTo":null,"userDescription":null,"replicatedFrom":null,"qualifiedName":"m4i_dataset--parentDataset","displayName":null,"description":null,"active":true,"source":[],"ruleDescription":"parentDataset is not None and is not empty","nonCompliantMessage":"This entity is missing a parentDataset","ruleType":"attribute","name":"m4i_dataset--parentDataset","compliantMessage":"This entity has a parentDataset","id":8,"qualityDimension":"completeness","expressionVersion":"1"},"guid":"7bf6b045-704c-46ff-aed2-91885ff890f7","isIncomplete":false,"provenanceType":0,"status":"ACTIVE","createdBy":"admin","updatedBy":"admin","createTime":1656522427794,"updateTime":1663931063480,"version":0,"relationshipAttributes":{"inputToProcesses":[],"pipeline":null,"schema":[],"ArchiMateReference":[],"model":null,"source":[],"meanings":[],"outputFromProcesses":[]},"labels":[],"proxy":false}}