{"referredEntities":{},"entity":{"typeName":"m4i_gov_data_quality","attributes":{"owner":null,"archimateReference":[],"expression":"conditional_value('target_relationship_type', 'source_typename', {'m4i_indexPattern_visualization_assignment':'m4i_dataset'})","replicatedTo":null,"userDescription":null,"replicatedFrom":null,"qualifiedName":"m4i_dataset--childDataset--source","displayName":null,"description":null,"active":true,"source":[],"ruleDescription":"childDataset source relation type is m4i_dataset","nonCompliantMessage":"This entity is missing a source relationship type as m4i_dataset","ruleType":"relationship","name":"m4i_dataset--childDataset--source","compliantMessage":"This entity has a source relationship type as m4i_dataset","id":16,"qualityDimension":"completeness","expressionVersion":"1"},"guid":"7d200b39-4e76-4a84-b245-e084c72b9137","isIncomplete":false,"provenanceType":0,"status":"ACTIVE","createdBy":"admin","updatedBy":"admin","createTime":1656522427794,"updateTime":1663931063480,"version":0,"relationshipAttributes":{"inputToProcesses":[],"pipeline":null,"schema":[],"ArchiMateReference":[],"model":null,"source":[],"meanings":[],"outputFromProcesses":[]},"labels":[],"proxy":false}}