{"referredEntities":{},"entity":{"typeName":"m4i_gov_data_quality","attributes":{"owner":null,"archimateReference":[],"expression":"completeness('elasticCluster')","replicatedTo":null,"userDescription":null,"replicatedFrom":null,"qualifiedName":"m4i_dataset--elasticCluster","displayName":null,"description":null,"active":true,"source":[],"ruleDescription":"elasticCluster is not None and is not empty","nonCompliantMessage":"This entity is missing a elasticCluster","ruleType":"attribute","name":"m4i_dataset--elasticCluster","compliantMessage":"This entity has a elasticCluster","id":2,"qualityDimension":"completeness","expressionVersion":"1"},"guid":"7dced880-0fea-4f39-8dc4-fd7dcdf844e3","isIncomplete":false,"provenanceType":0,"status":"ACTIVE","createdBy":"admin","updatedBy":"admin","createTime":1656522427794,"updateTime":1663931063480,"version":0,"relationshipAttributes":{"inputToProcesses":[],"pipeline":null,"schema":[],"ArchiMateReference":[],"model":null,"source":[],"meanings":[],"outputFromProcesses":[]},"labels":[],"proxy":false}}