{"referredEntities":{},"entity":{"typeName":"m4i_data_attribute","attributes":{"archimateReference":[],"replicatedTo":null,"replicatedFrom":null,"steward":[{"guid":"55520e1f-52a3-4696-97e5-b5879323b53a","typeName":"m4i_person","uniqueAttributes":{"qualifiedName":"harper.taylor@email.com","email":"harper.taylor@email.com"}}],"qualifiedName":"personnel-and-organization--personnel--external--placement","dataEntity":[{"guid":"c0af931d-1cd3-4ecb-970f-ab804d289ada","typeName":"m4i_data_entity","uniqueAttributes":{"qualifiedName":"personnel-and-organization--personnel--external"}}],"source":[],"isKeyData":"Yes","hasPII":null,"attributeType":"Text","name":"Placement","definition":"This attribute describes the additional terms of employment that will apply to an employee that is involved in a placement. In this context, a placement means that an employee is assigned to a project or branch office.","riskClassification":"Low","fields":[{"guid":"fa03d0d2-f7b1-4758-95dd-cd14b5187d6f","typeName":"m4i_field","uniqueAttributes":{"qualifiedName":"nl1--nl1hr--nl1hr001--placement"}},{"guid":"bbfb2f23-3da2-4370-adc3-316becfaeee2","typeName":"m4i_field","uniqueAttributes":{"qualifiedName":"elas1--hr--PLACEMENT"}},{"guid":"95d8b812-3826-4908-baf1-be8e69aa0662","typeName":"m4i_field","uniqueAttributes":{"qualifiedName":"cc1--kaf1--kaf1-hr--change-event--payload--payload--placement"}}],"businessOwner":[{"guid":"665870e3-92cb-4dae-b58e-f4db45a7af38","typeName":"m4i_person","uniqueAttributes":{"qualifiedName":"summer.reid@email.com","email":"summer.reid@email.com"}}]},"guid":"81890ca5-42f0-44db-b03e-b130cfe16192","isIncomplete":false,"provenanceType":0,"status":"ACTIVE","createdBy":"admin","updatedBy":"admin","createTime":1656521955001,"updateTime":1663927932384,"version":0,"relationshipAttributes":{"ArchiMateReference":[],"steward":[{"guid":"55520e1f-52a3-4696-97e5-b5879323b53a","typeName":"m4i_person","entityStatus":"ACTIVE","displayText":"Harper Taylor","relationshipType":"m4i_data_attribute_steward_assignment","relationshipGuid":"26ebe20f-4f54-4880-97ac-1e33e4288a35","relationshipStatus":"ACTIVE","relationshipAttributes":{"typeName":"m4i_data_attribute_steward_assignment"}}],"dataEntity":[{"guid":"c0af931d-1cd3-4ecb-970f-ab804d289ada","typeName":"m4i_data_entity","entityStatus":"ACTIVE","displayText":"External","relationshipType":"m4i_data_entity_attribute_assignment","relationshipGuid":"5098d1c6-b2cf-4672-b275-1391ec9e56c8","relationshipStatus":"ACTIVE","relationshipAttributes":{"typeName":"m4i_data_entity_attribute_assignment"}}],"source":[{"guid":"2bee6dca-fea0-478b-824e-d97365d18bbe","typeName":"m4i_source","entityStatus":"ACTIVE","displayText":"/hr/hr/Data Dictionary_template.xlsm","relationshipType":"m4i_referenceable_source_assignment","relationshipGuid":"e71ac153-1495-4563-8af8-9162bfe558e3","relationshipStatus":"ACTIVE","relationshipAttributes":{"typeName":"m4i_referenceable_source_assignment"}}],"fields":[{"guid":"fa03d0d2-f7b1-4758-95dd-cd14b5187d6f","typeName":"m4i_field","entityStatus":"ACTIVE","displayText":"PLACEMENT","relationshipType":"m4i_data_attribute_field_assignment","relationshipGuid":"f2fa367f-206e-4c70-ad62-5295fc4aa20b","relationshipStatus":"ACTIVE","relationshipAttributes":{"typeName":"m4i_data_attribute_field_assignment"}},{"guid":"bbfb2f23-3da2-4370-adc3-316becfaeee2","typeName":"m4i_field","entityStatus":"ACTIVE","displayText":"PLACEMENT","relationshipType":"m4i_data_attribute_field_assignment","relationshipGuid":"184ac9ba-1a3e-4458-a160-adc03f009ff0","relationshipStatus":"ACTIVE","relationshipAttributes":{"typeName":"m4i_data_attribute_field_assignment"}},{"guid":"95d8b812-3826-4908-baf1-be8e69aa0662","typeName":"m4i_field","entityStatus":"ACTIVE","displayText":"PLACEMENT","relationshipType":"m4i_data_attribute_field_assignment","relationshipGuid":"d440892f-894c-4369-a29c-479451fd63cf","relationshipStatus":"ACTIVE","relationshipAttributes":{"typeName":"m4i_data_attribute_field_assignment"}}],"businessOwner":[{"guid":"665870e3-92cb-4dae-b58e-f4db45a7af38","typeName":"m4i_person","entityStatus":"ACTIVE","displayText":"Summer Reid","relationshipType":"m4i_data_attribute_business_owner_assignment","relationshipGuid":"c48d652f-5c59-41de-acb3-d26a724d8775","relationshipStatus":"ACTIVE","relationshipAttributes":{"typeName":"m4i_data_attribute_business_owner_assignment"}}],"meanings":[]},"classifications":[{"typeName":"low_risk","entityGuid":"81890ca5-42f0-44db-b03e-b130cfe16192","entityStatus":"ACTIVE","propagate":true,"validityPeriods":[],"removePropagationsOnEntityDelete":true},{"typeName":"key_data","entityGuid":"81890ca5-42f0-44db-b03e-b130cfe16192","entityStatus":"ACTIVE","propagate":true,"validityPeriods":[],"removePropagationsOnEntityDelete":true}],"labels":[],"proxy":false}}