{"referredEntities":{},"entity":{"typeName":"m4i_data_attribute","attributes":{"archimateReference":[],"replicatedTo":null,"replicatedFrom":null,"steward":[{"guid":"265dad2b-2fc0-44c3-a828-06476d5f1e38","typeName":"m4i_person","uniqueAttributes":{"qualifiedName":"iris.jacobs@email.com","email":"iris.jacobs@email.com"}}],"qualifiedName":"plant-data--hourly-data--plantid","dataEntity":[{"guid":"19736d3b-e7c6-4f95-8ce6-a6f215eff467","typeName":"m4i_data_entity","uniqueAttributes":{"qualifiedName":"plant-data--hourly-data"}}],"source":[],"isKeyData":"Internal","hasPII":null,"attributeType":"Numeric","name":"PlantId","definition":"This attribute yields the Id of the relevant plant facility","riskClassification":"Low","fields":[{"guid":"a2ff476f-4e6b-4a14-97b6-02f478385210","typeName":"m4i_field","uniqueAttributes":{"qualifiedName":"nl3--nl3plant--nl3plant001--plantid"}}],"businessOwner":[{"guid":"dc408458-fd6d-4080-a324-9900585d1146","typeName":"m4i_person","uniqueAttributes":{"qualifiedName":"jane.martens@email.com","email":"jane.martens@email.com"}}]},"guid":"834c37ad-b8a8-40bd-b573-5c4fadfe1d26","isIncomplete":false,"provenanceType":0,"status":"ACTIVE","createdBy":"admin","updatedBy":"admin","createTime":1656521955001,"updateTime":1663931063480,"version":0,"relationshipAttributes":{"ArchiMateReference":[],"steward":[{"guid":"265dad2b-2fc0-44c3-a828-06476d5f1e38","typeName":"m4i_person","entityStatus":"ACTIVE","displayText":"Iris Jacobs","relationshipType":"m4i_data_attribute_steward_assignment","relationshipGuid":"1c1446e6-a1b4-4850-814f-19e46c3c808d","relationshipStatus":"ACTIVE","relationshipAttributes":{"typeName":"m4i_data_attribute_steward_assignment"}}],"dataEntity":[{"guid":"19736d3b-e7c6-4f95-8ce6-a6f215eff467","typeName":"m4i_data_entity","entityStatus":"ACTIVE","displayText":"hourly data","relationshipType":"m4i_data_entity_attribute_assignment","relationshipGuid":"c5476f55-7ce5-4d77-b430-39b61c0afe8c","relationshipStatus":"ACTIVE","relationshipAttributes":{"typeName":"m4i_data_entity_attribute_assignment"}}],"source":[{"guid":"2bee6dca-fea0-478b-824e-d97365d18bbe","typeName":"m4i_source","entityStatus":"ACTIVE","displayText":"/hr/hr/Data Dictionary_template.xlsm","relationshipType":"m4i_referenceable_source_assignment","relationshipGuid":"e6fd7a34-8d7a-42fa-bf52-d7b6b5a1491b","relationshipStatus":"ACTIVE","relationshipAttributes":{"typeName":"m4i_referenceable_source_assignment"}}],"fields":[{"guid":"a2ff476f-4e6b-4a14-97b6-02f478385210","typeName":"m4i_field","entityStatus":"ACTIVE","displayText":"PlantId","relationshipType":"m4i_data_attribute_field_assignment","relationshipGuid":"cf0ec3d0-c24b-43c0-ad86-9dd296455f0a","relationshipStatus":"ACTIVE","relationshipAttributes":{"typeName":"m4i_data_attribute_field_assignment"}}],"businessOwner":[{"guid":"dc408458-fd6d-4080-a324-9900585d1146","typeName":"m4i_person","entityStatus":"ACTIVE","displayText":"Jane Martens","relationshipType":"m4i_data_attribute_business_owner_assignment","relationshipGuid":"d97a12a8-6424-48cd-9a3b-9b3458afc262","relationshipStatus":"ACTIVE","relationshipAttributes":{"typeName":"m4i_data_attribute_business_owner_assignment"}}],"meanings":[]},"classifications":[{"typeName":"low_risk","entityGuid":"834c37ad-b8a8-40bd-b573-5c4fadfe1d26","entityStatus":"ACTIVE","propagate":true,"validityPeriods":[],"removePropagationsOnEntityDelete":true}],"labels":[],"proxy":false}}