{"referredEntities":{},"entity":{"typeName":"m4i_gov_data_quality","attributes":{"owner":null,"archimateReference":[],"expression":"completeness('confluentEnvironment')","replicatedTo":null,"userDescription":null,"replicatedFrom":null,"qualifiedName":"m4i_system--confluentEnvironment","displayName":null,"description":null,"active":true,"source":[],"ruleDescription":"confluentEnvironment is not None and is not empty","nonCompliantMessage":"This entity is missing a confluentEnvironment","ruleType":"attribute","name":"m4i_system--confluentEnvironment","compliantMessage":"This entity has a confluentEnvironment","id":4,"qualityDimension":"completeness","expressionVersion":"1"},"guid":"86d3889f-846d-4bbe-917f-83ded5ac61db","isIncomplete":false,"provenanceType":0,"status":"ACTIVE","createdBy":"admin","updatedBy":"admin","createTime":1656522427794,"updateTime":1663931063480,"version":0,"relationshipAttributes":{"inputToProcesses":[],"pipeline":null,"schema":[],"ArchiMateReference":[],"model":null,"source":[],"meanings":[],"outputFromProcesses":[]},"labels":[],"proxy":false}}