{"referredEntities":{},"entity":{"typeName":"m4i_data_attribute","attributes":{"archimateReference":[],"replicatedTo":null,"replicatedFrom":null,"steward":[{"guid":"265dad2b-2fc0-44c3-a828-06476d5f1e38","typeName":"m4i_person","uniqueAttributes":{"qualifiedName":"iris.jacobs@email.com","email":"iris.jacobs@email.com"}}],"qualifiedName":"plant-data--hourly-data--skuid","dataEntity":[{"guid":"19736d3b-e7c6-4f95-8ce6-a6f215eff467","typeName":"m4i_data_entity","uniqueAttributes":{"qualifiedName":"plant-data--hourly-data"}}],"source":[],"isKeyData":"Internal","hasPII":null,"attributeType":"Text","name":"SKUId","definition":"This attribute yields the Id of the Stock Keeping Unit (SKU)","riskClassification":"Low","fields":[{"guid":"afcf2bbb-a213-4716-9cf4-88c4b306c65b","typeName":"m4i_field","uniqueAttributes":{"qualifiedName":"nl3--nl3plant--nl3plant001--skuid"}},{"guid":"54554ceb-80c7-4929-9038-abc81c979e5a","typeName":"m4i_field","uniqueAttributes":{"qualifiedName":"elas1--hourly--skuid"}},{"guid":"d1493041-980d-4b92-922d-351e4c866b97","typeName":"m4i_field","uniqueAttributes":{"qualifiedName":"cc1--kaf1--kaf1-hr--hourly--cc1--kaf1--kaf1-hr--hourly--skuid"}}],"businessOwner":[{"guid":"dc408458-fd6d-4080-a324-9900585d1146","typeName":"m4i_person","uniqueAttributes":{"qualifiedName":"jane.martens@email.com","email":"jane.martens@email.com"}}]},"guid":"8c403ddb-e4d6-4952-aad8-c2685fb28173","isIncomplete":false,"provenanceType":0,"status":"ACTIVE","createdBy":"admin","updatedBy":"admin","createTime":1656521955001,"updateTime":1663931063480,"version":0,"relationshipAttributes":{"ArchiMateReference":[],"steward":[{"guid":"265dad2b-2fc0-44c3-a828-06476d5f1e38","typeName":"m4i_person","entityStatus":"ACTIVE","displayText":"Iris Jacobs","relationshipType":"m4i_data_attribute_steward_assignment","relationshipGuid":"8840ec81-4c9f-4ebf-b70d-cd7847bb63a7","relationshipStatus":"ACTIVE","relationshipAttributes":{"typeName":"m4i_data_attribute_steward_assignment"}}],"dataEntity":[{"guid":"19736d3b-e7c6-4f95-8ce6-a6f215eff467","typeName":"m4i_data_entity","entityStatus":"ACTIVE","displayText":"hourly data","relationshipType":"m4i_data_entity_attribute_assignment","relationshipGuid":"e9b287df-f5f3-4c0d-8153-4fcb9b85c3b4","relationshipStatus":"ACTIVE","relationshipAttributes":{"typeName":"m4i_data_entity_attribute_assignment"}}],"source":[{"guid":"2bee6dca-fea0-478b-824e-d97365d18bbe","typeName":"m4i_source","entityStatus":"ACTIVE","displayText":"/hr/hr/Data Dictionary_template.xlsm","relationshipType":"m4i_referenceable_source_assignment","relationshipGuid":"78a5974c-23cf-41aa-9d13-0706ea82e8e7","relationshipStatus":"ACTIVE","relationshipAttributes":{"typeName":"m4i_referenceable_source_assignment"}}],"fields":[{"guid":"afcf2bbb-a213-4716-9cf4-88c4b306c65b","typeName":"m4i_field","entityStatus":"ACTIVE","displayText":"SKUId","relationshipType":"m4i_data_attribute_field_assignment","relationshipGuid":"a85139c8-2beb-42ef-9207-562766c6e706","relationshipStatus":"ACTIVE","relationshipAttributes":{"typeName":"m4i_data_attribute_field_assignment"}},{"guid":"54554ceb-80c7-4929-9038-abc81c979e5a","typeName":"m4i_field","entityStatus":"ACTIVE","displayText":"skuid","relationshipType":"m4i_data_attribute_field_assignment","relationshipGuid":"f4a219f1-d116-46a1-9211-bd3545985181","relationshipStatus":"ACTIVE","relationshipAttributes":{"typeName":"m4i_data_attribute_field_assignment"}},{"guid":"d1493041-980d-4b92-922d-351e4c866b97","typeName":"m4i_field","entityStatus":"ACTIVE","displayText":"cc1--kaf1--kaf1-hr--hourly--skuid","relationshipType":"m4i_data_attribute_field_assignment","relationshipGuid":"43f79f61-bd6b-40fb-b2ac-4a130e35b244","relationshipStatus":"ACTIVE","relationshipAttributes":{"typeName":"m4i_data_attribute_field_assignment"}}],"businessOwner":[{"guid":"dc408458-fd6d-4080-a324-9900585d1146","typeName":"m4i_person","entityStatus":"ACTIVE","displayText":"Jane Martens","relationshipType":"m4i_data_attribute_business_owner_assignment","relationshipGuid":"cc038167-2e49-40f9-977e-d733062effc6","relationshipStatus":"ACTIVE","relationshipAttributes":{"typeName":"m4i_data_attribute_business_owner_assignment"}}],"meanings":[]},"classifications":[{"typeName":"low_risk","entityGuid":"8c403ddb-e4d6-4952-aad8-c2685fb28173","entityStatus":"ACTIVE","propagate":true,"validityPeriods":[],"removePropagationsOnEntityDelete":true}],"labels":[],"proxy":false}}