{"referredEntities":{},"entity":{"typeName":"m4i_data_attribute","attributes":{"archimateReference":[],"replicatedTo":null,"replicatedFrom":null,"steward":[{"guid":"265dad2b-2fc0-44c3-a828-06476d5f1e38","typeName":"m4i_person","uniqueAttributes":{"qualifiedName":"iris.jacobs@email.com","email":"iris.jacobs@email.com"}}],"qualifiedName":"plant-data--hourly-data--workorderid","dataEntity":[{"guid":"19736d3b-e7c6-4f95-8ce6-a6f215eff467","typeName":"m4i_data_entity","uniqueAttributes":{"qualifiedName":"plant-data--hourly-data"}}],"source":[],"isKeyData":"Internal","hasPII":null,"attributeType":"Text","name":"WorkOrderId","definition":"This attribute yields the Id of the relevant work order","riskClassification":"Low","fields":[{"guid":"c5837407-3678-4bf4-b7a3-28d5ef87609d","typeName":"m4i_field","uniqueAttributes":{"qualifiedName":"cc1--kaf1--kaf1-hr--hourly--cc1--kaf1--kaf1-hr--hourly--workorderid"}},{"guid":"34d484a1-e210-4f2a-a2a5-e85f4a895ee1","typeName":"m4i_field","uniqueAttributes":{"qualifiedName":"elas1--hourly--workorderid"}},{"guid":"21f89d8f-4e10-4419-b135-6a84d55ed63f","typeName":"m4i_field","uniqueAttributes":{"qualifiedName":"nl3--nl3plant--nl3plant001--workorderid"}}],"businessOwner":[{"guid":"dc408458-fd6d-4080-a324-9900585d1146","typeName":"m4i_person","uniqueAttributes":{"qualifiedName":"jane.martens@email.com","email":"jane.martens@email.com"}}]},"guid":"8d6858eb-dabe-4d62-b415-2be534b0e923","isIncomplete":false,"provenanceType":0,"status":"ACTIVE","createdBy":"admin","updatedBy":"admin","createTime":1656521955001,"updateTime":1663930105074,"version":0,"relationshipAttributes":{"ArchiMateReference":[],"steward":[{"guid":"265dad2b-2fc0-44c3-a828-06476d5f1e38","typeName":"m4i_person","entityStatus":"ACTIVE","displayText":"Iris Jacobs","relationshipType":"m4i_data_attribute_steward_assignment","relationshipGuid":"503dcf24-fce7-498c-bf1a-256303be5223","relationshipStatus":"ACTIVE","relationshipAttributes":{"typeName":"m4i_data_attribute_steward_assignment"}}],"dataEntity":[{"guid":"19736d3b-e7c6-4f95-8ce6-a6f215eff467","typeName":"m4i_data_entity","entityStatus":"ACTIVE","displayText":"hourly data","relationshipType":"m4i_data_entity_attribute_assignment","relationshipGuid":"fab976a1-ba58-4794-9477-d2f552b3f13d","relationshipStatus":"ACTIVE","relationshipAttributes":{"typeName":"m4i_data_entity_attribute_assignment"}}],"source":[{"guid":"2bee6dca-fea0-478b-824e-d97365d18bbe","typeName":"m4i_source","entityStatus":"ACTIVE","displayText":"/hr/hr/Data Dictionary_template.xlsm","relationshipType":"m4i_referenceable_source_assignment","relationshipGuid":"166ef841-f79a-4a68-bb61-61f41226e80e","relationshipStatus":"ACTIVE","relationshipAttributes":{"typeName":"m4i_referenceable_source_assignment"}}],"fields":[{"guid":"c5837407-3678-4bf4-b7a3-28d5ef87609d","typeName":"m4i_field","entityStatus":"ACTIVE","displayText":"cc1--kaf1--kaf1-hr--hourly--workorderid","relationshipType":"m4i_data_attribute_field_assignment","relationshipGuid":"210d7789-1102-43c7-879a-9204dcd2fa65","relationshipStatus":"ACTIVE","relationshipAttributes":{"typeName":"m4i_data_attribute_field_assignment"}},{"guid":"34d484a1-e210-4f2a-a2a5-e85f4a895ee1","typeName":"m4i_field","entityStatus":"ACTIVE","displayText":"workorderid","relationshipType":"m4i_data_attribute_field_assignment","relationshipGuid":"3dda265b-89d7-4fd1-aa95-863d8743c332","relationshipStatus":"ACTIVE","relationshipAttributes":{"typeName":"m4i_data_attribute_field_assignment"}},{"guid":"21f89d8f-4e10-4419-b135-6a84d55ed63f","typeName":"m4i_field","entityStatus":"ACTIVE","displayText":"WorkOrderId","relationshipType":"m4i_data_attribute_field_assignment","relationshipGuid":"79e2c3ab-ed52-47e9-aa20-80f5dcc37fc0","relationshipStatus":"ACTIVE","relationshipAttributes":{"typeName":"m4i_data_attribute_field_assignment"}}],"businessOwner":[{"guid":"dc408458-fd6d-4080-a324-9900585d1146","typeName":"m4i_person","entityStatus":"ACTIVE","displayText":"Jane Martens","relationshipType":"m4i_data_attribute_business_owner_assignment","relationshipGuid":"08a830d4-3702-44ca-8767-10a965797b35","relationshipStatus":"ACTIVE","relationshipAttributes":{"typeName":"m4i_data_attribute_business_owner_assignment"}}],"meanings":[]},"classifications":[{"typeName":"low_risk","entityGuid":"8d6858eb-dabe-4d62-b415-2be534b0e923","entityStatus":"ACTIVE","propagate":true,"validityPeriods":[],"removePropagationsOnEntityDelete":true}],"labels":[],"proxy":false}}