{"referredEntities":{},"entity":{"typeName":"m4i_data_domain","attributes":{"archimateReference":[],"replicatedTo":null,"replicatedFrom":null,"qualifiedName":"plant-data","domainLead":[{"guid":"8c72d824-ee25-4131-a0b3-d9c91d7899ec","typeName":"m4i_person","uniqueAttributes":{"qualifiedName":"matthijs.groen@email.com","email":"matthijs.groen@email.com"}}],"name":"plant data","dataEntity":[{"guid":"19736d3b-e7c6-4f95-8ce6-a6f215eff467","typeName":"m4i_data_entity","uniqueAttributes":{"qualifiedName":"plant-data--hourly-data"}},{"guid":"fd88a9c5-9393-4843-85db-7881c68d9134","typeName":"m4i_data_entity","uniqueAttributes":{"qualifiedName":"plant-data--downtime-events"}}],"definition":"This data domain is about the production data of the plant facilities.","source":[]},"guid":"971cfedd-09f7-47ad-bace-d0f9607f1097","isIncomplete":false,"provenanceType":0,"status":"ACTIVE","createdBy":"admin","updatedBy":"admin","createTime":1656521947184,"updateTime":1663931063480,"version":0,"relationshipAttributes":{"ArchiMateReference":[],"domainLead":[{"guid":"8c72d824-ee25-4131-a0b3-d9c91d7899ec","typeName":"m4i_person","entityStatus":"ACTIVE","displayText":"Matthijs Groen","relationshipType":"m4i_domainLead_assignment","relationshipGuid":"cb5d0c84-ca66-4b3b-952a-11047af54929","relationshipStatus":"ACTIVE","relationshipAttributes":{"typeName":"m4i_domainLead_assignment"}}],"dataEntity":[{"guid":"19736d3b-e7c6-4f95-8ce6-a6f215eff467","typeName":"m4i_data_entity","entityStatus":"ACTIVE","displayText":"hourly data","relationshipType":"m4i_data_entity_assignment","relationshipGuid":"d257d648-e9aa-4fb7-899a-ce95e4f08e5a","relationshipStatus":"ACTIVE","relationshipAttributes":{"typeName":"m4i_data_entity_assignment"}},{"guid":"fd88a9c5-9393-4843-85db-7881c68d9134","typeName":"m4i_data_entity","entityStatus":"ACTIVE","displayText":"downtime events","relationshipType":"m4i_data_entity_assignment","relationshipGuid":"62ac16ee-31b8-4086-92cf-c1c71ea28f91","relationshipStatus":"ACTIVE","relationshipAttributes":{"typeName":"m4i_data_entity_assignment"}}],"source":[{"guid":"2bee6dca-fea0-478b-824e-d97365d18bbe","typeName":"m4i_source","entityStatus":"ACTIVE","displayText":"/hr/hr/Data Dictionary_template.xlsm","relationshipType":"m4i_referenceable_source_assignment","relationshipGuid":"307a8bb8-ce60-4d19-a060-b4dbd67d1cbd","relationshipStatus":"ACTIVE","relationshipAttributes":{"typeName":"m4i_referenceable_source_assignment"}}],"meanings":[]},"labels":[],"proxy":false}}