{"referredEntities":{},"entity":{"typeName":"m4i_data_attribute","attributes":{"archimateReference":[],"replicatedTo":null,"replicatedFrom":null,"steward":[{"guid":"55520e1f-52a3-4696-97e5-b5879323b53a","typeName":"m4i_person","uniqueAttributes":{"qualifiedName":"harper.taylor@email.com","email":"harper.taylor@email.com"}}],"qualifiedName":"personnel-and-organization--personnel--external--hierarchical-organization","dataEntity":[{"guid":"c0af931d-1cd3-4ecb-970f-ab804d289ada","typeName":"m4i_data_entity","uniqueAttributes":{"qualifiedName":"personnel-and-organization--personnel--external"}}],"source":[],"isKeyData":"Yes","hasPII":null,"attributeType":"Text","name":"Hierarchical Organization","definition":"This attribute describes the solid-line reporting, direct reporting relationship between a supervisor and a subordinate employee. The hierarchical lead covers mainly daily operations.","riskClassification":"Low","fields":[{"guid":"0df94338-1afc-455c-b9d5-c3d0e36d1dac","typeName":"m4i_field","uniqueAttributes":{"qualifiedName":"nl1--nl1hr--nl1hr001--hier_organization"}},{"guid":"85473bfd-c6bb-48b6-996e-33ba7576b810","typeName":"m4i_field","uniqueAttributes":{"qualifiedName":"elas1--hr--HIER_ORG"}},{"guid":"cc4e0ba3-68f6-4e32-bcd9-5d7939a019eb","typeName":"m4i_field","uniqueAttributes":{"qualifiedName":"cc1--kaf1--kaf1-hr--change-event--payload--payload--hier_org"}}],"businessOwner":[{"guid":"665870e3-92cb-4dae-b58e-f4db45a7af38","typeName":"m4i_person","uniqueAttributes":{"qualifiedName":"summer.reid@email.com","email":"summer.reid@email.com"}}]},"guid":"9c219981-ca51-4513-be10-572cfe9ac5ed","isIncomplete":false,"provenanceType":0,"status":"ACTIVE","createdBy":"admin","updatedBy":"admin","createTime":1656521955001,"updateTime":1663931063480,"version":0,"relationshipAttributes":{"ArchiMateReference":[],"steward":[{"guid":"55520e1f-52a3-4696-97e5-b5879323b53a","typeName":"m4i_person","entityStatus":"ACTIVE","displayText":"Harper Taylor","relationshipType":"m4i_data_attribute_steward_assignment","relationshipGuid":"cae158dd-227a-4f4a-893f-6d9fb23f5b7d","relationshipStatus":"ACTIVE","relationshipAttributes":{"typeName":"m4i_data_attribute_steward_assignment"}}],"dataEntity":[{"guid":"c0af931d-1cd3-4ecb-970f-ab804d289ada","typeName":"m4i_data_entity","entityStatus":"ACTIVE","displayText":"External","relationshipType":"m4i_data_entity_attribute_assignment","relationshipGuid":"9c70c9d5-0c84-4828-b352-a3521abea2e9","relationshipStatus":"ACTIVE","relationshipAttributes":{"typeName":"m4i_data_entity_attribute_assignment"}}],"source":[{"guid":"2bee6dca-fea0-478b-824e-d97365d18bbe","typeName":"m4i_source","entityStatus":"ACTIVE","displayText":"/hr/hr/Data Dictionary_template.xlsm","relationshipType":"m4i_referenceable_source_assignment","relationshipGuid":"c2d94f27-ad25-4ddf-aac7-cc9db28c3f37","relationshipStatus":"ACTIVE","relationshipAttributes":{"typeName":"m4i_referenceable_source_assignment"}}],"fields":[{"guid":"0df94338-1afc-455c-b9d5-c3d0e36d1dac","typeName":"m4i_field","entityStatus":"ACTIVE","displayText":"HIER_ORGANIZATION","relationshipType":"m4i_data_attribute_field_assignment","relationshipGuid":"26b4494b-0f2a-4950-a21f-f7172f7389f5","relationshipStatus":"ACTIVE","relationshipAttributes":{"typeName":"m4i_data_attribute_field_assignment"}},{"guid":"85473bfd-c6bb-48b6-996e-33ba7576b810","typeName":"m4i_field","entityStatus":"ACTIVE","displayText":"HIER_ORG","relationshipType":"m4i_data_attribute_field_assignment","relationshipGuid":"46d53797-c6e7-484f-af64-53a1874da071","relationshipStatus":"ACTIVE","relationshipAttributes":{"typeName":"m4i_data_attribute_field_assignment"}},{"guid":"cc4e0ba3-68f6-4e32-bcd9-5d7939a019eb","typeName":"m4i_field","entityStatus":"ACTIVE","displayText":"HIER_ORG","relationshipType":"m4i_data_attribute_field_assignment","relationshipGuid":"7ee09891-fcb9-4687-a113-86dc6207438a","relationshipStatus":"ACTIVE","relationshipAttributes":{"typeName":"m4i_data_attribute_field_assignment"}}],"businessOwner":[{"guid":"665870e3-92cb-4dae-b58e-f4db45a7af38","typeName":"m4i_person","entityStatus":"ACTIVE","displayText":"Summer Reid","relationshipType":"m4i_data_attribute_business_owner_assignment","relationshipGuid":"24bd9628-2a42-49d4-8172-c1f245895a16","relationshipStatus":"ACTIVE","relationshipAttributes":{"typeName":"m4i_data_attribute_business_owner_assignment"}}],"meanings":[]},"classifications":[{"typeName":"low_risk","entityGuid":"9c219981-ca51-4513-be10-572cfe9ac5ed","entityStatus":"ACTIVE","propagate":true,"validityPeriods":[],"removePropagationsOnEntityDelete":true},{"typeName":"key_data","entityGuid":"9c219981-ca51-4513-be10-572cfe9ac5ed","entityStatus":"ACTIVE","propagate":true,"validityPeriods":[],"removePropagationsOnEntityDelete":true}],"labels":[],"proxy":false}}