{"referredEntities":{},"entity":{"typeName":"m4i_gov_data_quality","attributes":{"owner":null,"archimateReference":[],"expression":"conditional_value('target_relationship_type', 'source_typename', {'m4i_field_assignment':'m4i_elastic_field'})","replicatedTo":null,"userDescription":null,"replicatedFrom":null,"qualifiedName":"m4i_elastic_field--datasets--source","displayName":null,"description":null,"active":true,"source":[],"ruleDescription":"datasets source relation type is m4i_elastic_field","nonCompliantMessage":"This entity is missing a source relationship type as m4i_elastic_field","ruleType":"relationship","name":"m4i_elastic_field--datasets--source","compliantMessage":"This entity has a source relationship type as m4i_elastic_field","id":7,"qualityDimension":"completeness","expressionVersion":"1"},"guid":"9d3475fb-b128-4cba-bca5-a0cf62125911","isIncomplete":false,"provenanceType":0,"status":"ACTIVE","createdBy":"admin","updatedBy":"admin","createTime":1656522427794,"updateTime":1663931063480,"version":0,"relationshipAttributes":{"inputToProcesses":[],"pipeline":null,"schema":[],"ArchiMateReference":[],"model":null,"source":[],"meanings":[],"outputFromProcesses":[]},"labels":[],"proxy":false}}