{"referredEntities":{},"entity":{"typeName":"m4i_gov_data_quality","attributes":{"owner":null,"archimateReference":[],"expression":"completeness('kibanaSpace')","replicatedTo":null,"userDescription":null,"replicatedFrom":null,"qualifiedName":"m4i_dataset--kibanaSpace","displayName":null,"description":null,"active":true,"source":[],"ruleDescription":"kibanaSpace is not None and is not empty","nonCompliantMessage":"This entity is missing a kibanaSpace","ruleType":"attribute","name":"m4i_dataset--kibanaSpace","compliantMessage":"This entity has a kibanaSpace","id":3,"qualityDimension":"completeness","expressionVersion":"1"},"guid":"9ffd44bf-97a8-456c-8eb9-d7dbe9b9810e","isIncomplete":false,"provenanceType":0,"status":"ACTIVE","createdBy":"admin","updatedBy":"admin","createTime":1656522427794,"updateTime":1663931063480,"version":0,"relationshipAttributes":{"inputToProcesses":[],"pipeline":null,"schema":[],"ArchiMateReference":[],"model":null,"source":[],"meanings":[],"outputFromProcesses":[]},"labels":[],"proxy":false}}