{"referredEntities":{},"entity":{"typeName":"m4i_data_attribute","attributes":{"archimateReference":[],"replicatedTo":null,"replicatedFrom":null,"steward":[{"guid":"55520e1f-52a3-4696-97e5-b5879323b53a","typeName":"m4i_person","uniqueAttributes":{"qualifiedName":"harper.taylor@email.com","email":"harper.taylor@email.com"}}],"qualifiedName":"personnel-and-organization--personnel--external--people-group","dataEntity":[{"guid":"c0af931d-1cd3-4ecb-970f-ab804d289ada","typeName":"m4i_data_entity","uniqueAttributes":{"qualifiedName":"personnel-and-organization--personnel--external"}}],"source":[],"isKeyData":"Yes","hasPII":null,"attributeType":"Text","name":"People Group","definition":"This attribute describes the country and related type of working conditions that are applicabl","riskClassification":"Low","fields":[{"guid":"983f281a-0437-4dab-a889-57d0d5b0ac96","typeName":"m4i_field","uniqueAttributes":{"qualifiedName":"nl1--nl1hr--nl1hr001--people_group"}},{"guid":"7172e157-83d3-4f51-9be0-71c968d0a3fc","typeName":"m4i_field","uniqueAttributes":{"qualifiedName":"elas1--hr--PEOPLE_GROUP"}},{"guid":"38350bae-4d14-4988-8259-798e07372cb3","typeName":"m4i_field","uniqueAttributes":{"qualifiedName":"cc1--kaf1--kaf1-hr--change-event--payload--payload--people_group"}}],"businessOwner":[{"guid":"665870e3-92cb-4dae-b58e-f4db45a7af38","typeName":"m4i_person","uniqueAttributes":{"qualifiedName":"summer.reid@email.com","email":"summer.reid@email.com"}}]},"guid":"a017e19f-e150-4dda-b73f-2d135dd07d06","isIncomplete":false,"provenanceType":0,"status":"ACTIVE","createdBy":"admin","updatedBy":"admin","createTime":1656521955001,"updateTime":1663927932384,"version":0,"relationshipAttributes":{"ArchiMateReference":[],"steward":[{"guid":"55520e1f-52a3-4696-97e5-b5879323b53a","typeName":"m4i_person","entityStatus":"ACTIVE","displayText":"Harper Taylor","relationshipType":"m4i_data_attribute_steward_assignment","relationshipGuid":"274e9190-407a-43ad-816b-a5d0ff6db66d","relationshipStatus":"ACTIVE","relationshipAttributes":{"typeName":"m4i_data_attribute_steward_assignment"}}],"dataEntity":[{"guid":"c0af931d-1cd3-4ecb-970f-ab804d289ada","typeName":"m4i_data_entity","entityStatus":"ACTIVE","displayText":"External","relationshipType":"m4i_data_entity_attribute_assignment","relationshipGuid":"c9b59436-ed19-4d26-9892-5f011daf7731","relationshipStatus":"ACTIVE","relationshipAttributes":{"typeName":"m4i_data_entity_attribute_assignment"}}],"source":[{"guid":"2bee6dca-fea0-478b-824e-d97365d18bbe","typeName":"m4i_source","entityStatus":"ACTIVE","displayText":"/hr/hr/Data Dictionary_template.xlsm","relationshipType":"m4i_referenceable_source_assignment","relationshipGuid":"0043301f-60e8-466d-a7e6-7c0b0c6f427e","relationshipStatus":"ACTIVE","relationshipAttributes":{"typeName":"m4i_referenceable_source_assignment"}}],"fields":[{"guid":"983f281a-0437-4dab-a889-57d0d5b0ac96","typeName":"m4i_field","entityStatus":"ACTIVE","displayText":"PEOPLE_GROUP","relationshipType":"m4i_data_attribute_field_assignment","relationshipGuid":"a4d76054-f86e-4c50-9a35-67c8d5cce6e0","relationshipStatus":"ACTIVE","relationshipAttributes":{"typeName":"m4i_data_attribute_field_assignment"}},{"guid":"7172e157-83d3-4f51-9be0-71c968d0a3fc","typeName":"m4i_field","entityStatus":"ACTIVE","displayText":"PEOPLE_GROUP","relationshipType":"m4i_data_attribute_field_assignment","relationshipGuid":"0e535db1-4f41-474b-8135-aa31274db015","relationshipStatus":"ACTIVE","relationshipAttributes":{"typeName":"m4i_data_attribute_field_assignment"}},{"guid":"38350bae-4d14-4988-8259-798e07372cb3","typeName":"m4i_field","entityStatus":"ACTIVE","displayText":"PEOPLE_GROUP","relationshipType":"m4i_data_attribute_field_assignment","relationshipGuid":"65d848a6-555d-416a-ad68-0cf8cd99dd93","relationshipStatus":"ACTIVE","relationshipAttributes":{"typeName":"m4i_data_attribute_field_assignment"}}],"businessOwner":[{"guid":"665870e3-92cb-4dae-b58e-f4db45a7af38","typeName":"m4i_person","entityStatus":"ACTIVE","displayText":"Summer Reid","relationshipType":"m4i_data_attribute_business_owner_assignment","relationshipGuid":"9110af9e-1664-401b-9e30-95b433f53a13","relationshipStatus":"ACTIVE","relationshipAttributes":{"typeName":"m4i_data_attribute_business_owner_assignment"}}],"meanings":[]},"classifications":[{"typeName":"key_data","entityGuid":"a017e19f-e150-4dda-b73f-2d135dd07d06","entityStatus":"ACTIVE","propagate":true,"validityPeriods":[],"removePropagationsOnEntityDelete":true},{"typeName":"low_risk","entityGuid":"a017e19f-e150-4dda-b73f-2d135dd07d06","entityStatus":"ACTIVE","propagate":true,"validityPeriods":[],"removePropagationsOnEntityDelete":true}],"labels":[],"proxy":false}}