{"referredEntities":{},"entity":{"typeName":"m4i_field","attributes":{"archimateReference":[],"replicatedTo":null,"replicatedFrom":null,"hasContent":null,"steward":[],"qualifiedName":"elas1--hourly--workorder","source":[],"datasets":[],"parentField":[],"optionalField":null,"name":"workorder","definition":null,"attributes":[],"fieldType":"keyword","childField":[]},"guid":"a0703119-0157-45a3-a91b-91eaf8ce9008","isIncomplete":false,"provenanceType":0,"status":"ACTIVE","createdBy":"admin","updatedBy":"admin","createTime":1663930105074,"updateTime":1663930105074,"version":0,"relationshipAttributes":{"ArchiMateReference":[],"dataQuality":[],"attributes":[{"guid":"bd793c41-e867-4cec-adbb-0a0902bd9a13","typeName":"m4i_data_attribute","entityStatus":"ACTIVE","displayText":"WorkOrder","relationshipType":"m4i_data_attribute_field_assignment","relationshipGuid":"710cd443-51af-4140-a316-b4112327597f","relationshipStatus":"ACTIVE","relationshipAttributes":{"typeName":"m4i_data_attribute_field_assignment"}}],"datasets":[{"guid":"8e146f38-013e-4935-84aa-8d59a5539d3d","typeName":"m4i_dataset","entityStatus":"ACTIVE","displayText":"hourly","relationshipType":"m4i_field_assignment","relationshipGuid":"020d4606-262b-4b90-9622-220b01cbabab","relationshipStatus":"ACTIVE","relationshipAttributes":{"typeName":"m4i_field_assignment","attributes":{"typeInformation":null}}}],"source":[],"meanings":[],"parentField":[],"childField":[]},"classifications":[{"typeName":"low_risk","entityGuid":"bd793c41-e867-4cec-adbb-0a0902bd9a13","entityStatus":"ACTIVE","propagate":true,"validityPeriods":[],"removePropagationsOnEntityDelete":true}],"labels":[],"proxy":false}}