{"referredEntities":{},"entity":{"typeName":"m4i_gov_data_quality","attributes":{"owner":null,"archimateReference":[],"expression":"conditional_value('target_relationship_type', 'source_typename', {'m4i_data_entity_steward_assignment':'m4i_data_entity'})","replicatedTo":null,"userDescription":null,"replicatedFrom":null,"qualifiedName":"m4i_data_entity--steward--source","displayName":null,"description":null,"active":true,"source":[],"ruleDescription":"steward source relation type is a m4i_data_entity","nonCompliantMessage":"This entity is missing a source relationship type as m4i_data_entity","ruleType":"relationship","name":"m4i_data_entity--steward--source","compliantMessage":"This entity has a source relationship type as m4i_data_entity","id":8,"qualityDimension":"completeness","expressionVersion":"1"},"guid":"a197d2cb-7db8-4272-9893-b37e3856819f","isIncomplete":false,"provenanceType":0,"status":"ACTIVE","createdBy":"admin","updatedBy":"admin","createTime":1656522427794,"updateTime":1663931063480,"version":0,"relationshipAttributes":{"inputToProcesses":[],"pipeline":null,"schema":[],"ArchiMateReference":[],"model":null,"source":[],"meanings":[],"outputFromProcesses":[]},"labels":[],"proxy":false}}