{"referredEntities":{},"entity":{"typeName":"m4i_field","attributes":{"archimateReference":[],"replicatedTo":null,"replicatedFrom":null,"hasContent":null,"steward":[],"qualifiedName":"nl3--nl3plant--nl3plant002--createdby","source":[],"datasets":[{"guid":"4086f053-a8c9-4382-af9e-e4e08effd3c9","typeName":"m4i_dataset","uniqueAttributes":{"qualifiedName":"nl3--nl3plant--nl3plant002"}}],"parentField":[],"optionalField":null,"name":"CreatedBy","definition":null,"attributes":[{"guid":"0ce8270a-d024-46bc-8542-60e9ae8bf722","typeName":"m4i_data_attribute","uniqueAttributes":{"qualifiedName":"plant-data--downtime-events--createdby"}}],"fieldType":"Numeric","childField":[]},"guid":"a41d063c-62a4-463e-8be5-b9b35fd30588","isIncomplete":false,"provenanceType":0,"status":"ACTIVE","createdBy":"admin","updatedBy":"admin","createTime":1656522073615,"updateTime":1663927932384,"version":0,"relationshipAttributes":{"ArchiMateReference":[],"dataQuality":[],"attributes":[{"guid":"0ce8270a-d024-46bc-8542-60e9ae8bf722","typeName":"m4i_data_attribute","entityStatus":"ACTIVE","displayText":"CreatedBy","relationshipType":"m4i_data_attribute_field_assignment","relationshipGuid":"ea52166a-85b5-47d2-9d99-4154c209c54f","relationshipStatus":"ACTIVE","relationshipAttributes":{"typeName":"m4i_data_attribute_field_assignment"}}],"datasets":[{"guid":"4086f053-a8c9-4382-af9e-e4e08effd3c9","typeName":"m4i_dataset","entityStatus":"ACTIVE","displayText":"NL3-PLANT-002","relationshipType":"m4i_field_assignment","relationshipGuid":"96af519a-42e3-49ab-9d57-d49b577c5646","relationshipStatus":"ACTIVE","relationshipAttributes":{"typeName":"m4i_field_assignment","attributes":{"typeInformation":null}}}],"source":[{"guid":"2bee6dca-fea0-478b-824e-d97365d18bbe","typeName":"m4i_source","entityStatus":"ACTIVE","displayText":"/hr/hr/Data Dictionary_template.xlsm","relationshipType":"m4i_referenceable_source_assignment","relationshipGuid":"6ec4c68d-0dc5-4ef2-bc55-a437a24ca3c9","relationshipStatus":"ACTIVE","relationshipAttributes":{"typeName":"m4i_referenceable_source_assignment"}}],"parentField":[],"meanings":[],"childField":[]},"classifications":[{"typeName":"low_risk","entityGuid":"0ce8270a-d024-46bc-8542-60e9ae8bf722","entityStatus":"ACTIVE","propagate":true,"validityPeriods":[],"removePropagationsOnEntityDelete":true}],"labels":[],"proxy":false}}