{"referredEntities":{},"entity":{"typeName":"m4i_data_attribute","attributes":{"archimateReference":[],"replicatedTo":null,"replicatedFrom":null,"steward":[{"guid":"265dad2b-2fc0-44c3-a828-06476d5f1e38","typeName":"m4i_person","uniqueAttributes":{"qualifiedName":"iris.jacobs@email.com","email":"iris.jacobs@email.com"}}],"qualifiedName":"plant-data--hourly-data--scheduleddowntime","dataEntity":[{"guid":"19736d3b-e7c6-4f95-8ce6-a6f215eff467","typeName":"m4i_data_entity","uniqueAttributes":{"qualifiedName":"plant-data--hourly-data"}}],"source":[],"isKeyData":"Internal","hasPII":null,"attributeType":"Numeric","name":"ScheduledDownTime","definition":"This attribute yields the scheduled down time in seconds","riskClassification":"Low","fields":[{"guid":"8c788070-840b-4207-b548-87eaeaeed934","typeName":"m4i_field","uniqueAttributes":{"qualifiedName":"cc1--kaf1--kaf1-hr--hourly--cc1--kaf1--kaf1-hr--hourly--scheduleddowntime"}},{"guid":"2dfbaf85-af6a-4189-a5c8-2bdd6decf32b","typeName":"m4i_field","uniqueAttributes":{"qualifiedName":"elas1--hourly--scheduleddowntime"}},{"guid":"7b60625f-8f3c-430b-abca-57cc71537615","typeName":"m4i_field","uniqueAttributes":{"qualifiedName":"nl3--nl3plant--nl3plant001--scheduleddowntime"}}],"businessOwner":[{"guid":"dc408458-fd6d-4080-a324-9900585d1146","typeName":"m4i_person","uniqueAttributes":{"qualifiedName":"jane.martens@email.com","email":"jane.martens@email.com"}}]},"guid":"a48ff719-ba8f-41f6-9c8a-5011e0c92089","isIncomplete":false,"provenanceType":0,"status":"ACTIVE","createdBy":"admin","updatedBy":"admin","createTime":1656521955001,"updateTime":1663931063480,"version":0,"relationshipAttributes":{"ArchiMateReference":[],"steward":[{"guid":"265dad2b-2fc0-44c3-a828-06476d5f1e38","typeName":"m4i_person","entityStatus":"ACTIVE","displayText":"Iris Jacobs","relationshipType":"m4i_data_attribute_steward_assignment","relationshipGuid":"265e4e70-5ddc-42d2-a72a-358fc5ca8cdd","relationshipStatus":"ACTIVE","relationshipAttributes":{"typeName":"m4i_data_attribute_steward_assignment"}}],"dataEntity":[{"guid":"19736d3b-e7c6-4f95-8ce6-a6f215eff467","typeName":"m4i_data_entity","entityStatus":"ACTIVE","displayText":"hourly data","relationshipType":"m4i_data_entity_attribute_assignment","relationshipGuid":"6b672e2c-5bfb-4a22-8012-d23c6894a118","relationshipStatus":"ACTIVE","relationshipAttributes":{"typeName":"m4i_data_entity_attribute_assignment"}}],"source":[{"guid":"2bee6dca-fea0-478b-824e-d97365d18bbe","typeName":"m4i_source","entityStatus":"ACTIVE","displayText":"/hr/hr/Data Dictionary_template.xlsm","relationshipType":"m4i_referenceable_source_assignment","relationshipGuid":"5dae2450-b4d7-4ac4-8d36-c946d7c36e03","relationshipStatus":"ACTIVE","relationshipAttributes":{"typeName":"m4i_referenceable_source_assignment"}}],"fields":[{"guid":"8c788070-840b-4207-b548-87eaeaeed934","typeName":"m4i_field","entityStatus":"ACTIVE","displayText":"cc1--kaf1--kaf1-hr--hourly--scheduleddowntime","relationshipType":"m4i_data_attribute_field_assignment","relationshipGuid":"bc0a507b-ad32-4db6-9028-44bfab9d23a6","relationshipStatus":"ACTIVE","relationshipAttributes":{"typeName":"m4i_data_attribute_field_assignment"}},{"guid":"2dfbaf85-af6a-4189-a5c8-2bdd6decf32b","typeName":"m4i_field","entityStatus":"ACTIVE","displayText":"scheduleddowntime","relationshipType":"m4i_data_attribute_field_assignment","relationshipGuid":"9bd8fe01-b3fd-48f8-808c-9a5c9416471b","relationshipStatus":"ACTIVE","relationshipAttributes":{"typeName":"m4i_data_attribute_field_assignment"}},{"guid":"7b60625f-8f3c-430b-abca-57cc71537615","typeName":"m4i_field","entityStatus":"ACTIVE","displayText":"ScheduledDownTime","relationshipType":"m4i_data_attribute_field_assignment","relationshipGuid":"0cca3dcd-19bc-460f-8035-926b7f635f40","relationshipStatus":"ACTIVE","relationshipAttributes":{"typeName":"m4i_data_attribute_field_assignment"}}],"businessOwner":[{"guid":"dc408458-fd6d-4080-a324-9900585d1146","typeName":"m4i_person","entityStatus":"ACTIVE","displayText":"Jane Martens","relationshipType":"m4i_data_attribute_business_owner_assignment","relationshipGuid":"6da0588b-0e4e-47ae-bab1-ba49e5a6253c","relationshipStatus":"ACTIVE","relationshipAttributes":{"typeName":"m4i_data_attribute_business_owner_assignment"}}],"meanings":[]},"classifications":[{"typeName":"low_risk","entityGuid":"a48ff719-ba8f-41f6-9c8a-5011e0c92089","entityStatus":"ACTIVE","propagate":true,"validityPeriods":[],"removePropagationsOnEntityDelete":true}],"labels":[],"proxy":false}}