{"referredEntities":{},"entity":{"typeName":"m4i_field","attributes":{"archimateReference":[],"replicatedTo":null,"replicatedFrom":null,"hasContent":null,"steward":[],"qualifiedName":"nl2--nl2proc--nl2proc001--parentlegalname","source":[],"datasets":[{"guid":"04d4f33f-fd0d-46bc-8336-85f25f2916b2","typeName":"m4i_dataset","uniqueAttributes":{"qualifiedName":"nl2--nl2proc--nl2proc001"}}],"parentField":[],"optionalField":null,"name":"ParentLegalName","definition":null,"attributes":[{"guid":"7bc1515c-0628-4828-895a-f0da8bf6dae4","typeName":"m4i_data_attribute","uniqueAttributes":{"qualifiedName":"procurement--company-information--parent-company-name"}}],"fieldType":"Text","childField":[]},"guid":"a586e7a3-d185-4ba2-819e-ec005df0440a","isIncomplete":false,"provenanceType":0,"status":"ACTIVE","createdBy":"admin","updatedBy":"admin","createTime":1656522010120,"updateTime":1663927932384,"version":0,"relationshipAttributes":{"ArchiMateReference":[],"dataQuality":[],"attributes":[{"guid":"7bc1515c-0628-4828-895a-f0da8bf6dae4","typeName":"m4i_data_attribute","entityStatus":"ACTIVE","displayText":"Parent company name","relationshipType":"m4i_data_attribute_field_assignment","relationshipGuid":"ece087c3-6fab-48a6-8418-a39964ca0813","relationshipStatus":"ACTIVE","relationshipAttributes":{"typeName":"m4i_data_attribute_field_assignment"}}],"datasets":[{"guid":"04d4f33f-fd0d-46bc-8336-85f25f2916b2","typeName":"m4i_dataset","entityStatus":"ACTIVE","displayText":"NL2-PROC-001","relationshipType":"m4i_field_assignment","relationshipGuid":"50b225a4-b6b4-4859-9679-4e2473a05278","relationshipStatus":"ACTIVE","relationshipAttributes":{"typeName":"m4i_field_assignment","attributes":{"typeInformation":null}}}],"source":[{"guid":"2bee6dca-fea0-478b-824e-d97365d18bbe","typeName":"m4i_source","entityStatus":"ACTIVE","displayText":"/hr/hr/Data Dictionary_template.xlsm","relationshipType":"m4i_referenceable_source_assignment","relationshipGuid":"a7ebd9aa-b950-4e7c-93aa-8a988ebe8c8b","relationshipStatus":"ACTIVE","relationshipAttributes":{"typeName":"m4i_referenceable_source_assignment"}}],"parentField":[],"meanings":[],"childField":[]},"classifications":[{"typeName":"low_risk","entityGuid":"7bc1515c-0628-4828-895a-f0da8bf6dae4","entityStatus":"ACTIVE","propagate":true,"validityPeriods":[],"removePropagationsOnEntityDelete":true},{"typeName":"key_data","entityGuid":"7bc1515c-0628-4828-895a-f0da8bf6dae4","entityStatus":"ACTIVE","propagate":true,"validityPeriods":[],"removePropagationsOnEntityDelete":true}],"labels":[],"proxy":false}}