{"referredEntities":{},"entity":{"typeName":"m4i_gov_data_quality","attributes":{"owner":null,"archimateReference":[],"expression":"completeness('optionalField')","replicatedTo":null,"userDescription":null,"replicatedFrom":null,"qualifiedName":"m4i_field--optionalField","displayName":null,"description":null,"active":true,"source":[],"ruleDescription":"optionalField is not None and is not empty","nonCompliantMessage":"This entity is missing a optionalField","ruleType":"attribute","name":"m4i_field--optionalField","compliantMessage":"This entity has a optionalField","id":5,"qualityDimension":"completeness","expressionVersion":"1"},"guid":"a74870f5-4ed4-4622-838c-157b8671bd71","isIncomplete":false,"provenanceType":0,"status":"ACTIVE","createdBy":"admin","updatedBy":"admin","createTime":1656522427794,"updateTime":1663931063480,"version":0,"relationshipAttributes":{"inputToProcesses":[],"pipeline":null,"schema":[],"ArchiMateReference":[],"model":null,"source":[],"meanings":[],"outputFromProcesses":[]},"labels":[],"proxy":false}}