{"referredEntities":{},"entity":{"typeName":"m4i_field","attributes":{"archimateReference":[],"replicatedTo":null,"replicatedFrom":null,"hasContent":null,"steward":[],"qualifiedName":"nl1--nl1hr--nl1hr001--job_name","source":[],"datasets":[{"guid":"c5975c9c-c0ad-46e7-bfb8-a8946980041d","typeName":"m4i_dataset","uniqueAttributes":{"qualifiedName":"nl1--nl1hr--nl1hr001"}}],"parentField":[],"optionalField":null,"name":"JOB_NAME","definition":null,"attributes":[{"guid":"4189b75e-c9f3-478d-879c-b9d99e805b4f","typeName":"m4i_data_attribute","uniqueAttributes":{"qualifiedName":"personnel-and-organization--job--job-name"}},{"guid":"c20a7e7b-652b-48c7-9413-cf6f7683206d","typeName":"m4i_data_attribute","uniqueAttributes":{"qualifiedName":"finance--cost-centre--job-name"}},{"guid":"f1c0f8f1-4f0b-468b-9c43-ebf429500e35","typeName":"m4i_data_attribute","uniqueAttributes":{"qualifiedName":"personnel-and-organization--personnel--external--job-name"}},{"guid":"dc022091-fdbc-444e-9966-a3b296525c84","typeName":"m4i_data_attribute","uniqueAttributes":{"qualifiedName":"personnel-and-organization--personnel--internal--job-name"}}],"fieldType":"Text","childField":[]},"guid":"a88127e7-07dc-4d96-8a07-f245c8896740","isIncomplete":false,"provenanceType":0,"status":"ACTIVE","createdBy":"admin","updatedBy":"admin","createTime":1656521967605,"updateTime":1663931065400,"version":0,"relationshipAttributes":{"ArchiMateReference":[],"dataQuality":[{"guid":"b6c15fd0-934d-46c1-a20e-0f3fb2bb9c99","typeName":"m4i_data_quality","entityStatus":"ACTIVE","displayText":"nl1--nl1hr--nl1hr001--job_name--12","relationshipType":"m4i_data_quality_field_assignment","relationshipGuid":"08204270-9004-43bb-8d80-24c10e0c81a0","relationshipStatus":"ACTIVE","relationshipAttributes":{"typeName":"m4i_data_quality_field_assignment"}}],"attributes":[{"guid":"4189b75e-c9f3-478d-879c-b9d99e805b4f","typeName":"m4i_data_attribute","entityStatus":"ACTIVE","displayText":"Job Name","relationshipType":"m4i_data_attribute_field_assignment","relationshipGuid":"c46fa7b9-bde3-4e09-b165-27634ae33850","relationshipStatus":"ACTIVE","relationshipAttributes":{"typeName":"m4i_data_attribute_field_assignment"}},{"guid":"c20a7e7b-652b-48c7-9413-cf6f7683206d","typeName":"m4i_data_attribute","entityStatus":"ACTIVE","displayText":"Job Name","relationshipType":"m4i_data_attribute_field_assignment","relationshipGuid":"18857a6e-9bf9-49ef-9bc1-83cca19c1207","relationshipStatus":"ACTIVE","relationshipAttributes":{"typeName":"m4i_data_attribute_field_assignment"}},{"guid":"f1c0f8f1-4f0b-468b-9c43-ebf429500e35","typeName":"m4i_data_attribute","entityStatus":"ACTIVE","displayText":"Job Name","relationshipType":"m4i_data_attribute_field_assignment","relationshipGuid":"494b9186-3900-47c2-b706-d82003bf46dd","relationshipStatus":"ACTIVE","relationshipAttributes":{"typeName":"m4i_data_attribute_field_assignment"}},{"guid":"dc022091-fdbc-444e-9966-a3b296525c84","typeName":"m4i_data_attribute","entityStatus":"ACTIVE","displayText":"Job Name","relationshipType":"m4i_data_attribute_field_assignment","relationshipGuid":"9ce18090-c619-4d38-b1df-8d04b945f446","relationshipStatus":"ACTIVE","relationshipAttributes":{"typeName":"m4i_data_attribute_field_assignment"}}],"datasets":[{"guid":"c5975c9c-c0ad-46e7-bfb8-a8946980041d","typeName":"m4i_dataset","entityStatus":"ACTIVE","displayText":"NL1-HR-001","relationshipType":"m4i_field_assignment","relationshipGuid":"9ddd5c92-1d16-46ce-b5bb-088287443ffc","relationshipStatus":"ACTIVE","relationshipAttributes":{"typeName":"m4i_field_assignment","attributes":{"typeInformation":null}}}],"source":[{"guid":"2bee6dca-fea0-478b-824e-d97365d18bbe","typeName":"m4i_source","entityStatus":"ACTIVE","displayText":"/hr/hr/Data Dictionary_template.xlsm","relationshipType":"m4i_referenceable_source_assignment","relationshipGuid":"ca8c6bac-9c94-4e4b-a2df-ccdd8ed5328c","relationshipStatus":"ACTIVE","relationshipAttributes":{"typeName":"m4i_referenceable_source_assignment"}}],"parentField":[],"meanings":[],"childField":[]},"classifications":[{"typeName":"low_risk","entityGuid":"4189b75e-c9f3-478d-879c-b9d99e805b4f","entityStatus":"ACTIVE","propagate":true,"validityPeriods":[],"removePropagationsOnEntityDelete":true},{"typeName":"key_data","entityGuid":"dc022091-fdbc-444e-9966-a3b296525c84","entityStatus":"ACTIVE","propagate":true,"validityPeriods":[],"removePropagationsOnEntityDelete":true},{"typeName":"key_data","entityGuid":"c20a7e7b-652b-48c7-9413-cf6f7683206d","entityStatus":"ACTIVE","propagate":true,"validityPeriods":[],"removePropagationsOnEntityDelete":true},{"typeName":"low_risk","entityGuid":"c20a7e7b-652b-48c7-9413-cf6f7683206d","entityStatus":"ACTIVE","propagate":true,"validityPeriods":[],"removePropagationsOnEntityDelete":true},{"typeName":"key_data","entityGuid":"4189b75e-c9f3-478d-879c-b9d99e805b4f","entityStatus":"ACTIVE","propagate":true,"validityPeriods":[],"removePropagationsOnEntityDelete":true},{"typeName":"key_data","entityGuid":"f1c0f8f1-4f0b-468b-9c43-ebf429500e35","entityStatus":"ACTIVE","propagate":true,"validityPeriods":[],"removePropagationsOnEntityDelete":true},{"typeName":"low_risk","entityGuid":"f1c0f8f1-4f0b-468b-9c43-ebf429500e35","entityStatus":"ACTIVE","propagate":true,"validityPeriods":[],"removePropagationsOnEntityDelete":true},{"typeName":"low_risk","entityGuid":"dc022091-fdbc-444e-9966-a3b296525c84","entityStatus":"ACTIVE","propagate":true,"validityPeriods":[],"removePropagationsOnEntityDelete":true}],"labels":[],"proxy":false}}