{"referredEntities":{},"entity":{"typeName":"m4i_dataset","attributes":{"owner":null,"creator":[],"kibanaSpace":[{"guid":"11033796-f85f-409a-8f31-b67ed0996704","typeName":"m4i_collection","uniqueAttributes":{"qualifiedName":"elas1--kib1-hr"}}],"archimateReference":[],"replicatedTo":null,"userDescription":null,"replicatedFrom":null,"qualifiedName":"kib1-hr-change-dashboard","displayName":null,"description":null,"source":[],"parentDataset":[],"version":"1.0.0","childDataset":[],"elasticCluster":[],"collections":[],"name":"change dashboard","definition":null,"fields":[],"updatedAt":"6-28-2020"},"guid":"ac7d0a6e-9605-4610-8992-dbf05103c980","isIncomplete":false,"provenanceType":0,"status":"ACTIVE","createdBy":"admin","updatedBy":"admin","createTime":1656522262200,"updateTime":1663927932384,"version":0,"relationshipAttributes":{"inputToProcesses":[],"schema":[],"ArchiMateReference":[],"kibanaSpace":[{"guid":"11033796-f85f-409a-8f31-b67ed0996704","typeName":"m4i_collection","entityStatus":"ACTIVE","displayText":"kib1-hr","relationshipType":"m4i_collection_dashboard_assignment","relationshipGuid":"22a41a44-ac56-49a0-a2dd-12d72c2e58ff","relationshipStatus":"ACTIVE","relationshipAttributes":{"typeName":"m4i_collection_dashboard_assignment"}}],"creator":[],"source":[],"parentDataset":[],"meanings":[],"pipeline":null,"elasticCluster":[],"childDataset":[{"guid":"d830db18-40ab-4d4e-ac1d-d2ff085915cf","typeName":"m4i_dataset","entityStatus":"ACTIVE","displayText":"bar-graph","relationshipType":"m4i_dataset_parent_assignment","relationshipGuid":"a53074e8-018c-49cb-afce-50a6d8489e03","relationshipStatus":"ACTIVE","relationshipAttributes":{"typeName":"m4i_dataset_parent_assignment"}},{"guid":"fc58c8b8-f058-4b29-b0ac-bf2ecfa48da3","typeName":"m4i_dataset","entityStatus":"ACTIVE","displayText":"table","relationshipType":"m4i_dataset_parent_assignment","relationshipGuid":"2e5c0f45-3c13-475a-a4f3-d80979bc9e5d","relationshipStatus":"ACTIVE","relationshipAttributes":{"typeName":"m4i_dataset_parent_assignment"}}],"collections":[],"model":null,"fields":[],"outputFromProcesses":[{"guid":"fe21adc4-fae4-44e9-a14c-ae3a43a1b648","typeName":"m4i_generic_process","entityStatus":"ACTIVE","displayText":"Used in change dashboard","relationshipType":"process_dataset_outputs","relationshipGuid":"b940587e-a0e9-4a5f-9852-8669284967f4","relationshipStatus":"ACTIVE","relationshipAttributes":{"typeName":"process_dataset_outputs"}},{"guid":"5fdf05a7-e535-4f57-8ef4-ff97ac6699e6","typeName":"m4i_generic_process","entityStatus":"ACTIVE","displayText":"Used in change dashboard","relationshipType":"process_dataset_outputs","relationshipGuid":"26d5411b-b136-4025-9cc9-70a8b738ff90","relationshipStatus":"ACTIVE","relationshipAttributes":{"typeName":"process_dataset_outputs"}}]},"classifications":[{"typeName":"high_risk","entityGuid":"c93b1aab-8378-4041-a3d3-65f913eb2d06","entityStatus":"ACTIVE","propagate":true,"validityPeriods":[],"removePropagationsOnEntityDelete":true},{"typeName":"PII","entityGuid":"444c163e-b201-47bd-9b3a-9c1c9d33a4bb","entityStatus":"ACTIVE","propagate":true,"validityPeriods":[],"removePropagationsOnEntityDelete":true},{"typeName":"high_risk","entityGuid":"444c163e-b201-47bd-9b3a-9c1c9d33a4bb","entityStatus":"ACTIVE","propagate":true,"validityPeriods":[],"removePropagationsOnEntityDelete":true},{"typeName":"PII","entityGuid":"c93b1aab-8378-4041-a3d3-65f913eb2d06","entityStatus":"ACTIVE","propagate":true,"validityPeriods":[],"removePropagationsOnEntityDelete":true}],"labels":[],"proxy":false}}