{
  "request": {
    "itemsToExport": [
      {
        "guid": "2c68e06b-c179-4c98-ad42-30698df0fe4c",
        "typeName": "m4i_data_attribute"
      },
      {
        "guid": "d14c81a4-71a9-4a05-86dd-4ec61e196e37",
        "typeName": "m4i_field"
      },
      {
        "guid": "23df3674-9ab9-4d96-af5f-3db3535980c6",
        "typeName": "m4i_field"
      },
      {
        "guid": "eccab04e-b2df-4622-9929-24ede4475704",
        "typeName": "m4i_field"
      },
      {
        "guid": "4f85c0cb-6fc3-49c3-968c-f6c122717783",
        "typeName": "m4i_field"
      },
      {
        "guid": "5058153c-5c09-4db3-8ee0-885c12b23d0f",
        "typeName": "m4i_field"
      },
      {
        "guid": "56e3b9c8-6632-4695-ae4b-196df48353f4",
        "typeName": "m4i_field"
      },
      {
        "guid": "4c9dd402-b57f-43c5-b41a-ecf5cc7c4126",
        "typeName": "m4i_field"
      },
      {
        "guid": "bc1cf48e-a3c1-4c50-80fd-4e2810078d7b",
        "typeName": "m4i_field"
      },
      {
        "guid": "b68104cf-5d81-46b7-8b7f-2c2c9be98776",
        "typeName": "m4i_field"
      },
      {
        "guid": "d39cdd75-5c55-43b4-89a9-24d1f8e85bfe",
        "typeName": "m4i_field"
      },
      {
        "guid": "c086ab8a-20e4-48ea-a2f8-95945764453d",
        "typeName": "m4i_field"
      },
      {
        "guid": "137d476b-b8fd-4539-a7b8-06e3106fc075",
        "typeName": "m4i_field"
      },
      {
        "guid": "1b20ce10-a146-4553-901a-73e17ce34727",
        "typeName": "m4i_field"
      },
      {
        "guid": "f5e37ddd-514d-4cf5-bd80-afeb93e90d61",
        "typeName": "m4i_field"
      },
      {
        "guid": "7a1199f1-ff6e-495d-8157-290dc2625979",
        "typeName": "m4i_field"
      },
      {
        "guid": "39c34224-1db0-4d5a-b546-b94c2fb1a95e",
        "typeName": "m4i_field"
      },
      {
        "guid": "a7679d49-adbc-46cf-b704-a4ae6cc7ef37",
        "typeName": "m4i_field"
      },
      {
        "guid": "a97a0695-1b0b-4bd7-bc56-6352ce5033ee",
        "typeName": "m4i_field"
      },
      {
        "guid": "4cfbb060-ca75-4b34-ae7c-1273e55e7561",
        "typeName": "m4i_field"
      },
      {
        "guid": "2a0cd757-7ca9-4094-8857-c6301732658a",
        "typeName": "m4i_field"
      },
      {
        "guid": "f4d7a85a-bedf-4c79-aef5-3e9baf988252",
        "typeName": "m4i_field"
      },
      {
        "guid": "a1bd5ef8-9b3f-4d1a-848d-7eba1c9229d6",
        "typeName": "m4i_field"
      },
      {
        "guid": "3973b521-7579-43bc-953f-e498c99ea2eb",
        "typeName": "m4i_field"
      },
      {
        "guid": "09b34533-86d0-4397-a9ea-728544d4c1c5",
        "typeName": "m4i_field"
      },
      {
        "guid": "c21b935c-e83a-4697-8e22-203d2d438be3",
        "typeName": "m4i_field"
      },
      {
        "guid": "903ef8dc-fedc-4575-8a37-458f9d6fc97a",
        "typeName": "m4i_field"
      },
      {
        "guid": "48d1cece-05e7-4e9e-9ec9-65a40a67f19a",
        "typeName": "m4i_field"
      },
      {
        "guid": "983f281a-0437-4dab-a889-57d0d5b0ac96",
        "typeName": "m4i_field"
      },
      {
        "guid": "1a2efb9d-2856-493f-8ea6-d057e96abde9",
        "typeName": "m4i_field"
      },
      {
        "guid": "fa03d0d2-f7b1-4758-95dd-cd14b5187d6f",
        "typeName": "m4i_field"
      },
      {
        "guid": "dd856e1b-27ba-4462-90fa-1ed3beb9b42c",
        "typeName": "m4i_field"
      },
      {
        "guid": "036241ee-c91c-4c9a-86ce-8ef4764c3eb5",
        "typeName": "m4i_field"
      },
      {
        "guid": "b2660514-b0d8-48d1-b6eb-0d30e2d9ce26",
        "typeName": "m4i_field"
      },
      {
        "guid": "283cde83-1a96-43c6-b99f-4b8aa5c55337",
        "typeName": "m4i_field"
      },
      {
        "guid": "41683165-1298-4c9b-8c7c-3b13d9c8719f",
        "typeName": "m4i_field"
      },
      {
        "guid": "50702db0-5d0e-488a-88ad-fd5808b86bb6",
        "typeName": "m4i_field"
      },
      {
        "guid": "a586e7a3-d185-4ba2-819e-ec005df0440a",
        "typeName": "m4i_field"
      },
      {
        "guid": "daf896b9-6ef2-4f39-a2f5-d44040bff407",
        "typeName": "m4i_field"
      },
      {
        "guid": "f4565f89-2e4c-4b4d-a4e7-121189152ead",
        "typeName": "m4i_field"
      },
      {
        "guid": "afbade69-0232-42e8-9279-3922090ab7c3",
        "typeName": "m4i_field"
      },
      {
        "guid": "8e25fcb4-38aa-4858-ad89-9f38702fa8d9",
        "typeName": "m4i_field"
      },
      {
        "guid": "81d35460-80e4-43a8-a7aa-fb4c92fa547a",
        "typeName": "m4i_field"
      },
      {
        "guid": "b5a6d0cb-75f5-43a1-893f-b9e508ae6dce",
        "typeName": "m4i_field"
      },
      {
        "guid": "08c1d172-3174-4d6c-9d4f-a380649b4407",
        "typeName": "m4i_field"
      },
      {
        "guid": "ef2574a8-ac41-4f14-ba4a-a29974117b60",
        "typeName": "m4i_field"
      },
      {
        "guid": "c5975c9c-c0ad-46e7-bfb8-a8946980041d",
        "typeName": "m4i_dataset"
      },
      {
        "guid": "51925044-95e1-4100-bc21-9dc7e27fe452",
        "typeName": "m4i_collection"
      },
      {
        "guid": "2fc8fb98-0969-4b93-9569-5c44cdd9c824",
        "typeName": "m4i_field"
      },
      {
        "guid": "5bd5196f-349e-42ea-b816-d31ab734a0fe",
        "typeName": "m4i_field"
      },
      {
        "guid": "6c231364-2b1a-4a6b-abcb-1fd7e8869834",
        "typeName": "m4i_field"
      },
      {
        "guid": "f14be9c6-157e-4042-bc29-5e7fd34ca1c9",
        "typeName": "m4i_field"
      },
      {
        "guid": "c4a69c31-a6f1-4545-a5fa-2978a824d822",
        "typeName": "m4i_field"
      },
      {
        "guid": "4c509ddb-4f55-4518-ba3e-8092c3e4fd1a",
        "typeName": "m4i_field"
      },
      {
        "guid": "d784272d-d0ed-4ec9-852f-a8fd7338d611",
        "typeName": "m4i_field"
      },
      {
        "guid": "4720d40e-66a2-4aac-aabf-696cf02e7059",
        "typeName": "m4i_field"
      },
      {
        "guid": "668abdec-9e7a-45a1-9484-b9a89b92561e",
        "typeName": "m4i_field"
      },
      {
        "guid": "ad77e9be-c37b-48aa-97ca-098ecab35d1c",
        "typeName": "m4i_field"
      },
      {
        "guid": "b493169d-b155-4c2c-b4b4-1845a9de2d44",
        "typeName": "m4i_field"
      },
      {
        "guid": "03a42ead-b915-4b1e-99b4-ddd0c132b62d",
        "typeName": "m4i_field"
      },
      {
        "guid": "cd43658e-62df-44a0-8a18-1dcb9ab471d6",
        "typeName": "m4i_field"
      },
      {
        "guid": "a41d063c-62a4-463e-8be5-b9b35fd30588",
        "typeName": "m4i_field"
      },
      {
        "guid": "01ad87a7-6018-4ac9-97dd-16ba5ed22cf0",
        "typeName": "m4i_field"
      },
      {
        "guid": "a42405e9-58b7-4528-be93-8d12bafcf984",
        "typeName": "m4i_field"
      },
      {
        "guid": "ef3c5d0e-6d97-4045-bf42-7393d2cc8ef7",
        "typeName": "m4i_field"
      },
      {
        "guid": "f841a7ac-42bb-482b-a480-17f981fae9da",
        "typeName": "m4i_field"
      },
      {
        "guid": "d7e6c3f9-3667-4888-a91d-6c165a7ada6d",
        "typeName": "m4i_field"
      },
      {
        "guid": "2777d137-2ffe-408e-9e06-ae5bf0bdce08",
        "typeName": "m4i_field"
      },
      {
        "guid": "3951229b-2305-46e5-aa22-84c14a5167de",
        "typeName": "m4i_field"
      },
      {
        "guid": "f4c7440d-e98d-4beb-ba58-e211a6c0d367",
        "typeName": "m4i_field"
      },
      {
        "guid": "61af6dba-df37-4d9f-a89b-3faf61f6de92",
        "typeName": "m4i_field"
      },
      {
        "guid": "f8da1765-4844-4862-9443-563f12ba911f",
        "typeName": "m4i_field"
      },
      {
        "guid": "25aa3f28-9e62-48a3-b9c3-c9f84b858698",
        "typeName": "m4i_field"
      },
      {
        "guid": "391ed356-e45d-42fa-a734-4674f319f002",
        "typeName": "m4i_field"
      },
      {
        "guid": "c4a698ee-685a-41c0-917a-4124fc1a57ab",
        "typeName": "m4i_field"
      },
      {
        "guid": "ca6c2dd1-2b21-4287-85ea-2211beb4748c",
        "typeName": "m4i_field"
      },
      {
        "guid": "2a0d4dbd-070c-4983-8698-135312f7c7c3",
        "typeName": "m4i_field"
      },
      {
        "guid": "9816a9f3-0eac-4602-8cab-7dd48ea09267",
        "typeName": "m4i_field"
      },
      {
        "guid": "64412064-a5f2-4bab-a181-64f30ff8daf6",
        "typeName": "m4i_field"
      },
      {
        "guid": "d93d177e-f005-407d-bf91-89f283a59980",
        "typeName": "m4i_field"
      },
      {
        "guid": "b7f13441-c7f5-4815-8c50-e3a62b30e5f6",
        "typeName": "m4i_field"
      },
      {
        "guid": "96f5eb9c-8a4f-4958-a2b7-aa305813c2a1",
        "typeName": "m4i_field"
      },
      {
        "guid": "1169b857-6e41-4469-b470-423e63a5206c",
        "typeName": "m4i_field"
      },
      {
        "guid": "31b4cd56-8e6f-4671-9dee-429ff5fe2c37",
        "typeName": "m4i_field"
      },
      {
        "guid": "535cef7e-12e8-4bd6-92cb-e25f3c2bf67e",
        "typeName": "m4i_field"
      },
      {
        "guid": "e2bda746-a01b-4801-8e15-c9a82411ae32",
        "typeName": "m4i_field"
      },
      {
        "guid": "32b96243-08bf-49b4-af6e-0eb7c8e6ecc8",
        "typeName": "m4i_field"
      },
      {
        "guid": "88bf31c6-20a3-4931-9b77-08879430cbe7",
        "typeName": "m4i_field"
      },
      {
        "guid": "5275b28f-9600-4bd8-ab86-092363e8dff4",
        "typeName": "m4i_field"
      },
      {
        "guid": "a8dd424c-eb6f-4fef-b2a9-113762faf9eb",
        "typeName": "m4i_field"
      },
      {
        "guid": "fed7d6b6-3a49-4c48-b7fa-fda76a1a7d87",
        "typeName": "m4i_field"
      },
      {
        "guid": "e23178c7-ecce-4c69-940a-7de3fa30ab6a",
        "typeName": "m4i_field"
      },
      {
        "guid": "000db032-27ae-4762-90ef-7a3dbc1a243e",
        "typeName": "m4i_collection"
      },
      {
        "guid": "04d4f33f-fd0d-46bc-8336-85f25f2916b2",
        "typeName": "m4i_dataset"
      },
      {
        "guid": "4f4cbbf7-a63a-4541-8f19-e50fa64148a0",
        "typeName": "m4i_field"
      },
      {
        "guid": "790aea88-92ab-4d89-a9d9-7973fbbffa55",
        "typeName": "m4i_field"
      },
      {
        "guid": "3da200f4-db31-45be-8313-0c407af9045c",
        "typeName": "m4i_field"
      },
      {
        "guid": "9db51b9a-86ba-4d1f-a882-1bd024f02c72",
        "typeName": "m4i_field"
      },
      {
        "guid": "d35a7914-eacd-4f95-9c4b-dfa9d172d358",
        "typeName": "m4i_field"
      },
      {
        "guid": "d5c2dd6f-2676-4d99-a44e-d2739bc5a9a6",
        "typeName": "m4i_field"
      },
      {
        "guid": "2dc57d92-6c00-4a2d-8f33-6e4cbf4efb0c",
        "typeName": "m4i_field"
      },
      {
        "guid": "11aafff7-9371-44cb-8e4e-dea5e59b272c",
        "typeName": "m4i_field"
      },
      {
        "guid": "2403e46b-de4a-475d-8b47-6c262c25aba0",
        "typeName": "m4i_field"
      },
      {
        "guid": "5f50622b-d934-4830-944a-02c31e3f1d35",
        "typeName": "m4i_field"
      },
      {
        "guid": "33fb5b9a-7514-42b7-9465-dc5ce5d7201c",
        "typeName": "m4i_field"
      },
      {
        "guid": "ac7d0a6e-9605-4610-8992-dbf05103c980",
        "typeName": "m4i_dataset"
      },
      {
        "guid": "c2ee75ac-b623-44cf-a43c-be03e194b5bd",
        "typeName": "m4i_dataset"
      },
      {
        "guid": "eaceff70-4c3b-4ccc-b38c-912ed76963af",
        "typeName": "m4i_collection"
      },
      {
        "guid": "8d60c3bd-2da8-453d-9f12-0b0f262000f4",
        "typeName": "m4i_field"
      },
      {
        "guid": "c9ab453c-1688-4ebe-8e82-b41d2a0cc745",
        "typeName": "m4i_field"
      },
      {
        "guid": "8c788070-840b-4207-b548-87eaeaeed934",
        "typeName": "m4i_field"
      },
      {
        "guid": "f5b80975-8353-44bf-9f0e-78a36fa9fed9",
        "typeName": "m4i_field"
      },
      {
        "guid": "cf94f900-eb98-4959-b270-9f632a998ae0",
        "typeName": "m4i_field"
      },
      {
        "guid": "569d0aa2-cd55-4821-b7e9-5fa5c3e6f386",
        "typeName": "m4i_field"
      },
      {
        "guid": "d0cb0995-cfc3-4d96-9211-8e58695e657b",
        "typeName": "m4i_field"
      },
      {
        "guid": "53b0e04b-5d2a-4e90-869f-a04c2dd9c2af",
        "typeName": "m4i_field"
      },
      {
        "guid": "c93b578e-3382-4172-8b43-f3bd0bd4d585",
        "typeName": "m4i_field"
      },
      {
        "guid": "a6f35ebb-a32a-4c98-afa5-d6cbf6096fa2",
        "typeName": "m4i_field"
      },
      {
        "guid": "62328e62-3429-4aa6-94e5-58f1005b5a99",
        "typeName": "m4i_field"
      },
      {
        "guid": "547cb8a7-392b-4b3e-8ba9-2428125aaa78",
        "typeName": "m4i_field"
      },
      {
        "guid": "aac9cf91-79fa-45ba-91ac-963f95105273",
        "typeName": "m4i_field"
      },
      {
        "guid": "837f8269-472e-4cf6-860e-41fc80447046",
        "typeName": "m4i_field"
      },
      {
        "guid": "60075951-75bd-436b-8ddc-cde39d548360",
        "typeName": "m4i_field"
      },
      {
        "guid": "d1493041-980d-4b92-922d-351e4c866b97",
        "typeName": "m4i_field"
      },
      {
        "guid": "b39fb3cb-f82f-4051-b8d1-1c3b10c3b799",
        "typeName": "m4i_field"
      },
      {
        "guid": "7b4b2892-46e0-4780-a431-cc331bdbbb68",
        "typeName": "m4i_field"
      },
      {
        "guid": "949bffe5-16f4-4c4e-8321-94eeba70a7a1",
        "typeName": "m4i_field"
      },
      {
        "guid": "60e04dd8-e41a-4539-add5-4110a11711cc",
        "typeName": "m4i_field"
      },
      {
        "guid": "a42ef3d3-00da-44d0-83f6-33f8eb4cae8e",
        "typeName": "m4i_field"
      },
      {
        "guid": "0ad6b5f2-ce04-4f68-9c5b-cd607f94398a",
        "typeName": "m4i_field"
      },
      {
        "guid": "c5837407-3678-4bf4-b7a3-28d5ef87609d",
        "typeName": "m4i_field"
      },
      {
        "guid": "542909f8-8931-4d78-827f-91f427958ce1",
        "typeName": "m4i_field"
      },
      {
        "guid": "cf0603d7-00fd-40c3-a5a4-6951a830ab2e",
        "typeName": "m4i_field"
      },
      {
        "guid": "8542c2a1-8278-4255-adc3-a02dd041d3ed",
        "typeName": "m4i_field"
      },
      {
        "guid": "fa1cc6b8-acdc-4485-b47a-98edfe95ae6e",
        "typeName": "m4i_field"
      },
      {
        "guid": "192d986b-568f-467d-822f-1c95154aa1d5",
        "typeName": "m4i_field"
      },
      {
        "guid": "13e70e33-8a59-4c1f-a367-228870bed138",
        "typeName": "m4i_collection"
      },
      {
        "guid": "2dfbaf85-af6a-4189-a5c8-2bdd6decf32b",
        "typeName": "m4i_field"
      },
      {
        "guid": "565fffc9-eb4b-4186-b867-3b8c6e30d23b",
        "typeName": "m4i_field"
      },
      {
        "guid": "a0703119-0157-45a3-a91b-91eaf8ce9008",
        "typeName": "m4i_field"
      },
      {
        "guid": "db75b4ae-84a4-48c0-a902-da3ff7528a8a",
        "typeName": "m4i_field"
      },
      {
        "guid": "bd32a4f3-c60d-4e10-b075-aa96d43f3554",
        "typeName": "m4i_field"
      },
      {
        "guid": "2f7b9f1d-ce6a-4830-8587-baf6cfd65cae",
        "typeName": "m4i_field"
      },
      {
        "guid": "e7dd2e4c-0cf4-440b-b51a-50c4ec119f6a",
        "typeName": "m4i_field"
      },
      {
        "guid": "d12ea6d4-6083-42d9-92d1-94dd0c49586c",
        "typeName": "m4i_field"
      },
      {
        "guid": "355f8ead-5159-4349-86a2-e505e52cb897",
        "typeName": "m4i_field"
      },
      {
        "guid": "fa70e73d-6aad-4ff9-be1c-7f03d2804e0e",
        "typeName": "m4i_field"
      },
      {
        "guid": "5301a445-2485-4858-aec6-bdb0d407cfea",
        "typeName": "m4i_field"
      },
      {
        "guid": "714e3f40-8668-41e3-8052-14b5d0e11935",
        "typeName": "m4i_field"
      },
      {
        "guid": "74ab439e-021d-42ec-9627-0eba154df175",
        "typeName": "m4i_field"
      },
      {
        "guid": "54554ceb-80c7-4929-9038-abc81c979e5a",
        "typeName": "m4i_field"
      },
      {
        "guid": "dda183b9-792e-451a-a369-5ace997ac1ac",
        "typeName": "m4i_field"
      },
      {
        "guid": "d6b10167-0a2e-457c-89ff-5737440fd392",
        "typeName": "m4i_field"
      },
      {
        "guid": "2e66aea2-8f06-4026-9a76-cd95bd07e78f",
        "typeName": "m4i_field"
      },
      {
        "guid": "27260f65-0b3c-43a0-b1c4-1784f745bfc6",
        "typeName": "m4i_field"
      },
      {
        "guid": "e6041090-b670-4c62-82e0-7460f3bb2ced",
        "typeName": "m4i_field"
      },
      {
        "guid": "34d484a1-e210-4f2a-a2a5-e85f4a895ee1",
        "typeName": "m4i_field"
      },
      {
        "guid": "c5f70fe4-8a9b-4a95-893e-2de3127d667c",
        "typeName": "m4i_field"
      },
      {
        "guid": "c3f9a49c-a120-4e2c-be0a-0ffe45481b31",
        "typeName": "m4i_field"
      },
      {
        "guid": "36780d13-5c49-47cc-a108-81b1180045a5",
        "typeName": "m4i_field"
      },
      {
        "guid": "cb60b492-a2e3-497f-8c17-c6706bf207b5",
        "typeName": "m4i_field"
      },
      {
        "guid": "359ab492-b83f-41e9-bf63-5950d8ffa707",
        "typeName": "m4i_field"
      },
      {
        "guid": "80d1144a-fbde-4e9e-899b-b1f7856f880b",
        "typeName": "m4i_field"
      },
      {
        "guid": "4150b7ca-d91e-4576-9368-9b7254b4c8be",
        "typeName": "m4i_field"
      },
      {
        "guid": "679e6a6f-662f-4889-a942-c7aaae256147",
        "typeName": "m4i_field"
      },
      {
        "guid": "2f112ea8-8d2e-4539-a4f2-7da2af924d77",
        "typeName": "m4i_data_attribute"
      },
      {
        "guid": "2bee6dca-fea0-478b-824e-d97365d18bbe",
        "typeName": "m4i_source"
      },
      {
        "guid": "727fe434-7fbd-49f2-8697-20c628fdb5a8",
        "typeName": "m4i_person"
      },
      {
        "guid": "f60a248c-1883-4408-985e-c166fd04bec2",
        "typeName": "m4i_person"
      },
      {
        "guid": "ebc1227e-8331-48cd-98ce-2f4132dd1981",
        "typeName": "m4i_data_attribute"
      },
      {
        "guid": "59f4f7a8-74e5-4b24-806f-4e9638550feb",
        "typeName": "m4i_data_attribute"
      },
      {
        "guid": "8f5b54d6-3259-4a0f-8c7d-cf65420a3bb8",
        "typeName": "m4i_data_attribute"
      },
      {
        "guid": "9e8c280b-b4f7-45e0-b287-49dddaf21e23",
        "typeName": "m4i_person"
      },
      {
        "guid": "e4c88df0-f2bd-4cb1-aad7-b24a3cee2021",
        "typeName": "m4i_data_attribute"
      },
      {
        "guid": "6fab80e8-2d32-4a2f-8668-74078a14764c",
        "typeName": "m4i_data_attribute"
      },
      {
        "guid": "4f4948ae-2df0-437d-8c6a-e9cba5db8063",
        "typeName": "m4i_person"
      },
      {
        "guid": "6b0e188f-91f0-4f5d-9dd4-cb9fb6c51619",
        "typeName": "m4i_data_attribute"
      },
      {
        "guid": "8c72d824-ee25-4131-a0b3-d9c91d7899ec",
        "typeName": "m4i_person"
      },
      {
        "guid": "665870e3-92cb-4dae-b58e-f4db45a7af38",
        "typeName": "m4i_person"
      },
      {
        "guid": "2b4f65a9-53ce-468f-9568-51c52c13ecf4",
        "typeName": "m4i_person"
      },
      {
        "guid": "393d8dde-964a-4586-8202-fc984cd16f2a",
        "typeName": "m4i_data_domain"
      },
      {
        "guid": "c0f24767-b0bd-4b89-90c0-2e24f86a4c96",
        "typeName": "m4i_data_domain"
      },
      {
        "guid": "2230cf23-c90c-4a2f-be3e-e402503c4544",
        "typeName": "m4i_dataset"
      },
      {
        "guid": "31dd8000-46ad-4b08-a24e-51b8bdf62dd0",
        "typeName": "m4i_system"
      },
      {
        "guid": "c0af931d-1cd3-4ecb-970f-ab804d289ada",
        "typeName": "m4i_data_entity"
      },
      {
        "guid": "9c219981-ca51-4513-be10-572cfe9ac5ed",
        "typeName": "m4i_data_attribute"
      },
      {
        "guid": "3e5d4165-e92e-414e-8dba-a61ffd799e17",
        "typeName": "m4i_data_attribute"
      },
      {
        "guid": "c93b1aab-8378-4041-a3d3-65f913eb2d06",
        "typeName": "m4i_data_attribute"
      },
      {
        "guid": "a017e19f-e150-4dda-b73f-2d135dd07d06",
        "typeName": "m4i_data_attribute"
      },
      {
        "guid": "e76efc23-569b-4d4b-a7ee-d986c35027d0",
        "typeName": "m4i_data_quality"
      },
      {
        "guid": "fd005494-9e6b-4b34-a69f-549ea5b8ce5b",
        "typeName": "m4i_data_quality"
      },
      {
        "guid": "f1f929ad-7613-4e7a-b42b-765fbd69220a",
        "typeName": "m4i_data_quality"
      },
      {
        "guid": "be5072dd-10ad-43e5-b904-5bddb12244c6",
        "typeName": "m4i_data_quality"
      },
      {
        "guid": "1fc000c8-0737-4863-9c63-b236f639cb57",
        "typeName": "m4i_data_quality"
      },
      {
        "guid": "8b929a46-7a1c-4a91-967d-9887895e5898",
        "typeName": "m4i_data_quality"
      },
      {
        "guid": "3b42402a-9f5d-4953-bde0-2f4d5f1b231f",
        "typeName": "m4i_data_quality"
      },
      {
        "guid": "36438db5-e87c-4708-a7fd-b6889ca41fe1",
        "typeName": "m4i_data_quality"
      },
      {
        "guid": "8c76f105-a3bd-438e-80cd-b72c4f35aedc",
        "typeName": "m4i_data_quality"
      },
      {
        "guid": "4189b75e-c9f3-478d-879c-b9d99e805b4f",
        "typeName": "m4i_data_attribute"
      },
      {
        "guid": "8436e4d8-2974-4149-bcaa-3579bf8626a9",
        "typeName": "m4i_data_attribute"
      },
      {
        "guid": "ff14021b-1507-4e76-83c4-462e2cd5af2b",
        "typeName": "m4i_data_quality"
      },
      {
        "guid": "5e4bce72-89e5-47f9-b498-cf1d53036522",
        "typeName": "m4i_data_quality"
      },
      {
        "guid": "2557f741-b3d1-4dc6-9c4c-1772366544d2",
        "typeName": "m4i_data_quality"
      },
      {
        "guid": "fa4a6263-90fe-49fe-8b2c-3e3df2380c48",
        "typeName": "m4i_data_quality"
      },
      {
        "guid": "fb905403-86f8-494e-8a3d-0e303668c868",
        "typeName": "m4i_data_quality"
      },
      {
        "guid": "818f6d40-b74d-4971-a039-efe8ccdc8f5b",
        "typeName": "m4i_data_entity"
      },
      {
        "guid": "94a1c5f2-8639-4709-a0b7-ea4f4cef09d0",
        "typeName": "m4i_data_attribute"
      },
      {
        "guid": "74636bfa-0767-4cf8-a84c-782f5a83d5c3",
        "typeName": "m4i_data_quality"
      },
      {
        "guid": "1de6e6c1-d94b-4ae5-b89e-1974573031b3",
        "typeName": "m4i_data_quality"
      },
      {
        "guid": "32b94c8c-ff45-4a1e-9114-833a2789b599",
        "typeName": "m4i_data_quality"
      },
      {
        "guid": "cd28eaf5-5d73-4dde-a2f2-140bf7a45b1b",
        "typeName": "m4i_data_attribute"
      },
      {
        "guid": "7240b464-7317-474c-8dfc-0f42dedfeff2",
        "typeName": "m4i_data_quality"
      },
      {
        "guid": "6fc09dec-b9b6-46eb-b195-47160c1636ba",
        "typeName": "m4i_data_quality"
      },
      {
        "guid": "3a6d0e90-2373-4ff1-9959-01d742c0263f",
        "typeName": "m4i_field"
      },
      {
        "guid": "bcc3902b-2203-48c4-ba9b-d5c74da4c2ab",
        "typeName": "m4i_data_attribute"
      },
      {
        "guid": "a48a14e4-ccce-4a6b-8bb5-1f1de15636ef",
        "typeName": "m4i_data_attribute"
      },
      {
        "guid": "72b6ed89-4964-4144-94a2-e26d753bc0f7",
        "typeName": "m4i_data_attribute"
      },
      {
        "guid": "d1700b98-5935-4d78-ad57-8fb0089da5f2",
        "typeName": "m4i_data_attribute"
      },
      {
        "guid": "600bf7fe-fea8-4072-a62f-e2f3165408bd",
        "typeName": "m4i_data_attribute"
      },
      {
        "guid": "5fe5ae11-ce8c-4fa3-94d1-7c6f34227b52",
        "typeName": "m4i_data_attribute"
      },
      {
        "guid": "62d022bf-3005-4ff2-aa26-d110c2b0d5b2",
        "typeName": "m4i_data_attribute"
      },
      {
        "guid": "265dad2b-2fc0-44c3-a828-06476d5f1e38",
        "typeName": "m4i_person"
      },
      {
        "guid": "506aa3cd-8317-4ed0-9d18-877867db1782",
        "typeName": "m4i_data_attribute"
      },
      {
        "guid": "0e0b8f4b-6ad2-4eed-8890-6a8c880c2614",
        "typeName": "m4i_data_attribute"
      },
      {
        "guid": "aa729886-037d-4860-af8d-c6af2ee5f6b8",
        "typeName": "m4i_data_attribute"
      },
      {
        "guid": "515c596a-bdde-49a5-96b1-95bd20903019",
        "typeName": "m4i_data_attribute"
      },
      {
        "guid": "764adae5-f5e5-4477-8fb1-6a06cf2200da",
        "typeName": "m4i_data_attribute"
      },
      {
        "guid": "472b11de-2c1a-45db-8284-f54db2918a2a",
        "typeName": "m4i_data_attribute"
      },
      {
        "guid": "d3017dd7-d7a1-48f0-a161-bc01a816d09d",
        "typeName": "m4i_data_attribute"
      },
      {
        "guid": "06ee09e0-babf-4e14-b3c0-d8c1878a8b25",
        "typeName": "m4i_data_attribute"
      },
      {
        "guid": "c280da43-0747-4ca0-801b-84ba833bb092",
        "typeName": "m4i_data_attribute"
      },
      {
        "guid": "814c0aa3-6617-4e4d-9b14-5edf729d1195",
        "typeName": "m4i_data_attribute"
      },
      {
        "guid": "5210b57d-aa17-4779-bbb1-1a3ec305df12",
        "typeName": "m4i_data_attribute"
      },
      {
        "guid": "1adf8352-ddaf-47e2-baaf-a1ed17483401",
        "typeName": "m4i_data_attribute"
      },
      {
        "guid": "0ce8270a-d024-46bc-8542-60e9ae8bf722",
        "typeName": "m4i_data_attribute"
      },
      {
        "guid": "0f3fb528-6c7d-4150-9f66-559604bbaf0f",
        "typeName": "m4i_data_attribute"
      },
      {
        "guid": "a48ff719-ba8f-41f6-9c8a-5011e0c92089",
        "typeName": "m4i_data_attribute"
      },
      {
        "guid": "a8249ddd-3aac-49bf-8076-bbd52db1c7d4",
        "typeName": "m4i_data_attribute"
      },
      {
        "guid": "834c37ad-b8a8-40bd-b573-5c4fadfe1d26",
        "typeName": "m4i_data_attribute"
      },
      {
        "guid": "04408291-54fb-448d-87ae-58cfb8137647",
        "typeName": "m4i_data_attribute"
      },
      {
        "guid": "62fd8e1a-0226-4ed6-98e0-4f909f8bdf2b",
        "typeName": "m4i_data_attribute"
      },
      {
        "guid": "e7d2e19a-3d17-498b-90d4-ef04a74b5175",
        "typeName": "m4i_data_attribute"
      },
      {
        "guid": "ca0d9ade-9819-40a9-a92a-778bf668fe9e",
        "typeName": "m4i_data_attribute"
      },
      {
        "guid": "75035074-c4c1-4cfb-aafb-271b2aec51b8",
        "typeName": "m4i_data_attribute"
      },
      {
        "guid": "010d67a7-0514-4669-af97-cc5b3d107b56",
        "typeName": "m4i_data_attribute"
      },
      {
        "guid": "7544bed3-f9ca-4075-951f-6d0230a202fc",
        "typeName": "m4i_data_attribute"
      },
      {
        "guid": "6c6a3fb9-e983-4b39-a26b-2883cf06cc8d",
        "typeName": "m4i_data_attribute"
      },
      {
        "guid": "8c403ddb-e4d6-4952-aad8-c2685fb28173",
        "typeName": "m4i_data_attribute"
      },
      {
        "guid": "f4956b8f-3c7f-4d4b-a99d-10b9a32a42e0",
        "typeName": "m4i_data_attribute"
      },
      {
        "guid": "ce8fc180-cb3f-4e8e-b4b1-17dda85feca2",
        "typeName": "m4i_data_attribute"
      },
      {
        "guid": "41b6a418-dbaf-461b-bc66-e7285c1cbd25",
        "typeName": "m4i_data_attribute"
      },
      {
        "guid": "0a30e2bc-f152-4a93-890e-e6f39f3f864f",
        "typeName": "m4i_person"
      },
      {
        "guid": "627edc0c-1b4c-4f0c-b132-756a347c013e",
        "typeName": "m4i_data_attribute"
      },
      {
        "guid": "0b915e7a-6b54-401a-8e2c-3590719e32ea",
        "typeName": "m4i_data_attribute"
      },
      {
        "guid": "e93cc475-faf6-4ac0-89dc-62554a056e7a",
        "typeName": "m4i_data_attribute"
      },
      {
        "guid": "fc714ece-629d-4e02-b1a3-042025639d0a",
        "typeName": "m4i_data_attribute"
      },
      {
        "guid": "bd2d3acb-2592-455c-bd51-207a335dc2a8",
        "typeName": "m4i_data_attribute"
      },
      {
        "guid": "6c13c3d0-2244-462e-a91c-fefeca1238f1",
        "typeName": "m4i_data_attribute"
      },
      {
        "guid": "3bf59b23-b612-4ca4-be5e-1a455469b0b3",
        "typeName": "m4i_data_attribute"
      },
      {
        "guid": "32d08426-6992-4fec-9de2-fbfea85af237",
        "typeName": "m4i_data_attribute"
      },
      {
        "guid": "a1957cf3-b8dc-4396-8fef-72a29b5dbc5d",
        "typeName": "m4i_data_attribute"
      },
      {
        "guid": "f5a28b80-cb8c-474c-b699-cc68b2159c3d",
        "typeName": "m4i_field"
      },
      {
        "guid": "0fca0de9-e613-4530-896b-fb3a54d6208c",
        "typeName": "m4i_person"
      },
      {
        "guid": "777d4125-b3b7-4957-bf86-b1b0989c76a6",
        "typeName": "m4i_person"
      },
      {
        "guid": "19736d3b-e7c6-4f95-8ce6-a6f215eff467",
        "typeName": "m4i_data_entity"
      },
      {
        "guid": "11ff304e-1146-4c82-b801-bb8f5434b5d4",
        "typeName": "m4i_collection"
      },
      {
        "guid": "9928b372-dca2-4fba-99f3-6b99da65b4af",
        "typeName": "m4i_data_attribute"
      },
      {
        "guid": "0df50bc5-fda0-4da8-a4cf-44b3514af8ac",
        "typeName": "m4i_data_quality"
      },
      {
        "guid": "7e6f71fe-0a01-4815-81af-0f8dd068e775",
        "typeName": "m4i_data_quality"
      },
      {
        "guid": "18a76dfb-419c-43a1-8681-c3dde50e0aae",
        "typeName": "m4i_data_attribute"
      },
      {
        "guid": "dc408458-fd6d-4080-a324-9900585d1146",
        "typeName": "m4i_person"
      },
      {
        "guid": "17926116-f221-43e0-82d5-3ee578bfa308",
        "typeName": "m4i_system"
      },
      {
        "guid": "0df94338-1afc-455c-b9d5-c3d0e36d1dac",
        "typeName": "m4i_field"
      },
      {
        "guid": "10a70336-d860-429c-86ab-05aba7582b51",
        "typeName": "m4i_data_quality"
      },
      {
        "guid": "8785bad4-88c5-4a66-800d-99c9ad67c9b0",
        "typeName": "m4i_data_attribute"
      },
      {
        "guid": "a7e09499-72d5-451e-a75a-862d75d99f4d",
        "typeName": "m4i_data_domain"
      },
      {
        "guid": "af1558ee-8133-4cb8-8fd6-9e571bf4a512",
        "typeName": "m4i_data_attribute"
      },
      {
        "guid": "40dc998d-df9c-4bf0-a4fc-7fe9a98f2b67",
        "typeName": "m4i_data_quality"
      },
      {
        "guid": "980ef6fd-ca1a-46e6-a669-b5246cc1baca",
        "typeName": "m4i_data_attribute"
      },
      {
        "guid": "2be903bb-ded2-4b9e-bfb3-b94526ee8c8f",
        "typeName": "m4i_data_attribute"
      },
      {
        "guid": "fd88a9c5-9393-4843-85db-7881c68d9134",
        "typeName": "m4i_data_entity"
      },
      {
        "guid": "4086f053-a8c9-4382-af9e-e4e08effd3c9",
        "typeName": "m4i_dataset"
      },
      {
        "guid": "1945b51b-0f13-4bcf-bd2b-e745d79248d0",
        "typeName": "m4i_data_attribute"
      },
      {
        "guid": "f53150ab-a451-41c2-bd41-98f8ec51f317",
        "typeName": "m4i_data_attribute"
      },
      {
        "guid": "97e544aa-47c6-4326-8975-76df2203f39d",
        "typeName": "m4i_data_entity"
      },
      {
        "guid": "c2e2c2d9-f0b2-4f0d-b994-9684395dfdd4",
        "typeName": "m4i_data_attribute"
      },
      {
        "guid": "b4435642-bde8-46bb-80e4-8172a19bc6c7",
        "typeName": "m4i_data_attribute"
      },
      {
        "guid": "c20a7e7b-652b-48c7-9413-cf6f7683206d",
        "typeName": "m4i_data_attribute"
      },
      {
        "guid": "f4b072a7-f869-485c-ac23-165e3de984c3",
        "typeName": "m4i_data_attribute"
      },
      {
        "guid": "744dc435-d410-4196-9437-20c622c160f3",
        "typeName": "m4i_person"
      },
      {
        "guid": "55520e1f-52a3-4696-97e5-b5879323b53a",
        "typeName": "m4i_person"
      },
      {
        "guid": "1bfbe44b-f4a4-4120-88ad-2fa05c15188e",
        "typeName": "m4i_field"
      },
      {
        "guid": "16f0ae8c-b95f-44c7-b7a0-e961e378b596",
        "typeName": "m4i_data_attribute"
      },
      {
        "guid": "8d6858eb-dabe-4d62-b415-2be534b0e923",
        "typeName": "m4i_data_attribute"
      },
      {
        "guid": "0dabaf37-3bec-4820-8cb5-ed613e863877",
        "typeName": "m4i_data_attribute"
      },
      {
        "guid": "00754dfb-557c-4c4f-bd4b-9e2b250ab10e",
        "typeName": "m4i_data_attribute"
      },
      {
        "guid": "c847c48d-641d-4828-af86-f8cdc136387b",
        "typeName": "m4i_data_attribute"
      },
      {
        "guid": "a8ae22fc-d916-4a6a-b365-2117900d510d",
        "typeName": "m4i_data_attribute"
      },
      {
        "guid": "d77e11e2-e011-4792-8150-006c93a6c695",
        "typeName": "m4i_data_attribute"
      },
      {
        "guid": "971cfedd-09f7-47ad-bace-d0f9607f1097",
        "typeName": "m4i_data_domain"
      },
      {
        "guid": "e15088f4-a893-484c-85e7-3013fc6ddc9d",
        "typeName": "m4i_data_attribute"
      },
      {
        "guid": "0ed13fa1-bbce-4368-adee-8199e4266463",
        "typeName": "m4i_data_entity"
      },
      {
        "guid": "5280c854-8e38-40ef-9b96-3710fdd2f5f0",
        "typeName": "m4i_data_attribute"
      },
      {
        "guid": "c413fb3a-bb3f-4ea1-a2c0-d9a9adbc2149",
        "typeName": "m4i_data_attribute"
      },
      {
        "guid": "dc82651d-d03f-461f-a0cd-4e61f9514015",
        "typeName": "m4i_data_attribute"
      },
      {
        "guid": "2510d037-7c6f-407f-972b-075d34e24d62",
        "typeName": "m4i_data_attribute"
      },
      {
        "guid": "7bc1515c-0628-4828-895a-f0da8bf6dae4",
        "typeName": "m4i_data_attribute"
      },
      {
        "guid": "3bf681d3-c6c8-402a-a0b6-58f2084e00bc",
        "typeName": "m4i_data_attribute"
      },
      {
        "guid": "ddb6042d-155d-4b53-80f2-037df21da1d9",
        "typeName": "m4i_data_attribute"
      },
      {
        "guid": "daa8ba7f-eab5-4727-ad5d-d6482a3c0f74",
        "typeName": "m4i_data_attribute"
      },
      {
        "guid": "de308798-ed4b-4f57-a187-07713b32c07c",
        "typeName": "m4i_data_attribute"
      },
      {
        "guid": "2c0a2e7c-4f76-423b-ba66-f7450613f5d3",
        "typeName": "m4i_data_attribute"
      },
      {
        "guid": "420a6727-bab2-45b6-a7a4-454b690793dc",
        "typeName": "m4i_data_attribute"
      },
      {
        "guid": "1e66f44e-7787-41ab-92ab-65d4bb5eb515",
        "typeName": "m4i_data_attribute"
      },
      {
        "guid": "114af845-1ccc-4534-a1f2-45f136959c6e",
        "typeName": "m4i_data_entity"
      },
      {
        "guid": "037337cf-f24a-46b6-8df4-46fe5ad7e1eb",
        "typeName": "m4i_system"
      },
      {
        "guid": "cb9ef4bc-4c68-4510-8816-f5e439105f2b",
        "typeName": "m4i_data_attribute"
      },
      {
        "guid": "de782dce-7d47-4474-876f-f931ad6ab066",
        "typeName": "m4i_data_attribute"
      },
      {
        "guid": "3059989c-364d-4404-92ef-c1e719014f00",
        "typeName": "m4i_data_quality"
      },
      {
        "guid": "0851c01d-dd0a-4290-9920-fdad0917b853",
        "typeName": "m4i_data_quality"
      },
      {
        "guid": "9865dffd-a5b5-4040-93a4-fc9317f28edb",
        "typeName": "m4i_data_attribute"
      },
      {
        "guid": "9f00cb70-9048-429c-b24e-d6cd6271ab2f",
        "typeName": "m4i_data_attribute"
      },
      {
        "guid": "f86b18e1-7a20-4ba1-a616-09bac4b96a3b",
        "typeName": "m4i_field"
      },
      {
        "guid": "0947802f-d016-4031-b90f-10d27b102439",
        "typeName": "m4i_data_entity"
      },
      {
        "guid": "f1c0f8f1-4f0b-468b-9c43-ebf429500e35",
        "typeName": "m4i_data_attribute"
      },
      {
        "guid": "96b58de9-5b42-44fd-ba11-1dd47cc13ace",
        "typeName": "m4i_data_quality"
      },
      {
        "guid": "8c11cfcc-9916-42e6-9888-50770b312937",
        "typeName": "m4i_data_attribute"
      },
      {
        "guid": "1548b246-78e9-4010-bdb9-e9fec0d3c975",
        "typeName": "m4i_data_attribute"
      },
      {
        "guid": "58d2f74d-a654-486b-81f6-115fc94fe471",
        "typeName": "m4i_data_quality"
      },
      {
        "guid": "1fec5463-2a52-4c6e-840a-7846854d54dc",
        "typeName": "m4i_field"
      },
      {
        "guid": "3578d728-49ac-4629-9186-0c517bc8991f",
        "typeName": "m4i_data_attribute"
      },
      {
        "guid": "4af8483e-a388-4cfd-bcc7-d1ca6d7e4408",
        "typeName": "m4i_data_attribute"
      },
      {
        "guid": "74c82586-a392-4f26-b32e-7cd555d41f9d",
        "typeName": "m4i_data_attribute"
      },
      {
        "guid": "3d32de4d-d2f9-46bd-99b9-2087a93419a9",
        "typeName": "m4i_data_attribute"
      },
      {
        "guid": "45d4dd9e-66b7-44b4-8e7f-5a9815dc5d5b",
        "typeName": "m4i_data_attribute"
      },
      {
        "guid": "387218d7-cfc9-4540-90cf-0c8b10caefce",
        "typeName": "m4i_data_attribute"
      },
      {
        "guid": "fa724777-d854-4a24-beaf-a249929d2d15",
        "typeName": "m4i_data_attribute"
      },
      {
        "guid": "899e3e6a-134f-40ec-b9ab-a95282fa8afc",
        "typeName": "m4i_person"
      },
      {
        "guid": "4864b7d2-2e54-4dd5-9a73-dba74b2d53bc",
        "typeName": "m4i_data_attribute"
      },
      {
        "guid": "193e678e-4572-4ac1-b453-c6cc61682648",
        "typeName": "m4i_data_attribute"
      },
      {
        "guid": "8ba1b5c6-0ddd-4b25-ac1d-2ec8760af740",
        "typeName": "m4i_data_attribute"
      },
      {
        "guid": "52cf166d-4f91-4c1f-b63a-12b7fb229e5b",
        "typeName": "m4i_data_attribute"
      },
      {
        "guid": "ab0a0f0e-a20b-483d-8d0b-7d9dc9802d5e",
        "typeName": "m4i_data_attribute"
      },
      {
        "guid": "bd793c41-e867-4cec-adbb-0a0902bd9a13",
        "typeName": "m4i_data_attribute"
      },
      {
        "guid": "6672d91a-cd29-48f1-a8be-1c51fa402a6b",
        "typeName": "m4i_data_attribute"
      },
      {
        "guid": "2e297740-8553-451e-a087-302418a51751",
        "typeName": "m4i_data_attribute"
      },
      {
        "guid": "b4bf70d3-1121-408e-bcf9-39e96a13d980",
        "typeName": "m4i_data_attribute"
      },
      {
        "guid": "39496a21-bf35-4d73-b18f-13f03fc31cde",
        "typeName": "m4i_data_attribute"
      },
      {
        "guid": "f581f528-9207-43f5-99bb-26f258efe062",
        "typeName": "m4i_data_attribute"
      },
      {
        "guid": "45e581d9-452c-4d48-98e0-452b7a109efb",
        "typeName": "m4i_person"
      },
      {
        "guid": "b1c3c1f1-7da0-4821-84ce-b8ec009b0f66",
        "typeName": "m4i_data_attribute"
      },
      {
        "guid": "444c163e-b201-47bd-9b3a-9c1c9d33a4bb",
        "typeName": "m4i_data_attribute"
      },
      {
        "guid": "bb7eb559-447e-4acf-824b-b66b7473c769",
        "typeName": "m4i_data_attribute"
      },
      {
        "guid": "f7b58db1-b62e-4481-a4e9-3e2db68b0b6c",
        "typeName": "m4i_data_attribute"
      },
      {
        "guid": "f809feb9-f81d-4376-ad4c-d2c648c4f56c",
        "typeName": "m4i_data_attribute"
      },
      {
        "guid": "578fcafa-16fb-4c46-a0eb-107b9f0eaf1e",
        "typeName": "m4i_data_attribute"
      },
      {
        "guid": "a7645f4f-3487-45cc-80cd-5345212f74ed",
        "typeName": "m4i_data_quality"
      },
      {
        "guid": "b6c15fd0-934d-46c1-a20e-0f3fb2bb9c99",
        "typeName": "m4i_data_quality"
      },
      {
        "guid": "0ecddab9-c11d-41e8-a173-4c41db372035",
        "typeName": "m4i_data_quality"
      },
      {
        "guid": "d17fe015-7a46-453c-b7b2-ea3119d2b37c",
        "typeName": "m4i_data_attribute"
      },
      {
        "guid": "fe67b8cc-a062-4d3b-a4ef-29aa7f82b4dc",
        "typeName": "m4i_data_attribute"
      },
      {
        "guid": "e673c6ae-836e-4a67-87c4-a2f9345d1be4",
        "typeName": "m4i_data_quality"
      },
      {
        "guid": "55675c25-d300-4d79-ab69-c0b2591b4cd0",
        "typeName": "m4i_data_entity"
      },
      {
        "guid": "6f3a7542-9f15-4753-bb19-65d29fcdc330",
        "typeName": "m4i_data_domain"
      },
      {
        "guid": "81890ca5-42f0-44db-b03e-b130cfe16192",
        "typeName": "m4i_data_attribute"
      },
      {
        "guid": "467de671-6003-4191-a49d-3a5b311018b6",
        "typeName": "m4i_data_attribute"
      },
      {
        "guid": "22222e23-ba9b-46cc-87f9-3b28c238dff8",
        "typeName": "m4i_data_attribute"
      },
      {
        "guid": "473b5e90-621d-4e02-9b59-b0d865fd7129",
        "typeName": "m4i_data_attribute"
      },
      {
        "guid": "dc022091-fdbc-444e-9966-a3b296525c84",
        "typeName": "m4i_data_attribute"
      },
      {
        "guid": "d56db187-2627-41a6-8698-f74d4b76227e",
        "typeName": "m4i_data_domain"
      },
      {
        "guid": "a4e20c5a-fd37-4fe4-9189-6c4e06f1f34d",
        "typeName": "m4i_data_entity"
      },
      {
        "guid": "8c301ae1-74d9-4cf7-b8a7-81b0142bb660",
        "typeName": "m4i_data_attribute"
      },
      {
        "guid": "104f980f-7a5d-4a32-8355-71bf7314a03e",
        "typeName": "m4i_data_quality"
      },
      {
        "guid": "653c17da-e3b1-48ce-a698-52d76986a6ea",
        "typeName": "m4i_data_attribute"
      },
      {
        "guid": "680b4339-7c07-48ba-b6e6-a7558ef0381a",
        "typeName": "m4i_data_attribute"
      },
      {
        "guid": "99ac3730-d700-4007-98c2-8a06077e59db",
        "typeName": "m4i_data_attribute"
      },
      {
        "guid": "fe73ec7c-1652-4d56-b212-16fee966a597",
        "typeName": "m4i_data_quality"
      },
      {
        "guid": "c2bf9798-8efc-46ee-9b43-05f5cb74c85e",
        "typeName": "m4i_data_quality"
      },
      {
        "guid": "a88127e7-07dc-4d96-8a07-f245c8896740",
        "typeName": "m4i_field"
      },
      {
        "guid": "630f2093-27fd-4454-af91-fc2be86f93e8",
        "typeName": "m4i_data_attribute"
      },
      {
        "guid": "256c4e35-2705-4494-bcba-cfef75694a86",
        "typeName": "m4i_field"
      },
      {
        "guid": "271921dc-4af1-49b8-8c25-a8d1fa5fbb44",
        "typeName": "m4i_field"
      },
      {
        "guid": "b179f9b5-9d29-4302-918d-0aed6d6b7d0a",
        "typeName": "m4i_field"
      },
      {
        "guid": "cc4e0ba3-68f6-4e32-bcd9-5d7939a019eb",
        "typeName": "m4i_field"
      },
      {
        "guid": "b0de95f9-7e12-4505-a4ce-a165943936ce",
        "typeName": "m4i_field"
      },
      {
        "guid": "ff4fb3a7-574f-4d34-a86d-448469caa515",
        "typeName": "m4i_field"
      },
      {
        "guid": "85473bfd-c6bb-48b6-996e-33ba7576b810",
        "typeName": "m4i_field"
      },
      {
        "guid": "654850d7-6a5d-4b18-a238-2baf8d31d5a4",
        "typeName": "m4i_field"
      },
      {
        "guid": "11bc66db-5593-4214-a9e9-74fb7aaf7f8d",
        "typeName": "m4i_field"
      },
      {
        "guid": "c3016c16-8870-4ac5-b549-fcd817831c3b",
        "typeName": "m4i_field"
      },
      {
        "guid": "255ccd2b-5cac-4d89-a63d-9a9323a59e1e",
        "typeName": "m4i_field"
      },
      {
        "guid": "c662301f-a509-47bf-9a4b-279f6b0bb7ec",
        "typeName": "m4i_field"
      },
      {
        "guid": "38350bae-4d14-4988-8259-798e07372cb3",
        "typeName": "m4i_field"
      },
      {
        "guid": "cd30cdc3-1923-45cd-aec0-abe5d0b73ee9",
        "typeName": "m4i_field"
      },
      {
        "guid": "debb2c66-0b4e-4e86-843c-5a340ef4d897",
        "typeName": "m4i_field"
      },
      {
        "guid": "95d8b812-3826-4908-baf1-be8e69aa0662",
        "typeName": "m4i_field"
      },
      {
        "guid": "30b4f02e-b033-4c8c-a4ab-f591115b8cd7",
        "typeName": "m4i_field"
      },
      {
        "guid": "3a9efda8-6721-4aaa-a71d-cf00349895fd",
        "typeName": "m4i_dataset"
      },
      {
        "guid": "8803c8a0-3270-446a-8f79-2498c71e2ecf",
        "typeName": "m4i_field"
      },
      {
        "guid": "7172e157-83d3-4f51-9be0-71c968d0a3fc",
        "typeName": "m4i_field"
      },
      {
        "guid": "bbfb2f23-3da2-4370-adc3-316becfaeee2",
        "typeName": "m4i_field"
      },
      {
        "guid": "ff27104d-6330-4549-9e6b-cca92e19bcd7",
        "typeName": "m4i_field"
      },
      {
        "guid": "527e7e4a-e52e-43f9-a68b-716900616a89",
        "typeName": "m4i_field"
      },
      {
        "guid": "ce1c7050-703d-407f-af97-9bbc8e9eed37",
        "typeName": "m4i_field"
      },
      {
        "guid": "4ff70f55-7359-411f-bc4e-1791251a8b75",
        "typeName": "m4i_field"
      },
      {
        "guid": "13878345-4b45-4a95-9711-62f41cf629d6",
        "typeName": "m4i_field"
      },
      {
        "guid": "1e546cb1-6262-40aa-8bf5-60f275f46329",
        "typeName": "m4i_field"
      },
      {
        "guid": "d23a7a85-7666-4726-b1c1-ab85df2f1312",
        "typeName": "m4i_dataset"
      },
      {
        "guid": "6e51e343-ea73-47df-81d5-14456cb3db5b",
        "typeName": "m4i_field"
      },
      {
        "guid": "5d1dea4c-f5ff-44e7-8905-ad90ac7c2ac4",
        "typeName": "m4i_field"
      },
      {
        "guid": "8e146f38-013e-4935-84aa-8d59a5539d3d",
        "typeName": "m4i_dataset"
      },
      {
        "guid": "7e86bbb8-b959-46e2-a54e-2f964eb54e57",
        "typeName": "m4i_generic_process"
      },
      {
        "guid": "e4b4de23-c405-453b-8d42-8bee683b174f",
        "typeName": "m4i_generic_process"
      },
      {
        "guid": "3b1cbc11-3bd1-4ec6-82a7-f1215901b6cf",
        "typeName": "m4i_field"
      },
      {
        "guid": "259d78d7-341c-4c8a-9e81-780768119458",
        "typeName": "m4i_field"
      },
      {
        "guid": "0f44af6d-ced0-4c45-b959-983f5c8d7327",
        "typeName": "m4i_system"
      },
      {
        "guid": "dbafb985-4f0e-4f39-9744-1aa17130ac69",
        "typeName": "m4i_field"
      },
      {
        "guid": "1db6be14-690e-4a7d-9d16-ac79ae83edbb",
        "typeName": "m4i_system"
      },
      {
        "guid": "0b1e930a-eaf3-458e-8915-26f855d8bc7d",
        "typeName": "m4i_field"
      },
      {
        "guid": "02bfbbc4-ee3e-40cd-9d17-e88176c883c5",
        "typeName": "m4i_field"
      },
      {
        "guid": "cdcd293d-2236-47a9-b3b4-9c0d130c7f30",
        "typeName": "m4i_dataset"
      },
      {
        "guid": "2337c1fc-e3d7-4e04-a5f5-181df03e113d",
        "typeName": "m4i_dataset"
      },
      {
        "guid": "748d58a6-9d7f-4d2d-82e7-0559dd4fdd16",
        "typeName": "m4i_collection"
      },
      {
        "guid": "11033796-f85f-409a-8f31-b67ed0996704",
        "typeName": "m4i_collection"
      },
      {
        "guid": "cab5b8e6-e58a-45fe-bd7c-a202c77c0559",
        "typeName": "m4i_field"
      },
      {
        "guid": "8ec36db8-5f3e-4e46-b361-5c5a3e504cc0",
        "typeName": "m4i_field"
      },
      {
        "guid": "9e13ba4f-6170-4ca6-8af9-46b42a62b628",
        "typeName": "m4i_system"
      },
      {
        "guid": "6ec29417-5ab1-42b7-9ed3-4f10710a8905",
        "typeName": "m4i_system"
      },
      {
        "guid": "1c04ab3e-f885-4264-a32f-32321df38ecf",
        "typeName": "m4i_dataset"
      },
      {
        "guid": "e4cb40df-f287-4ce0-9819-303995c50949",
        "typeName": "m4i_dataset"
      },
      {
        "guid": "d830db18-40ab-4d4e-ac1d-d2ff085915cf",
        "typeName": "m4i_dataset"
      },
      {
        "guid": "fc58c8b8-f058-4b29-b0ac-bf2ecfa48da3",
        "typeName": "m4i_dataset"
      },
      {
        "guid": "a3d5ab59-783e-4bdb-868d-bfff41181745",
        "typeName": "m4i_dataset"
      },
      {
        "guid": "54ee1c45-14b4-4897-bc38-ea213e0f258a",
        "typeName": "m4i_generic_process"
      },
      {
        "guid": "2cde0b17-bdd0-46b3-abf1-87b98ca2042c",
        "typeName": "m4i_generic_process"
      },
      {
        "guid": "03be0399-5e0c-46d8-aecd-f9ccfeeef05b",
        "typeName": "m4i_generic_process"
      },
      {
        "guid": "6545daf7-6f7a-4cbe-8be5-3c25582204e3",
        "typeName": "m4i_generic_process"
      },
      {
        "guid": "fe21adc4-fae4-44e9-a14c-ae3a43a1b648",
        "typeName": "m4i_generic_process"
      },
      {
        "guid": "f1245447-177d-4cb4-848d-45931ee2443b",
        "typeName": "m4i_generic_process"
      },
      {
        "guid": "6a99a666-b155-466b-b9d9-0708248420f8",
        "typeName": "m4i_generic_process"
      },
      {
        "guid": "02df324c-ff2d-457a-b614-afc622a82646",
        "typeName": "m4i_gov_data_quality"
      },
      {
        "guid": "e8b6e3d6-188e-4e87-a3f0-d80bb668b93b",
        "typeName": "m4i_gov_data_quality"
      },
      {
        "guid": "0d3807d0-d6cc-4093-b990-6a0928504a94",
        "typeName": "m4i_gov_data_quality"
      },
      {
        "guid": "20350bed-97bd-4536-ad2f-e13177dff6ea",
        "typeName": "AtlasServer"
      },
      {
        "guid": "2351f3f3-f117-4fe7-9637-bc3e5860c0a5",
        "typeName": "m4i_generic_process"
      },
      {
        "guid": "0238306b-fb09-4f7f-adcd-de586ad12a94",
        "typeName": "m4i_generic_process"
      },
      {
        "guid": "5fdf05a7-e535-4f57-8ef4-ff97ac6699e6",
        "typeName": "m4i_generic_process"
      },
      {
        "guid": "8d8894f4-3f44-4f67-b68c-e3c527951b43",
        "typeName": "m4i_generic_process"
      },
      {
        "guid": "4d052701-40d0-44bf-9815-4f5915131470",
        "typeName": "m4i_gov_data_quality"
      },
      {
        "guid": "c4d10911-7661-4058-a2df-a25fbed0e093",
        "typeName": "m4i_gov_data_quality"
      },
      {
        "guid": "1bd2af42-d926-43e4-ace1-18f440426c2a",
        "typeName": "m4i_gov_data_quality"
      },
      {
        "guid": "6fa7b949-c228-45df-8096-32c2b68957a4",
        "typeName": "m4i_gov_data_quality"
      },
      {
        "guid": "d822f450-6a40-44b8-8055-af6f89411550",
        "typeName": "m4i_gov_data_quality"
      },
      {
        "guid": "3fdce577-b205-4ddd-b4c0-b5aa5ba013d2",
        "typeName": "m4i_gov_data_quality"
      },
      {
        "guid": "5917b537-19eb-4393-8748-51a7c9786865",
        "typeName": "m4i_gov_data_quality"
      },
      {
        "guid": "261ffe99-fdbb-456f-8e6c-6fad87c448df",
        "typeName": "m4i_gov_data_quality"
      },
      {
        "guid": "1afbce14-aebe-4c3f-beba-562ee4aa86b1",
        "typeName": "m4i_gov_data_quality"
      },
      {
        "guid": "7e8cdb5d-ce8b-462e-b56b-4da6aa829645",
        "typeName": "m4i_generic_process"
      },
      {
        "guid": "ee734a9b-b039-4dcf-812e-59e2d1fc7236",
        "typeName": "m4i_gov_data_quality"
      },
      {
        "guid": "3424ec31-caae-4617-a273-fcad437501fa",
        "typeName": "m4i_gov_data_quality"
      },
      {
        "guid": "d432be28-a1cb-4a11-b8a3-0c9ccf6dfc00",
        "typeName": "m4i_gov_data_quality"
      },
      {
        "guid": "6b5d0834-9aa6-4063-a53b-e9e15199d5d9",
        "typeName": "m4i_gov_data_quality"
      },
      {
        "guid": "5b30492c-2fca-4db2-abbd-4c9782932c19",
        "typeName": "m4i_gov_data_quality"
      },
      {
        "guid": "2be05bb5-39cc-40b3-9d1f-57b0cb65e868",
        "typeName": "m4i_gov_data_quality"
      },
      {
        "guid": "67016681-52da-4402-8bfc-1f01ccc29196",
        "typeName": "m4i_gov_data_quality"
      },
      {
        "guid": "7e836518-e9b5-4e1e-a0e2-296c29d953ea",
        "typeName": "m4i_gov_data_quality"
      },
      {
        "guid": "f4cdcda9-46c6-4271-9662-5e0d7a6f62a7",
        "typeName": "m4i_gov_data_quality"
      },
      {
        "guid": "6d6d4a9e-b3c5-4715-9f18-eb31064a5505",
        "typeName": "m4i_gov_data_quality"
      },
      {
        "guid": "9d3475fb-b128-4cba-bca5-a0cf62125911",
        "typeName": "m4i_gov_data_quality"
      },
      {
        "guid": "1813af64-4275-444d-9fb2-c061ced71730",
        "typeName": "m4i_gov_data_quality"
      },
      {
        "guid": "7a02ff98-5c4e-4ca9-9459-2d2c4a0c70ea",
        "typeName": "m4i_gov_data_quality"
      },
      {
        "guid": "c7038bd5-af65-4aac-8cd8-59b90fe68323",
        "typeName": "m4i_gov_data_quality"
      },
      {
        "guid": "498281b7-c230-481e-922e-c12aa6695c26",
        "typeName": "m4i_gov_data_quality"
      },
      {
        "guid": "5c8021fa-d439-4884-a5e5-fd2e28c7d567",
        "typeName": "m4i_gov_data_quality"
      },
      {
        "guid": "69c6a273-9255-4454-ba81-e58cf1a1d055",
        "typeName": "m4i_gov_data_quality"
      },
      {
        "guid": "df633eb3-95fd-47e9-8182-a782f09a9d2a",
        "typeName": "m4i_gov_data_quality"
      },
      {
        "guid": "b3ac853a-5adf-4bc9-b55d-259f74eb4866",
        "typeName": "m4i_gov_data_quality"
      },
      {
        "guid": "638ae443-6b77-4a80-a65f-c3c8cecffe90",
        "typeName": "m4i_gov_data_quality"
      },
      {
        "guid": "fd6faf5a-dd78-4e67-9191-9f21db39ec38",
        "typeName": "m4i_gov_data_quality"
      },
      {
        "guid": "d2a3796d-39f1-4066-b333-d2a99e0540d3",
        "typeName": "m4i_gov_data_quality"
      },
      {
        "guid": "8c28f722-5353-4437-89bb-aebf84821ba9",
        "typeName": "m4i_gov_data_quality"
      },
      {
        "guid": "59aa161c-d9e9-4dbd-8a82-f924bc20e906",
        "typeName": "m4i_gov_data_quality"
      },
      {
        "guid": "e5d37d4f-b93f-4a9e-afa6-f7a1fef9656c",
        "typeName": "m4i_gov_data_quality"
      },
      {
        "guid": "87f57c39-d028-4a6a-ac04-f60a102f20f6",
        "typeName": "m4i_gov_data_quality"
      },
      {
        "guid": "198cbc37-3ec8-4eb0-a1a3-372240e37e29",
        "typeName": "m4i_gov_data_quality"
      },
      {
        "guid": "58f5a19d-e43c-4f20-bfeb-e71b9a7bb6d1",
        "typeName": "m4i_gov_data_quality"
      },
      {
        "guid": "32d381e0-a0b1-46ad-a82b-6c16369c652e",
        "typeName": "m4i_gov_data_quality"
      },
      {
        "guid": "96352f03-4b40-4b20-8690-9b2cb7d41108",
        "typeName": "m4i_gov_data_quality"
      },
      {
        "guid": "18ac4a3b-3aec-4e62-8ff7-47f96c74e90d",
        "typeName": "m4i_gov_data_quality"
      },
      {
        "guid": "bd504b73-a577-482d-93f9-373795ae6f55",
        "typeName": "m4i_gov_data_quality"
      },
      {
        "guid": "7ade7cbb-474f-40c0-b248-27054bafe90f",
        "typeName": "m4i_gov_data_quality"
      },
      {
        "guid": "ed526686-f4eb-4552-b871-c606eb7711b2",
        "typeName": "m4i_gov_data_quality"
      },
      {
        "guid": "a623d462-c004-4f4f-aff8-b4f7ce01a38e",
        "typeName": "m4i_gov_data_quality"
      },
      {
        "guid": "f5569602-45a5-4c4b-95b5-bce16f368c4b",
        "typeName": "m4i_gov_data_quality"
      },
      {
        "guid": "2aff6737-7772-4427-b73a-7779ea768c7f",
        "typeName": "m4i_gov_data_quality"
      },
      {
        "guid": "21f1cac0-6c68-41fc-ba12-33c7a2290bd7",
        "typeName": "m4i_gov_data_quality"
      },
      {
        "guid": "f04a73b3-4fa7-4f83-869d-f3f55c93462f",
        "typeName": "m4i_gov_data_quality"
      },
      {
        "guid": "5a96a80f-acde-4856-8466-9ac5386d7af1",
        "typeName": "m4i_gov_data_quality"
      },
      {
        "guid": "c211f4bd-9aaf-4979-a68a-64493a06fc54",
        "typeName": "m4i_gov_data_quality"
      },
      {
        "guid": "6ab43275-28e7-4ba8-a0ff-84eb960c732b",
        "typeName": "m4i_gov_data_quality"
      },
      {
        "guid": "9f013cff-c2ea-4056-9a49-8f0cadd2c614",
        "typeName": "m4i_gov_data_quality"
      },
      {
        "guid": "3b3845c0-e45f-4095-9b4b-4ac8ac24c09e",
        "typeName": "m4i_gov_data_quality"
      },
      {
        "guid": "fb2c608f-d7ff-4574-8c2d-a240c8c79e91",
        "typeName": "m4i_gov_data_quality"
      },
      {
        "guid": "4201e4d2-ac7d-4230-896a-b37b66c76bbc",
        "typeName": "m4i_gov_data_quality"
      },
      {
        "guid": "12422c14-069b-4f1b-959c-e38350fb6d26",
        "typeName": "m4i_gov_data_quality"
      },
      {
        "guid": "3cb9ab0b-050c-40db-9f12-f136045a77a0",
        "typeName": "m4i_gov_data_quality"
      },
      {
        "guid": "0d352c7c-7216-4a9c-ad85-a2b3a8ee6daa",
        "typeName": "m4i_gov_data_quality"
      },
      {
        "guid": "feddad8b-f3db-444c-b119-3b56af4c37c1",
        "typeName": "m4i_gov_data_quality"
      },
      {
        "guid": "ff5b8927-b38b-4516-9c20-b2d68a28b14f",
        "typeName": "m4i_gov_data_quality"
      },
      {
        "guid": "058e58f5-4983-4bdf-bc3c-989d14ecef53",
        "typeName": "m4i_gov_data_quality"
      },
      {
        "guid": "36bce08d-4e62-4beb-b866-a64c72ca5ee0",
        "typeName": "m4i_gov_data_quality"
      },
      {
        "guid": "1b7e2141-638d-4270-906e-a33d0ebb529a",
        "typeName": "m4i_gov_data_quality"
      },
      {
        "guid": "9867d72e-3343-4e92-905f-5ee893490162",
        "typeName": "m4i_gov_data_quality"
      },
      {
        "guid": "2a5e695b-26eb-4eb6-bee2-d05f717fe89a",
        "typeName": "m4i_gov_data_quality"
      },
      {
        "guid": "17156278-a38f-4da8-bd56-bcb4be9e3a15",
        "typeName": "m4i_gov_data_quality"
      },
      {
        "guid": "ed64afaf-0004-4b09-b215-29765a5c4b08",
        "typeName": "m4i_gov_data_quality"
      },
      {
        "guid": "635d6e95-d189-4486-968e-1b03f9183144",
        "typeName": "m4i_gov_data_quality"
      },
      {
        "guid": "552b3955-bb33-4a9e-aee0-8dcc4b771667",
        "typeName": "m4i_gov_data_quality"
      },
      {
        "guid": "4d4e95c8-7746-47e9-9c28-3d22d8d0c1bf",
        "typeName": "m4i_gov_data_quality"
      },
      {
        "guid": "7b6e0d31-c40b-4f8e-bbde-e9a7266b2093",
        "typeName": "m4i_gov_data_quality"
      },
      {
        "guid": "21d85da9-1e9a-44ea-8ba2-5db71948a8f8",
        "typeName": "m4i_gov_data_quality"
      },
      {
        "guid": "ea4cb0a1-b98c-4eee-8bf8-410b024ff0d9",
        "typeName": "m4i_gov_data_quality"
      },
      {
        "guid": "b9d7dae1-fca4-4cbc-8e27-b3e6e7ecc396",
        "typeName": "m4i_gov_data_quality"
      },
      {
        "guid": "1f6eef61-6527-41a9-bc1d-69ec24328a53",
        "typeName": "m4i_gov_data_quality"
      },
      {
        "guid": "a197d2cb-7db8-4272-9893-b37e3856819f",
        "typeName": "m4i_gov_data_quality"
      },
      {
        "guid": "90f4bc96-f6fa-4b99-b4b3-e1a4e678db5a",
        "typeName": "m4i_gov_data_quality"
      },
      {
        "guid": "36a98dcb-9893-409c-b538-2b5e982f9439",
        "typeName": "m4i_gov_data_quality"
      },
      {
        "guid": "1399b945-12cd-4516-896a-9509fbd70a0c",
        "typeName": "m4i_gov_data_quality"
      },
      {
        "guid": "9ffd44bf-97a8-456c-8eb9-d7dbe9b9810e",
        "typeName": "m4i_gov_data_quality"
      },
      {
        "guid": "6697d0bb-3a96-429d-a068-d1b2eb43fcee",
        "typeName": "m4i_gov_data_quality"
      },
      {
        "guid": "149e3995-b5e4-48af-a52a-8b3a04c0bb0a",
        "typeName": "m4i_gov_data_quality"
      },
      {
        "guid": "9b7d63dc-0246-4bff-9019-c2407b4f4bb5",
        "typeName": "m4i_gov_data_quality"
      },
      {
        "guid": "1ad6de8f-848d-4b17-9c11-730f80d95295",
        "typeName": "m4i_gov_data_quality"
      },
      {
        "guid": "7dced880-0fea-4f39-8dc4-fd7dcdf844e3",
        "typeName": "m4i_gov_data_quality"
      },
      {
        "guid": "f6ae2088-3557-4014-a9d7-9ef9a29ad8a8",
        "typeName": "m4i_gov_data_quality"
      },
      {
        "guid": "c7e40cce-507c-4d30-86cb-7fa97b5ec3f5",
        "typeName": "m4i_gov_data_quality"
      },
      {
        "guid": "7c875ccb-b38e-4669-96ea-2b5391245461",
        "typeName": "m4i_gov_data_quality"
      },
      {
        "guid": "a5965332-bb1d-4c34-90ba-0cc45948b0a4",
        "typeName": "m4i_gov_data_quality"
      },
      {
        "guid": "cfd24715-125d-46e2-854d-b0c1b16340bf",
        "typeName": "m4i_gov_data_quality"
      },
      {
        "guid": "7d200b39-4e76-4a84-b245-e084c72b9137",
        "typeName": "m4i_gov_data_quality"
      },
      {
        "guid": "89154ea6-41e3-40a1-9bde-ae7b0ebdb104",
        "typeName": "m4i_gov_data_quality"
      },
      {
        "guid": "96be8ddb-417e-435e-9a63-84c521c6698e",
        "typeName": "m4i_gov_data_quality"
      },
      {
        "guid": "ab1b01a7-34aa-4349-8dba-589a75aa562d",
        "typeName": "m4i_gov_data_quality"
      },
      {
        "guid": "998381f7-d71f-4a97-b281-3027b8aa5ed3",
        "typeName": "m4i_gov_data_quality"
      },
      {
        "guid": "7bf6b045-704c-46ff-aed2-91885ff890f7",
        "typeName": "m4i_gov_data_quality"
      },
      {
        "guid": "a02b46e3-3a95-4144-8978-e0a6e372b4fb",
        "typeName": "m4i_gov_data_quality"
      },
      {
        "guid": "7a76787a-8578-4b9d-b696-718f844e2623",
        "typeName": "m4i_gov_data_quality"
      },
      {
        "guid": "d1b03810-ca83-44bd-a887-ac639dda69b3",
        "typeName": "m4i_gov_data_quality"
      },
      {
        "guid": "7274e26b-af30-497b-8839-96b01b01ba83",
        "typeName": "m4i_gov_data_quality"
      },
      {
        "guid": "42a7ba54-eb98-4b8c-b3c4-476888d374de",
        "typeName": "m4i_gov_data_quality"
      },
      {
        "guid": "3b3221ae-eeee-4bdd-878e-8d61c2da7aa5",
        "typeName": "m4i_gov_data_quality"
      },
      {
        "guid": "a74870f5-4ed4-4622-838c-157b8671bd71",
        "typeName": "m4i_gov_data_quality"
      },
      {
        "guid": "ea0ca02b-c8c6-40f0-9828-f2c90ae71c2b",
        "typeName": "m4i_gov_data_quality"
      },
      {
        "guid": "2e844586-30c2-434f-b872-a7e468fc3206",
        "typeName": "m4i_gov_data_quality"
      },
      {
        "guid": "8cb4bad7-4516-479b-bfeb-a85e41f6d339",
        "typeName": "m4i_gov_data_quality"
      },
      {
        "guid": "d816b034-0105-4843-ae83-c3c80c0109c3",
        "typeName": "m4i_gov_data_quality"
      },
      {
        "guid": "1ccb2110-d037-48d2-8e1c-087cb20c7470",
        "typeName": "m4i_gov_data_quality"
      },
      {
        "guid": "936435d5-d306-406c-81a7-6bdd06f8ed6e",
        "typeName": "m4i_gov_data_quality"
      },
      {
        "guid": "f85bac99-3255-45d8-a787-bb51c456eb9d",
        "typeName": "m4i_gov_data_quality"
      },
      {
        "guid": "1a18412d-ef7a-4591-82ce-527d79107f31",
        "typeName": "m4i_gov_data_quality"
      },
      {
        "guid": "8bba0a52-2f45-4299-a379-fcce6ae58f98",
        "typeName": "m4i_gov_data_quality"
      },
      {
        "guid": "c141319d-a0a5-428b-80ed-e76c7f480e39",
        "typeName": "m4i_gov_data_quality"
      },
      {
        "guid": "30ba6684-eced-4715-8352-1663040dab2d",
        "typeName": "m4i_gov_data_quality"
      },
      {
        "guid": "e7c13ff2-f389-462f-aa53-f6652a687f42",
        "typeName": "m4i_gov_data_quality"
      },
      {
        "guid": "cad0a3bf-9f7f-464f-aeb5-9ce97eb993b3",
        "typeName": "m4i_gov_data_quality"
      },
      {
        "guid": "09e41d1f-0b00-4092-8ad3-389fab3ec848",
        "typeName": "m4i_gov_data_quality"
      },
      {
        "guid": "86d3889f-846d-4bbe-917f-83ded5ac61db",
        "typeName": "m4i_gov_data_quality"
      },
      {
        "guid": "d1952aa1-5d80-4d58-b520-cf2b8915aa8b",
        "typeName": "m4i_gov_data_quality"
      },
      {
        "guid": "b7e35a21-90ef-43db-949b-8fedba5c1fec",
        "typeName": "m4i_gov_data_quality"
      },
      {
        "guid": "16ed0a09-3a94-449e-8185-e16d720ef8da",
        "typeName": "m4i_field"
      },
      {
        "guid": "dffed8c6-26c5-451a-a0b3-607918db1a41",
        "typeName": "m4i_data_quality"
      },
      {
        "guid": "02964595-e338-4918-9998-87c8b9bc55d5",
        "typeName": "m4i_data_quality"
      },
      {
        "guid": "a2e70019-7612-456d-9539-951d9d596f08",
        "typeName": "m4i_data_quality"
      },
      {
        "guid": "a2ff476f-4e6b-4a14-97b6-02f478385210",
        "typeName": "m4i_field"
      },
      {
        "guid": "3ab1fef3-8321-431c-ae2d-4de0644fc692",
        "typeName": "m4i_field"
      },
      {
        "guid": "5f2d6ffb-8c0b-4542-a41e-33cb0d9d4aac",
        "typeName": "m4i_data_quality"
      },
      {
        "guid": "a41f6678-09b4-4eb5-a42c-a6c291e5da5d",
        "typeName": "m4i_field"
      },
      {
        "guid": "b4250d77-0610-425b-807d-80beb7517a78",
        "typeName": "m4i_data_quality"
      },
      {
        "guid": "6744c643-ee5c-401d-89e6-835c614f1f40",
        "typeName": "m4i_field"
      },
      {
        "guid": "4fb8e1e8-96f3-4edd-a951-e98310526654",
        "typeName": "m4i_field"
      },
      {
        "guid": "f50ac1b5-eb03-4f29-9e73-a5f44d0f4568",
        "typeName": "m4i_field"
      },
      {
        "guid": "76c08811-3d6f-4c96-8716-d1c2eea338ca",
        "typeName": "m4i_source"
      },
      {
        "guid": "e1a616b0-6ce7-4cbd-9339-08c40805f717",
        "typeName": "m4i_data_quality"
      },
      {
        "guid": "71979146-c465-4293-a0e8-10825a7d4fb6",
        "typeName": "m4i_data_quality"
      },
      {
        "guid": "afcf2bbb-a213-4716-9cf4-88c4b306c65b",
        "typeName": "m4i_field"
      },
      {
        "guid": "7b60625f-8f3c-430b-abca-57cc71537615",
        "typeName": "m4i_field"
      },
      {
        "guid": "21f89d8f-4e10-4419-b135-6a84d55ed63f",
        "typeName": "m4i_field"
      },
      {
        "guid": "fc962da8-121a-40fe-a0b2-1377cbae26ad",
        "typeName": "m4i_field"
      },
      {
        "guid": "706be878-7073-4721-943b-39edc56aadbe",
        "typeName": "m4i_data_quality"
      },
      {
        "guid": "273ccea2-345d-4944-b06a-a1f4ca79c02e",
        "typeName": "m4i_data_quality"
      },
      {
        "guid": "2000006a-c294-4fa1-9f0e-0c4531640ba9",
        "typeName": "m4i_data_quality"
      },
      {
        "guid": "0f02d787-8251-471e-aa51-ecac16be59ad",
        "typeName": "m4i_data_quality"
      },
      {
        "guid": "f059fb93-704d-4371-bd4d-b542830a4c14",
        "typeName": "m4i_data_quality"
      },
      {
        "guid": "104e9fef-72b9-40d1-8f81-2be2820ed123",
        "typeName": "m4i_field"
      },
      {
        "guid": "8c9035d1-4782-41a1-9f35-74b5b6cb1338",
        "typeName": "m4i_data_quality"
      },
      {
        "guid": "0e0b34ad-a064-44e1-9849-cac58afdb4ac",
        "typeName": "m4i_data_quality"
      },
      {
        "guid": "61484c0e-89db-49ff-a67a-2e3bb2e9219c",
        "typeName": "m4i_data_quality"
      },
      {
        "guid": "e022970c-c30b-45f1-8883-0f03b4f1eef1",
        "typeName": "m4i_field"
      },
      {
        "guid": "5dc477c0-682d-4d1f-ba8e-582f15a19093",
        "typeName": "m4i_data_quality"
      }
    ],
    "options": {
      "fetchType": "full",
      "matchType": "contains"
    },
    "matchTypeOptionValue": "contains",
    "changeTokenFromOptions": 0,
    "fetchTypeOptionValue": "full",
    "skipLineageOptionValue": false
  },
  "userName": "admin",
  "clientIpAddress": "172.17.0.1",
  "hostName": "172.17.0.2",
  "timeStamp": 1666701831170,
  "metrics": {
    "entity:m4i_dataset": 16,
    "entity:m4i_gov_data_quality": 123,
    "entity:m4i_field": 211,
    "entity:m4i_system": 7,
    "entity:m4i_source": 2,
    "entity:m4i_generic_process": 14,
    "duration": 6525,
    "entity:m4i_collection": 7,
    "entity:AtlasServer": 1,
    "entity:m4i_data_quality": 50,
    "entity:m4i_person": 16,
    "entity:withExtInfo": 599,
    "entity:m4i_data_domain": 6,
    "entity:m4i_data_attribute": 136,
    "entity:m4i_data_entity": 10,
  },
  "operationStatus": "SUCCESS",
  "sourceClusterName": "default",
  "changeMarker": 1666699733193
}