{"referredEntities":{},"entity":{"typeName":"m4i_gov_data_quality","attributes":{"owner":null,"archimateReference":[],"expression":"conditional_value('target_relationship_type', 'target_typename', {'m4i_data_attribute_business_owner_assignment':'m4i_person'})","replicatedTo":null,"userDescription":null,"replicatedFrom":null,"qualifiedName":"m4i_data_attribute--businessOwner--target","displayName":null,"description":null,"active":true,"source":[],"ruleDescription":"businessOwner target relation type is m4i_person","nonCompliantMessage":"This entity is missing a target relationship with type m4i_person","ruleType":"relationship","name":"m4i_data_attribute--businessOwner--target","compliantMessage":"This entity has a target relationship with type m4i_person","id":16,"qualityDimension":"completeness","expressionVersion":"1"},"guid":"b3ac853a-5adf-4bc9-b55d-259f74eb4866","isIncomplete":false,"provenanceType":0,"status":"ACTIVE","createdBy":"admin","updatedBy":"admin","createTime":1656522427794,"updateTime":1663931063480,"version":0,"relationshipAttributes":{"inputToProcesses":[],"pipeline":null,"schema":[],"ArchiMateReference":[],"model":null,"source":[],"meanings":[],"outputFromProcesses":[]},"labels":[],"proxy":false}}