{"referredEntities":{},"entity":{"typeName":"m4i_data_quality","attributes":{"owner":null,"archimateReference":[],"expression":"Completeness('equipmentstatus')","replicatedTo":null,"userDescription":null,"replicatedFrom":null,"qualifiedName":"nl3--nl3plant--nl3plant001--equipmentstatus--7","displayName":null,"description":null,"active":true,"source":[],"businessRuleDescription":"","ruleDescription":"This field must be filled at all times","name":"nl3--nl3plant--nl3plant001--equipmentstatus--7","filterRequired":true,"id":7,"qualityDimension":"Completeness","expressionVersion":"","fields":[{"guid":"e022970c-c30b-45f1-8883-0f03b4f1eef1","typeName":"m4i_field","uniqueAttributes":{"qualifiedName":"nl3--nl3plant--nl3plant001--equipmentstatus"}}]},"guid":"b4250d77-0610-425b-807d-80beb7517a78","isIncomplete":false,"status":"ACTIVE","createdBy":"admin","updatedBy":"admin","createTime":1666701543730,"updateTime":1666701543730,"version":0,"relationshipAttributes":{"inputToProcesses":[],"pipeline":null,"schema":[],"ArchiMateReference":[],"model":null,"source":[{"guid":"76c08811-3d6f-4c96-8716-d1c2eea338ca","typeName":"m4i_source","entityStatus":"ACTIVE","displayText":"Plant","relationshipType":"m4i_referenceable_source_assignment","relationshipGuid":"6cd19b6f-7b8f-4ed0-9439-ce9169552a2f","relationshipStatus":"ACTIVE","relationshipAttributes":{"typeName":"m4i_referenceable_source_assignment"}}],"fields":[{"guid":"e022970c-c30b-45f1-8883-0f03b4f1eef1","typeName":"m4i_field","entityStatus":"ACTIVE","displayText":"EquipmentStatus","relationshipType":"m4i_data_quality_field_assignment","relationshipGuid":"a127ca10-8271-45a2-af24-648b5b8f5b81","relationshipStatus":"ACTIVE","relationshipAttributes":{"typeName":"m4i_data_quality_field_assignment"}}],"meanings":[],"outputFromProcesses":[]},"labels":[]}}