{"referredEntities":{},"entity":{"typeName":"m4i_data_attribute","attributes":{"archimateReference":[],"replicatedTo":null,"replicatedFrom":null,"steward":[{"guid":"4f4948ae-2df0-437d-8c6a-e9cba5db8063","typeName":"m4i_person","uniqueAttributes":{"qualifiedName":"cornelis.kramer@email.com","email":"cornelis.kramer@email.com"}}],"qualifiedName":"personnel-and-organization--organization--organization","dataEntity":[{"guid":"0947802f-d016-4031-b90f-10d27b102439","typeName":"m4i_data_entity","uniqueAttributes":{"qualifiedName":"personnel-and-organization--organization"}}],"source":[],"isKeyData":"Yes","hasPII":null,"attributeType":"Text","name":"Organization","definition":"This attribute contains the information about the organization unit where a group of employees works together in an assigned functional area. ","riskClassification":"Low","fields":[{"guid":"c3016c16-8870-4ac5-b549-fcd817831c3b","typeName":"m4i_field","uniqueAttributes":{"qualifiedName":"cc1--kaf1--kaf1-hr--change-event--payload--payload--organisation"}},{"guid":"a1bd5ef8-9b3f-4d1a-848d-7eba1c9229d6","typeName":"m4i_field","uniqueAttributes":{"qualifiedName":"nl1--nl1hr--nl1hr001--organization"}},{"guid":"8803c8a0-3270-446a-8f79-2498c71e2ecf","typeName":"m4i_field","uniqueAttributes":{"qualifiedName":"elas1--hr--ORGANISATION"}}],"businessOwner":[{"guid":"45e581d9-452c-4d48-98e0-452b7a109efb","typeName":"m4i_person","uniqueAttributes":{"qualifiedName":"merel.hofman@email.com","email":"merel.hofman@email.com"}}]},"guid":"bb7eb559-447e-4acf-824b-b66b7473c769","isIncomplete":false,"provenanceType":0,"status":"ACTIVE","createdBy":"admin","updatedBy":"admin","createTime":1656521955001,"updateTime":1663931063480,"version":0,"relationshipAttributes":{"ArchiMateReference":[],"steward":[{"guid":"4f4948ae-2df0-437d-8c6a-e9cba5db8063","typeName":"m4i_person","entityStatus":"ACTIVE","displayText":"Cornelis Kramer","relationshipType":"m4i_data_attribute_steward_assignment","relationshipGuid":"19693395-a697-44a4-9187-1a6b80b4b826","relationshipStatus":"ACTIVE","relationshipAttributes":{"typeName":"m4i_data_attribute_steward_assignment"}}],"dataEntity":[{"guid":"0947802f-d016-4031-b90f-10d27b102439","typeName":"m4i_data_entity","entityStatus":"ACTIVE","displayText":"Organization","relationshipType":"m4i_data_entity_attribute_assignment","relationshipGuid":"a7f9d308-2f7e-4a37-95ee-df95a5df5a23","relationshipStatus":"ACTIVE","relationshipAttributes":{"typeName":"m4i_data_entity_attribute_assignment"}}],"source":[{"guid":"2bee6dca-fea0-478b-824e-d97365d18bbe","typeName":"m4i_source","entityStatus":"ACTIVE","displayText":"/hr/hr/Data Dictionary_template.xlsm","relationshipType":"m4i_referenceable_source_assignment","relationshipGuid":"38549623-f270-439c-83b4-1466591fa779","relationshipStatus":"ACTIVE","relationshipAttributes":{"typeName":"m4i_referenceable_source_assignment"}}],"fields":[{"guid":"c3016c16-8870-4ac5-b549-fcd817831c3b","typeName":"m4i_field","entityStatus":"ACTIVE","displayText":"ORGANISATION","relationshipType":"m4i_data_attribute_field_assignment","relationshipGuid":"2722f92a-6f50-42df-a223-ca301ddf9cb5","relationshipStatus":"ACTIVE","relationshipAttributes":{"typeName":"m4i_data_attribute_field_assignment"}},{"guid":"a1bd5ef8-9b3f-4d1a-848d-7eba1c9229d6","typeName":"m4i_field","entityStatus":"ACTIVE","displayText":"ORGANIZATION","relationshipType":"m4i_data_attribute_field_assignment","relationshipGuid":"f8c8f390-9975-4094-b8b5-4235a10eb10e","relationshipStatus":"ACTIVE","relationshipAttributes":{"typeName":"m4i_data_attribute_field_assignment"}},{"guid":"8803c8a0-3270-446a-8f79-2498c71e2ecf","typeName":"m4i_field","entityStatus":"ACTIVE","displayText":"ORGANISATION","relationshipType":"m4i_data_attribute_field_assignment","relationshipGuid":"ac23b4f8-a7b6-4b05-a08d-c3beb7e74651","relationshipStatus":"ACTIVE","relationshipAttributes":{"typeName":"m4i_data_attribute_field_assignment"}}],"businessOwner":[{"guid":"45e581d9-452c-4d48-98e0-452b7a109efb","typeName":"m4i_person","entityStatus":"ACTIVE","displayText":"Merel Hofman","relationshipType":"m4i_data_attribute_business_owner_assignment","relationshipGuid":"1791b2bc-8e3f-4254-928f-64cf99e30b7a","relationshipStatus":"ACTIVE","relationshipAttributes":{"typeName":"m4i_data_attribute_business_owner_assignment"}}],"meanings":[]},"classifications":[{"typeName":"key_data","entityGuid":"bb7eb559-447e-4acf-824b-b66b7473c769","entityStatus":"ACTIVE","propagate":true,"validityPeriods":[],"removePropagationsOnEntityDelete":true},{"typeName":"low_risk","entityGuid":"bb7eb559-447e-4acf-824b-b66b7473c769","entityStatus":"ACTIVE","propagate":true,"validityPeriods":[],"removePropagationsOnEntityDelete":true}],"labels":[],"proxy":false}}