{"referredEntities":{},"entity":{"typeName":"m4i_field","attributes":{"archimateReference":[],"replicatedTo":null,"replicatedFrom":null,"hasContent":null,"steward":[],"qualifiedName":"nl2--nl2proc--nl2proc001--cmt","source":[],"datasets":[{"guid":"04d4f33f-fd0d-46bc-8336-85f25f2916b2","typeName":"m4i_dataset","uniqueAttributes":{"qualifiedName":"nl2--nl2proc--nl2proc001"}}],"parentField":[],"optionalField":null,"name":"CMT","definition":null,"attributes":[{"guid":"6c13c3d0-2244-462e-a91c-fefeca1238f1","typeName":"m4i_data_attribute","uniqueAttributes":{"qualifiedName":"procurement--company-information--offered-categories"}}],"fieldType":"Text","childField":[]},"guid":"c21b935c-e83a-4697-8e22-203d2d438be3","isIncomplete":false,"provenanceType":0,"status":"ACTIVE","createdBy":"admin","updatedBy":"admin","createTime":1656522006363,"updateTime":1663927932384,"version":0,"relationshipAttributes":{"ArchiMateReference":[],"dataQuality":[],"attributes":[{"guid":"6c13c3d0-2244-462e-a91c-fefeca1238f1","typeName":"m4i_data_attribute","entityStatus":"ACTIVE","displayText":"Offered categories","relationshipType":"m4i_data_attribute_field_assignment","relationshipGuid":"643e0166-4806-4825-87c6-36fe719c6631","relationshipStatus":"ACTIVE","relationshipAttributes":{"typeName":"m4i_data_attribute_field_assignment"}}],"datasets":[{"guid":"04d4f33f-fd0d-46bc-8336-85f25f2916b2","typeName":"m4i_dataset","entityStatus":"ACTIVE","displayText":"NL2-PROC-001","relationshipType":"m4i_field_assignment","relationshipGuid":"dee5e8aa-ddc0-416d-ab15-8f385bdfcefc","relationshipStatus":"ACTIVE","relationshipAttributes":{"typeName":"m4i_field_assignment","attributes":{"typeInformation":null}}}],"source":[{"guid":"2bee6dca-fea0-478b-824e-d97365d18bbe","typeName":"m4i_source","entityStatus":"ACTIVE","displayText":"/hr/hr/Data Dictionary_template.xlsm","relationshipType":"m4i_referenceable_source_assignment","relationshipGuid":"4b3cc085-72f8-4ac5-988d-312d4792dced","relationshipStatus":"ACTIVE","relationshipAttributes":{"typeName":"m4i_referenceable_source_assignment"}}],"parentField":[],"meanings":[],"childField":[]},"classifications":[{"typeName":"key_data","entityGuid":"6c13c3d0-2244-462e-a91c-fefeca1238f1","entityStatus":"ACTIVE","propagate":true,"validityPeriods":[],"removePropagationsOnEntityDelete":true},{"typeName":"low_risk","entityGuid":"6c13c3d0-2244-462e-a91c-fefeca1238f1","entityStatus":"ACTIVE","propagate":true,"validityPeriods":[],"removePropagationsOnEntityDelete":true}],"labels":[],"proxy":false}}