{"referredEntities":{},"entity":{"typeName":"m4i_field","attributes":{"archimateReference":[],"replicatedTo":null,"replicatedFrom":null,"hasContent":null,"steward":[],"qualifiedName":"cc1--kaf1--kaf1-hr--change-event--payload--payload--organisation","source":[],"datasets":[],"parentField":[],"optionalField":null,"name":"ORGANISATION","definition":null,"attributes":[],"fieldType":"string","childField":[]},"guid":"c3016c16-8870-4ac5-b549-fcd817831c3b","isIncomplete":false,"provenanceType":0,"status":"ACTIVE","createdBy":"admin","updatedBy":"admin","createTime":1656522102741,"updateTime":1663931063480,"version":0,"relationshipAttributes":{"ArchiMateReference":[],"dataQuality":[],"attributes":[{"guid":"bb7eb559-447e-4acf-824b-b66b7473c769","typeName":"m4i_data_attribute","entityStatus":"ACTIVE","displayText":"Organization","relationshipType":"m4i_data_attribute_field_assignment","relationshipGuid":"2722f92a-6f50-42df-a223-ca301ddf9cb5","relationshipStatus":"ACTIVE","relationshipAttributes":{"typeName":"m4i_data_attribute_field_assignment"}}],"datasets":[],"source":[],"meanings":[],"parentField":[{"guid":"c662301f-a509-47bf-9a4b-279f6b0bb7ec","typeName":"m4i_field","entityStatus":"ACTIVE","displayText":"payload","relationshipType":"m4i_field_parent_assignment","relationshipGuid":"32b5f14f-626e-4fb4-ae23-be46103a28a5","relationshipStatus":"ACTIVE","relationshipAttributes":{"typeName":"m4i_field_parent_assignment"}}],"childField":[]},"classifications":[{"typeName":"key_data","entityGuid":"bb7eb559-447e-4acf-824b-b66b7473c769","entityStatus":"ACTIVE","propagate":true,"validityPeriods":[],"removePropagationsOnEntityDelete":true},{"typeName":"low_risk","entityGuid":"bb7eb559-447e-4acf-824b-b66b7473c769","entityStatus":"ACTIVE","propagate":true,"validityPeriods":[],"removePropagationsOnEntityDelete":true}],"labels":[],"proxy":false}}