{"referredEntities":{},"entity":{"typeName":"m4i_dataset","attributes":{"owner":null,"archimateReference":[],"replicatedTo":null,"userDescription":null,"replicatedFrom":null,"qualifiedName":"nl1--nl1hr--nl1hr001","displayName":null,"description":null,"source":[],"parentDataset":[],"childDataset":[],"collections":[{"guid":"51925044-95e1-4100-bc21-9dc7e27fe452","typeName":"m4i_collection","uniqueAttributes":{"qualifiedName":"nl1--nl1hr"}}],"name":"NL1-HR-001","definition":null,"fields":[{"guid":"fa03d0d2-f7b1-4758-95dd-cd14b5187d6f","typeName":"m4i_field","uniqueAttributes":{"qualifiedName":"nl1--nl1hr--nl1hr001--placement"}},{"guid":"f4c7440d-e98d-4beb-ba58-e211a6c0d367","typeName":"m4i_field","uniqueAttributes":{"qualifiedName":"nl1--nl1hr--nl1hr001--fte"}},{"guid":"0df94338-1afc-455c-b9d5-c3d0e36d1dac","typeName":"m4i_field","uniqueAttributes":{"qualifiedName":"nl1--nl1hr--nl1hr001--hier_organization"}},{"guid":"a88127e7-07dc-4d96-8a07-f245c8896740","typeName":"m4i_field","uniqueAttributes":{"qualifiedName":"nl1--nl1hr--nl1hr001--job_name"}},{"guid":"983f281a-0437-4dab-a889-57d0d5b0ac96","typeName":"m4i_field","uniqueAttributes":{"qualifiedName":"nl1--nl1hr--nl1hr001--people_group"}},{"guid":"1bfbe44b-f4a4-4120-88ad-2fa05c15188e","typeName":"m4i_field","uniqueAttributes":{"qualifiedName":"nl1--nl1hr--nl1hr001--basket"}},{"guid":"3a6d0e90-2373-4ff1-9959-01d742c0263f","typeName":"m4i_field","uniqueAttributes":{"qualifiedName":"nl1--nl1hr--nl1hr001--location"}},{"guid":"f5a28b80-cb8c-474c-b699-cc68b2159c3d","typeName":"m4i_field","uniqueAttributes":{"qualifiedName":"nl1--nl1hr--nl1hr001--cc_employee"}},{"guid":"c4a698ee-685a-41c0-917a-4124fc1a57ab","typeName":"m4i_field","uniqueAttributes":{"qualifiedName":"nl1--nl1hr--nl1hr001--employee_number"}},{"guid":"a1bd5ef8-9b3f-4d1a-848d-7eba1c9229d6","typeName":"m4i_field","uniqueAttributes":{"qualifiedName":"nl1--nl1hr--nl1hr001--organization"}},{"guid":"f86b18e1-7a20-4ba1-a616-09bac4b96a3b","typeName":"m4i_field","uniqueAttributes":{"qualifiedName":"nl1--nl1hr--nl1hr001--func_organization"}},{"guid":"1fec5463-2a52-4c6e-840a-7846854d54dc","typeName":"m4i_field","uniqueAttributes":{"qualifiedName":"nl1--nl1hr--nl1hr001--payroll"}},{"guid":"ef2574a8-ac41-4f14-ba4a-a29974117b60","typeName":"m4i_field","uniqueAttributes":{"qualifiedName":"nl1--nl1hr--nl1hr001--fullname"}}]},"guid":"c5975c9c-c0ad-46e7-bfb8-a8946980041d","isIncomplete":false,"provenanceType":0,"status":"ACTIVE","createdBy":"admin","updatedBy":"admin","createTime":1656521946452,"updateTime":1663927932384,"version":0,"relationshipAttributes":{"inputToProcesses":[{"guid":"03be0399-5e0c-46d8-aecd-f9ccfeeef05b","typeName":"m4i_generic_process","entityStatus":"ACTIVE","displayText":"Analysed to","relationshipType":"dataset_process_inputs","relationshipGuid":"ff2ca9da-f14b-4eb6-bb58-4cbaef1746d4","relationshipStatus":"ACTIVE","relationshipAttributes":{"typeName":"dataset_process_inputs"}}],"pipeline":null,"schema":[],"ArchiMateReference":[],"childDataset":[],"collections":[{"guid":"51925044-95e1-4100-bc21-9dc7e27fe452","typeName":"m4i_collection","entityStatus":"ACTIVE","displayText":"NL1-HR","relationshipType":"m4i_dataset_assignment","relationshipGuid":"3cdc8620-b777-4e93-9ab4-0bb715e7d340","relationshipStatus":"ACTIVE","relationshipAttributes":{"typeName":"m4i_dataset_assignment"}}],"model":null,"source":[{"guid":"2bee6dca-fea0-478b-824e-d97365d18bbe","typeName":"m4i_source","entityStatus":"ACTIVE","displayText":"/hr/hr/Data Dictionary_template.xlsm","relationshipType":"m4i_referenceable_source_assignment","relationshipGuid":"fc2af826-1380-4158-872c-670a535cbfc2","relationshipStatus":"ACTIVE","relationshipAttributes":{"typeName":"m4i_referenceable_source_assignment"}}],"fields":[{"guid":"fa03d0d2-f7b1-4758-95dd-cd14b5187d6f","typeName":"m4i_field","entityStatus":"ACTIVE","displayText":"PLACEMENT","relationshipType":"m4i_field_assignment","relationshipGuid":"f93eda83-af93-4df3-89ac-753d5da17648","relationshipStatus":"ACTIVE","relationshipAttributes":{"typeName":"m4i_field_assignment","attributes":{"typeInformation":null}}},{"guid":"f4c7440d-e98d-4beb-ba58-e211a6c0d367","typeName":"m4i_field","entityStatus":"ACTIVE","displayText":"FTE","relationshipType":"m4i_field_assignment","relationshipGuid":"090f9754-5808-4934-b166-ed4dc7348a6c","relationshipStatus":"ACTIVE","relationshipAttributes":{"typeName":"m4i_field_assignment","attributes":{"typeInformation":null}}},{"guid":"0df94338-1afc-455c-b9d5-c3d0e36d1dac","typeName":"m4i_field","entityStatus":"ACTIVE","displayText":"HIER_ORGANIZATION","relationshipType":"m4i_field_assignment","relationshipGuid":"72704d88-3bee-452f-95f6-5bae495f4f09","relationshipStatus":"ACTIVE","relationshipAttributes":{"typeName":"m4i_field_assignment","attributes":{"typeInformation":null}}},{"guid":"a88127e7-07dc-4d96-8a07-f245c8896740","typeName":"m4i_field","entityStatus":"ACTIVE","displayText":"JOB_NAME","relationshipType":"m4i_field_assignment","relationshipGuid":"9ddd5c92-1d16-46ce-b5bb-088287443ffc","relationshipStatus":"ACTIVE","relationshipAttributes":{"typeName":"m4i_field_assignment","attributes":{"typeInformation":null}}},{"guid":"983f281a-0437-4dab-a889-57d0d5b0ac96","typeName":"m4i_field","entityStatus":"ACTIVE","displayText":"PEOPLE_GROUP","relationshipType":"m4i_field_assignment","relationshipGuid":"27728a3c-1960-466a-bd4e-cd8d444ddb01","relationshipStatus":"ACTIVE","relationshipAttributes":{"typeName":"m4i_field_assignment","attributes":{"typeInformation":null}}},{"guid":"1bfbe44b-f4a4-4120-88ad-2fa05c15188e","typeName":"m4i_field","entityStatus":"ACTIVE","displayText":"BASKET","relationshipType":"m4i_field_assignment","relationshipGuid":"61ef62c1-6d8d-4c16-bf71-0bd0fa20d975","relationshipStatus":"ACTIVE","relationshipAttributes":{"typeName":"m4i_field_assignment","attributes":{"typeInformation":null}}},{"guid":"3a6d0e90-2373-4ff1-9959-01d742c0263f","typeName":"m4i_field","entityStatus":"ACTIVE","displayText":"LOCATION","relationshipType":"m4i_field_assignment","relationshipGuid":"61456841-48fd-4cf9-8f2a-9ea4f22a1b72","relationshipStatus":"ACTIVE","relationshipAttributes":{"typeName":"m4i_field_assignment","attributes":{"typeInformation":null}}},{"guid":"f5a28b80-cb8c-474c-b699-cc68b2159c3d","typeName":"m4i_field","entityStatus":"ACTIVE","displayText":"CC_EMPLOYEE","relationshipType":"m4i_field_assignment","relationshipGuid":"da775873-32f9-44ac-8c43-e2563731244f","relationshipStatus":"ACTIVE","relationshipAttributes":{"typeName":"m4i_field_assignment","attributes":{"typeInformation":null}}},{"guid":"c4a698ee-685a-41c0-917a-4124fc1a57ab","typeName":"m4i_field","entityStatus":"ACTIVE","displayText":"EMPLOYEE_NUMBER","relationshipType":"m4i_field_assignment","relationshipGuid":"08c2fe72-cebc-485f-bd36-b362a959d255","relationshipStatus":"ACTIVE","relationshipAttributes":{"typeName":"m4i_field_assignment","attributes":{"typeInformation":null}}},{"guid":"a1bd5ef8-9b3f-4d1a-848d-7eba1c9229d6","typeName":"m4i_field","entityStatus":"ACTIVE","displayText":"ORGANIZATION","relationshipType":"m4i_field_assignment","relationshipGuid":"70c73811-3295-4673-8821-07096d4ef81b","relationshipStatus":"ACTIVE","relationshipAttributes":{"typeName":"m4i_field_assignment","attributes":{"typeInformation":null}}},{"guid":"f86b18e1-7a20-4ba1-a616-09bac4b96a3b","typeName":"m4i_field","entityStatus":"ACTIVE","displayText":"FUNC_ORGANIZATION","relationshipType":"m4i_field_assignment","relationshipGuid":"3556d7fc-c2aa-41fc-970d-5ae6cee17974","relationshipStatus":"ACTIVE","relationshipAttributes":{"typeName":"m4i_field_assignment","attributes":{"typeInformation":null}}},{"guid":"1fec5463-2a52-4c6e-840a-7846854d54dc","typeName":"m4i_field","entityStatus":"ACTIVE","displayText":"PAYROLL","relationshipType":"m4i_field_assignment","relationshipGuid":"67fbccd6-6e0b-40ac-9ce4-e2384ebc0c11","relationshipStatus":"ACTIVE","relationshipAttributes":{"typeName":"m4i_field_assignment","attributes":{"typeInformation":null}}},{"guid":"ef2574a8-ac41-4f14-ba4a-a29974117b60","typeName":"m4i_field","entityStatus":"ACTIVE","displayText":"FULLNAME","relationshipType":"m4i_field_assignment","relationshipGuid":"4f4fe4d4-536b-44eb-853f-d91058bd9e1c","relationshipStatus":"ACTIVE","relationshipAttributes":{"typeName":"m4i_field_assignment","attributes":{"typeInformation":null}}}],"parentDataset":[],"meanings":[],"outputFromProcesses":[]},"classifications":[{"typeName":"high_risk","entityGuid":"c93b1aab-8378-4041-a3d3-65f913eb2d06","entityStatus":"ACTIVE","propagate":true,"validityPeriods":[],"removePropagationsOnEntityDelete":true},{"typeName":"PII","entityGuid":"444c163e-b201-47bd-9b3a-9c1c9d33a4bb","entityStatus":"ACTIVE","propagate":true,"validityPeriods":[],"removePropagationsOnEntityDelete":true},{"typeName":"high_risk","entityGuid":"444c163e-b201-47bd-9b3a-9c1c9d33a4bb","entityStatus":"ACTIVE","propagate":true,"validityPeriods":[],"removePropagationsOnEntityDelete":true},{"typeName":"PII","entityGuid":"c93b1aab-8378-4041-a3d3-65f913eb2d06","entityStatus":"ACTIVE","propagate":true,"validityPeriods":[],"removePropagationsOnEntityDelete":true}],"labels":[],"proxy":false}}