{"referredEntities":{},"entity":{"typeName":"m4i_field","attributes":{"archimateReference":[],"replicatedTo":null,"replicatedFrom":null,"hasContent":null,"steward":[],"qualifiedName":"cc1--kaf1--kaf1-hr--change-event--change_type","source":[],"datasets":[],"parentField":[],"optionalField":null,"name":"change_type","definition":null,"attributes":[],"fieldType":"string","childField":[]},"guid":"cab5b8e6-e58a-45fe-bd7c-a202c77c0559","isIncomplete":false,"provenanceType":0,"status":"ACTIVE","createdBy":"admin","updatedBy":"admin","createTime":1656522102741,"updateTime":1663931063480,"version":0,"relationshipAttributes":{"ArchiMateReference":[],"dataQuality":[],"attributes":[],"datasets":[{"guid":"c2ee75ac-b623-44cf-a43c-be03e194b5bd","typeName":"m4i_dataset","entityStatus":"ACTIVE","displayText":"change-event","relationshipType":"m4i_field_assignment","relationshipGuid":"abf09722-3343-48d9-b879-2c9dce6bb436","relationshipStatus":"ACTIVE","relationshipAttributes":{"typeName":"m4i_field_assignment","attributes":{"typeInformation":null}}}],"source":[],"meanings":[],"parentField":[],"childField":[]},"labels":[],"proxy":false}}