{"referredEntities":{},"entity":{"typeName":"m4i_data_attribute","attributes":{"archimateReference":[],"replicatedTo":null,"replicatedFrom":null,"steward":[{"guid":"4f4948ae-2df0-437d-8c6a-e9cba5db8063","typeName":"m4i_person","uniqueAttributes":{"qualifiedName":"cornelis.kramer@email.com","email":"cornelis.kramer@email.com"}}],"qualifiedName":"personnel-and-organization--organization--basket","dataEntity":[{"guid":"0947802f-d016-4031-b90f-10d27b102439","typeName":"m4i_data_entity","uniqueAttributes":{"qualifiedName":"personnel-and-organization--organization"}}],"source":[],"isKeyData":"Yes","hasPII":null,"attributeType":"Text","name":"Basket","definition":"This attribute is used to allocate costs and for management purposes, and is automatically filled based on the chosen Organization and follows the logic of the predefined operating model (decision tree).","riskClassification":"Low","fields":[{"guid":"1bfbe44b-f4a4-4120-88ad-2fa05c15188e","typeName":"m4i_field","uniqueAttributes":{"qualifiedName":"nl1--nl1hr--nl1hr001--basket"}}],"businessOwner":[{"guid":"45e581d9-452c-4d48-98e0-452b7a109efb","typeName":"m4i_person","uniqueAttributes":{"qualifiedName":"merel.hofman@email.com","email":"merel.hofman@email.com"}}]},"guid":"cd28eaf5-5d73-4dde-a2f2-140bf7a45b1b","isIncomplete":false,"provenanceType":0,"status":"ACTIVE","createdBy":"admin","updatedBy":"admin","createTime":1656521955001,"updateTime":1663931063480,"version":0,"relationshipAttributes":{"ArchiMateReference":[],"steward":[{"guid":"4f4948ae-2df0-437d-8c6a-e9cba5db8063","typeName":"m4i_person","entityStatus":"ACTIVE","displayText":"Cornelis Kramer","relationshipType":"m4i_data_attribute_steward_assignment","relationshipGuid":"390bcd3f-b12b-4e04-8788-92a7e1895e47","relationshipStatus":"ACTIVE","relationshipAttributes":{"typeName":"m4i_data_attribute_steward_assignment"}}],"dataEntity":[{"guid":"0947802f-d016-4031-b90f-10d27b102439","typeName":"m4i_data_entity","entityStatus":"ACTIVE","displayText":"Organization","relationshipType":"m4i_data_entity_attribute_assignment","relationshipGuid":"ddb22109-9200-40cc-9360-af0bd8234b6e","relationshipStatus":"ACTIVE","relationshipAttributes":{"typeName":"m4i_data_entity_attribute_assignment"}}],"source":[{"guid":"2bee6dca-fea0-478b-824e-d97365d18bbe","typeName":"m4i_source","entityStatus":"ACTIVE","displayText":"/hr/hr/Data Dictionary_template.xlsm","relationshipType":"m4i_referenceable_source_assignment","relationshipGuid":"3a98fa4c-f666-464c-910f-783a0ee57ba1","relationshipStatus":"ACTIVE","relationshipAttributes":{"typeName":"m4i_referenceable_source_assignment"}}],"fields":[{"guid":"1bfbe44b-f4a4-4120-88ad-2fa05c15188e","typeName":"m4i_field","entityStatus":"ACTIVE","displayText":"BASKET","relationshipType":"m4i_data_attribute_field_assignment","relationshipGuid":"1b8e74b0-3f4b-4097-a9e3-d2fb705ff194","relationshipStatus":"ACTIVE","relationshipAttributes":{"typeName":"m4i_data_attribute_field_assignment"}}],"businessOwner":[{"guid":"45e581d9-452c-4d48-98e0-452b7a109efb","typeName":"m4i_person","entityStatus":"ACTIVE","displayText":"Merel Hofman","relationshipType":"m4i_data_attribute_business_owner_assignment","relationshipGuid":"91c104c3-e9e0-4a6c-9f0e-a194dee2e35b","relationshipStatus":"ACTIVE","relationshipAttributes":{"typeName":"m4i_data_attribute_business_owner_assignment"}}],"meanings":[]},"classifications":[{"typeName":"key_data","entityGuid":"cd28eaf5-5d73-4dde-a2f2-140bf7a45b1b","entityStatus":"ACTIVE","propagate":true,"validityPeriods":[],"removePropagationsOnEntityDelete":true},{"typeName":"low_risk","entityGuid":"cd28eaf5-5d73-4dde-a2f2-140bf7a45b1b","entityStatus":"ACTIVE","propagate":true,"validityPeriods":[],"removePropagationsOnEntityDelete":true}],"labels":[],"proxy":false}}