{"referredEntities":{},"entity":{"typeName":"m4i_gov_data_quality","attributes":{"owner":null,"archimateReference":[],"expression":"completeness('fields')","replicatedTo":null,"userDescription":null,"replicatedFrom":null,"qualifiedName":"m4i_dataset--fields","displayName":null,"description":null,"active":true,"source":[],"ruleDescription":"fields  is not None and is not empty","nonCompliantMessage":"This entity is missing a fields","ruleType":"attribute","name":"m4i_dataset--fields","compliantMessage":"This entity has a fields","id":5,"qualityDimension":"completeness","expressionVersion":"1"},"guid":"cfd24715-125d-46e2-854d-b0c1b16340bf","isIncomplete":false,"provenanceType":0,"status":"ACTIVE","createdBy":"admin","updatedBy":"admin","createTime":1656522427794,"updateTime":1663931063480,"version":0,"relationshipAttributes":{"inputToProcesses":[],"pipeline":null,"schema":[],"ArchiMateReference":[],"model":null,"source":[],"meanings":[],"outputFromProcesses":[]},"labels":[],"proxy":false}}