{"referredEntities":{},"entity":{"typeName":"m4i_gov_data_quality","attributes":{"owner":null,"archimateReference":[],"expression":"completeness('dataEntity')","replicatedTo":null,"userDescription":null,"replicatedFrom":null,"qualifiedName":"m4i_data_attribute--dataEntity","displayName":null,"description":null,"active":true,"source":[],"ruleDescription":"dataEntity is not None and is not empty","nonCompliantMessage":"This entity is missing a dataEntity","ruleType":"attribute","name":"m4i_data_attribute--dataEntity","compliantMessage":"This entity has a dataEntity","id":7,"qualityDimension":"completeness","expressionVersion":"1"},"guid":"d1952aa1-5d80-4d58-b520-cf2b8915aa8b","isIncomplete":false,"provenanceType":0,"status":"ACTIVE","createdBy":"admin","updatedBy":"admin","createTime":1656522427794,"updateTime":1663931063480,"version":0,"relationshipAttributes":{"inputToProcesses":[],"pipeline":null,"schema":[],"ArchiMateReference":[],"model":null,"source":[],"meanings":[],"outputFromProcesses":[]},"labels":[],"proxy":false}}