{"referredEntities":{},"entity":{"typeName":"m4i_gov_data_quality","attributes":{"owner":null,"archimateReference":[],"expression":"conditional_value('target_relationship_type', 'source_typename', {'m4i_field_assignment':'m4i_dataset'})","replicatedTo":null,"userDescription":null,"replicatedFrom":null,"qualifiedName":"m4i_dataset--fields--source","displayName":null,"description":null,"active":true,"source":[],"ruleDescription":"fields source relation type is m4i_dataset","nonCompliantMessage":"This entity is missing a source relationship type as m4i_dataset","ruleType":"relationship","name":"m4i_dataset--fields--source","compliantMessage":"This entity has a source relationship type as m4i_dataset","id":8,"qualityDimension":"completeness","expressionVersion":"1"},"guid":"d2a3796d-39f1-4066-b333-d2a99e0540d3","isIncomplete":false,"provenanceType":0,"status":"ACTIVE","createdBy":"admin","updatedBy":"admin","createTime":1656522427794,"updateTime":1663931063480,"version":0,"relationshipAttributes":{"inputToProcesses":[],"pipeline":null,"schema":[],"ArchiMateReference":[],"model":null,"source":[],"meanings":[],"outputFromProcesses":[]},"labels":[],"proxy":false}}