{"referredEntities":{},"entity":{"typeName":"m4i_data_domain","attributes":{"archimateReference":[],"replicatedTo":null,"replicatedFrom":null,"qualifiedName":"personnel-and-organization","domainLead":[{"guid":"777d4125-b3b7-4957-bf86-b1b0989c76a6","typeName":"m4i_person","uniqueAttributes":{"qualifiedName":"gerard.rodolf@email.com","email":"gerard.rodolf@email.com"}}],"name":"Personnel and Organization","dataEntity":[{"guid":"0947802f-d016-4031-b90f-10d27b102439","typeName":"m4i_data_entity","uniqueAttributes":{"qualifiedName":"personnel-and-organization--organization"}},{"guid":"a4e20c5a-fd37-4fe4-9189-6c4e06f1f34d","typeName":"m4i_data_entity","uniqueAttributes":{"qualifiedName":"personnel-and-organization--personnel"}},{"guid":"55675c25-d300-4d79-ab69-c0b2591b4cd0","typeName":"m4i_data_entity","uniqueAttributes":{"qualifiedName":"personnel-and-organization--job"}}],"definition":"This data domain contains data from human resources department","source":[]},"guid":"d56db187-2627-41a6-8698-f74d4b76227e","isIncomplete":false,"provenanceType":0,"status":"ACTIVE","createdBy":"admin","updatedBy":"admin","createTime":1656521947184,"updateTime":1663931063480,"version":0,"relationshipAttributes":{"ArchiMateReference":[],"domainLead":[{"guid":"777d4125-b3b7-4957-bf86-b1b0989c76a6","typeName":"m4i_person","entityStatus":"ACTIVE","displayText":"Gerard Rodolf","relationshipType":"m4i_domainLead_assignment","relationshipGuid":"d7cbff75-0c2d-41db-8018-e22bb2c7dad5","relationshipStatus":"ACTIVE","relationshipAttributes":{"typeName":"m4i_domainLead_assignment"}}],"dataEntity":[{"guid":"0947802f-d016-4031-b90f-10d27b102439","typeName":"m4i_data_entity","entityStatus":"ACTIVE","displayText":"Organization","relationshipType":"m4i_data_entity_assignment","relationshipGuid":"ddfefbd4-941e-4b2a-8308-6da7db26625a","relationshipStatus":"ACTIVE","relationshipAttributes":{"typeName":"m4i_data_entity_assignment"}},{"guid":"55675c25-d300-4d79-ab69-c0b2591b4cd0","typeName":"m4i_data_entity","entityStatus":"ACTIVE","displayText":"Job","relationshipType":"m4i_data_entity_assignment","relationshipGuid":"338c3ce1-c226-497f-b179-75d3aba83b4b","relationshipStatus":"ACTIVE","relationshipAttributes":{"typeName":"m4i_data_entity_assignment"}},{"guid":"a4e20c5a-fd37-4fe4-9189-6c4e06f1f34d","typeName":"m4i_data_entity","entityStatus":"ACTIVE","displayText":"Personnel","relationshipType":"m4i_data_entity_assignment","relationshipGuid":"e2c0ea9b-04ba-4835-83d7-9a9897bef525","relationshipStatus":"ACTIVE","relationshipAttributes":{"typeName":"m4i_data_entity_assignment"}}],"source":[{"guid":"2bee6dca-fea0-478b-824e-d97365d18bbe","typeName":"m4i_source","entityStatus":"ACTIVE","displayText":"/hr/hr/Data Dictionary_template.xlsm","relationshipType":"m4i_referenceable_source_assignment","relationshipGuid":"26c5106c-8f9f-4ac8-93f9-0247c3a34290","relationshipStatus":"ACTIVE","relationshipAttributes":{"typeName":"m4i_referenceable_source_assignment"}}],"meanings":[]},"labels":[],"proxy":false}}