{"referredEntities":{},"entity":{"typeName":"m4i_data_attribute","attributes":{"archimateReference":[],"replicatedTo":null,"replicatedFrom":null,"steward":[{"guid":"55520e1f-52a3-4696-97e5-b5879323b53a","typeName":"m4i_person","uniqueAttributes":{"qualifiedName":"harper.taylor@email.com","email":"harper.taylor@email.com"}}],"qualifiedName":"personnel-and-organization--personnel--external--functional-organization","dataEntity":[{"guid":"c0af931d-1cd3-4ecb-970f-ab804d289ada","typeName":"m4i_data_entity","uniqueAttributes":{"qualifiedName":"personnel-and-organization--personnel--external"}}],"source":[],"isKeyData":"Yes","hasPII":null,"attributeType":"Text","name":"Functional Organization","definition":"This attribute describes the dotted-line reporting, the subject matter relationship between a supervisor and an employee. The functionel lead covers mainly strategic steering of the profession and setting the rules for how the business is ran.","riskClassification":"Low","fields":[{"guid":"1e546cb1-6262-40aa-8bf5-60f275f46329","typeName":"m4i_field","uniqueAttributes":{"qualifiedName":"elas1--hr--FUNC_ORG"}},{"guid":"4ff70f55-7359-411f-bc4e-1791251a8b75","typeName":"m4i_field","uniqueAttributes":{"qualifiedName":"cc1--kaf1--kaf1-hr--change-event--payload--payload--func_org"}},{"guid":"f86b18e1-7a20-4ba1-a616-09bac4b96a3b","typeName":"m4i_field","uniqueAttributes":{"qualifiedName":"nl1--nl1hr--nl1hr001--func_organization"}}],"businessOwner":[{"guid":"665870e3-92cb-4dae-b58e-f4db45a7af38","typeName":"m4i_person","uniqueAttributes":{"qualifiedName":"summer.reid@email.com","email":"summer.reid@email.com"}}]},"guid":"daa8ba7f-eab5-4727-ad5d-d6482a3c0f74","isIncomplete":false,"provenanceType":0,"status":"ACTIVE","createdBy":"admin","updatedBy":"admin","createTime":1656521955001,"updateTime":1663931063480,"version":0,"relationshipAttributes":{"ArchiMateReference":[],"steward":[{"guid":"55520e1f-52a3-4696-97e5-b5879323b53a","typeName":"m4i_person","entityStatus":"ACTIVE","displayText":"Harper Taylor","relationshipType":"m4i_data_attribute_steward_assignment","relationshipGuid":"495627e2-071f-4d7a-96ea-8a0549b1aeec","relationshipStatus":"ACTIVE","relationshipAttributes":{"typeName":"m4i_data_attribute_steward_assignment"}}],"dataEntity":[{"guid":"c0af931d-1cd3-4ecb-970f-ab804d289ada","typeName":"m4i_data_entity","entityStatus":"ACTIVE","displayText":"External","relationshipType":"m4i_data_entity_attribute_assignment","relationshipGuid":"da24d135-8507-43c5-b515-4d9363deb66c","relationshipStatus":"ACTIVE","relationshipAttributes":{"typeName":"m4i_data_entity_attribute_assignment"}}],"source":[{"guid":"2bee6dca-fea0-478b-824e-d97365d18bbe","typeName":"m4i_source","entityStatus":"ACTIVE","displayText":"/hr/hr/Data Dictionary_template.xlsm","relationshipType":"m4i_referenceable_source_assignment","relationshipGuid":"429e7772-d9dc-4206-8dee-30c37d972dac","relationshipStatus":"ACTIVE","relationshipAttributes":{"typeName":"m4i_referenceable_source_assignment"}}],"fields":[{"guid":"f86b18e1-7a20-4ba1-a616-09bac4b96a3b","typeName":"m4i_field","entityStatus":"ACTIVE","displayText":"FUNC_ORGANIZATION","relationshipType":"m4i_data_attribute_field_assignment","relationshipGuid":"024453b0-0cd0-4824-a6fc-27816adad6fe","relationshipStatus":"ACTIVE","relationshipAttributes":{"typeName":"m4i_data_attribute_field_assignment"}},{"guid":"1e546cb1-6262-40aa-8bf5-60f275f46329","typeName":"m4i_field","entityStatus":"ACTIVE","displayText":"FUNC_ORG","relationshipType":"m4i_data_attribute_field_assignment","relationshipGuid":"eec671aa-3b2e-4cbc-b33b-161c68407dcb","relationshipStatus":"ACTIVE","relationshipAttributes":{"typeName":"m4i_data_attribute_field_assignment"}},{"guid":"4ff70f55-7359-411f-bc4e-1791251a8b75","typeName":"m4i_field","entityStatus":"ACTIVE","displayText":"FUNC_ORG","relationshipType":"m4i_data_attribute_field_assignment","relationshipGuid":"603ecf21-2105-4e29-a1c0-d55ea67ca68c","relationshipStatus":"ACTIVE","relationshipAttributes":{"typeName":"m4i_data_attribute_field_assignment"}}],"businessOwner":[{"guid":"665870e3-92cb-4dae-b58e-f4db45a7af38","typeName":"m4i_person","entityStatus":"ACTIVE","displayText":"Summer Reid","relationshipType":"m4i_data_attribute_business_owner_assignment","relationshipGuid":"3d2605e3-6c7c-451c-bc32-249013a09777","relationshipStatus":"ACTIVE","relationshipAttributes":{"typeName":"m4i_data_attribute_business_owner_assignment"}}],"meanings":[]},"classifications":[{"typeName":"low_risk","entityGuid":"daa8ba7f-eab5-4727-ad5d-d6482a3c0f74","entityStatus":"ACTIVE","propagate":true,"validityPeriods":[],"removePropagationsOnEntityDelete":true},{"typeName":"key_data","entityGuid":"daa8ba7f-eab5-4727-ad5d-d6482a3c0f74","entityStatus":"ACTIVE","propagate":true,"validityPeriods":[],"removePropagationsOnEntityDelete":true}],"labels":[],"proxy":false}}