{"referredEntities":{},"entity":{"typeName":"m4i_field","attributes":{"archimateReference":[],"replicatedTo":null,"replicatedFrom":null,"hasContent":null,"steward":[],"qualifiedName":"elas1--hourly--idletime","source":[],"datasets":[],"parentField":[],"optionalField":null,"name":"idletime","definition":null,"attributes":[],"fieldType":"double","childField":[]},"guid":"db75b4ae-84a4-48c0-a902-da3ff7528a8a","isIncomplete":false,"provenanceType":0,"status":"ACTIVE","createdBy":"admin","updatedBy":"admin","createTime":1663930105074,"updateTime":1663930105074,"version":0,"relationshipAttributes":{"ArchiMateReference":[],"dataQuality":[],"attributes":[{"guid":"9865dffd-a5b5-4040-93a4-fc9317f28edb","typeName":"m4i_data_attribute","entityStatus":"ACTIVE","displayText":"IdleTime","relationshipType":"m4i_data_attribute_field_assignment","relationshipGuid":"43ca2b1b-1cda-4817-b3b2-b507234f29c6","relationshipStatus":"ACTIVE","relationshipAttributes":{"typeName":"m4i_data_attribute_field_assignment"}}],"datasets":[{"guid":"8e146f38-013e-4935-84aa-8d59a5539d3d","typeName":"m4i_dataset","entityStatus":"ACTIVE","displayText":"hourly","relationshipType":"m4i_field_assignment","relationshipGuid":"e961d032-6595-4a6c-b14f-66bb4c4341a2","relationshipStatus":"ACTIVE","relationshipAttributes":{"typeName":"m4i_field_assignment","attributes":{"typeInformation":null}}}],"source":[],"meanings":[],"parentField":[],"childField":[]},"classifications":[{"typeName":"low_risk","entityGuid":"9865dffd-a5b5-4040-93a4-fc9317f28edb","entityStatus":"ACTIVE","propagate":true,"validityPeriods":[],"removePropagationsOnEntityDelete":true}],"labels":[],"proxy":false}}