{
    "referredEntities": {},
    "entity": {
        "typeName": "m4i_field",
        "attributes": {
            "archimateReference": [],
            "replicatedTo": null,
            "replicatedFrom": null,
            "hasContent": null,
            "steward": [],
            "qualifiedName": "nl3--nl3plant--nl3plant001--equipmentstatus",
            "source": [],
            "datasets": [
                {
                    "guid": "2230cf23-c90c-4a2f-be3e-e402503c4544",
                    "typeName": "m4i_dataset",
                    "uniqueAttributes": {
                        "qualifiedName": "nl3--nl3plant--nl3plant001"
                    }
                }
            ],
            "parentField": [],
            "optionalField": null,
            "name": "EquipmentStatus",
            "definition": null,
            "attributes": [
                {
                    "guid": "52cf166d-4f91-4c1f-b63a-12b7fb229e5b",
                    "typeName": "m4i_data_attribute",
                    "uniqueAttributes": {
                        "qualifiedName": "plant-data--hourly-data--equipmentstatus"
                    }
                }
            ],
            "fieldType": "Text",
            "childField": []
        },
        "guid": "e022970c-c30b-45f1-8883-0f03b4f1eef1",
        "isIncomplete": false,
        "provenanceType": 0,
        "status": "ACTIVE",
        "createdBy": "admin",
        "updatedBy": "admin",
        "createTime": 1656522073615,
        "updateTime": 1666701543730,
        "version": 0,
        "relationshipAttributes": {
            "ArchiMateReference": [],
            "dataQuality": [
                {
                    "guid": "b4250d77-0610-425b-807d-80beb7517a78",
                    "typeName": "m4i_data_quality",
                    "entityStatus": "ACTIVE",
                    "displayText": "nl3--nl3plant--nl3plant001--equipmentstatus--7",
                    "relationshipType": "m4i_data_quality_field_assignment",
                    "relationshipGuid": "a127ca10-8271-45a2-af24-648b5b8f5b81",
                    "relationshipStatus": "ACTIVE",
                    "relationshipAttributes": {
                        "typeName": "m4i_data_quality_field_assignment"
                    }
                }
            ],
            "attributes": [
                {
                    "guid": "52cf166d-4f91-4c1f-b63a-12b7fb229e5b",
                    "typeName": "m4i_data_attribute",
                    "entityStatus": "ACTIVE",
                    "displayText": "EquipmentStatus",
                    "relationshipType": "m4i_data_attribute_field_assignment",
                    "relationshipGuid": "4008bfa4-8ab7-4d15-b50e-ca449ba2f54f",
                    "relationshipStatus": "ACTIVE",
                    "relationshipAttributes": {
                        "typeName": "m4i_data_attribute_field_assignment"
                    }
                }
            ],
            "datasets": [
                {
                    "guid": "2230cf23-c90c-4a2f-be3e-e402503c4544",
                    "typeName": "m4i_dataset",
                    "entityStatus": "ACTIVE",
                    "displayText": "NL3-PLANT-001",
                    "relationshipType": "m4i_field_assignment",
                    "relationshipGuid": "7465559a-8558-4ea3-8f75-eedbb846b9bf",
                    "relationshipStatus": "ACTIVE",
                    "relationshipAttributes": {
                        "typeName": "m4i_field_assignment",
                        "attributes": {
                            "typeInformation": null
                        }
                    }
                }
            ],
            "source": [
                {
                    "guid": "2bee6dca-fea0-478b-824e-d97365d18bbe",
                    "typeName": "m4i_source",
                    "entityStatus": "ACTIVE",
                    "displayText": "/hr/hr/Data Dictionary_template.xlsm",
                    "relationshipType": "m4i_referenceable_source_assignment",
                    "relationshipGuid": "380f196c-535d-4c78-a41f-e2f26c6a4756",
                    "relationshipStatus": "ACTIVE",
                    "relationshipAttributes": {
                        "typeName": "m4i_referenceable_source_assignment"
                    }
                }
            ],
            "parentField": [],
            "meanings": [],
            "childField": []
        },
        "classifications": [
            {
                "typeName": "low_risk",
                "entityGuid": "52cf166d-4f91-4c1f-b63a-12b7fb229e5b",
                "entityStatus": "ACTIVE",
                "propagate": true,
                "validityPeriods": [],
                "removePropagationsOnEntityDelete": true
            }
        ],
        "labels": [],
        "proxy": false
    }
}