{
    "referredEntities": {},
    "entity": {
        "typeName": "m4i_data_attribute",
        "attributes": {
            "archimateReference": [],
            "replicatedTo": null,
            "replicatedFrom": null,
            "steward": [
                {
                    "guid": "9e8c280b-b4f7-45e0-b287-49dddaf21e23",
                    "typeName": "m4i_person",
                    "uniqueAttributes": {
                        "qualifiedName": "lore.brandt@email.com",
                        "email": "lore.brandt@email.com"
                    }
                }
            ],
            "qualifiedName": "procurement--company-information--operating-country",
            "dataEntity": [
                {
                    "guid": "0ed13fa1-bbce-4368-adee-8199e4266463",
                    "typeName": "m4i_data_entity",
                    "uniqueAttributes": {
                        "qualifiedName": "procurement--company-information"
                    }
                }
            ],
            "source": [],
            "isKeyData": "Yes",
            "hasPII": null,
            "attributeType": "Text",
            "name": "Operating Country",
            "definition": "Operating country where the entity is legally registered",
            "riskClassification": "Medium",
            "fields": [
                {
                    "guid": "903ef8dc-fedc-4575-8a37-458f9d6fc97a",
                    "typeName": "m4i_field",
                    "uniqueAttributes": {
                        "qualifiedName": "nl2--nl2proc--nl2proc001--opcountry"
                    }
                }
            ],
            "businessOwner": [
                {
                    "guid": "0a30e2bc-f152-4a93-890e-e6f39f3f864f",
                    "typeName": "m4i_person",
                    "uniqueAttributes": {
                        "qualifiedName": "johanna.richter@email.com",
                        "email": "johanna.richter@email.com"
                    }
                }
            ]
        },
        "guid": "e15088f4-a893-484c-85e7-3013fc6ddc9d",
        "isIncomplete": false,
        "provenanceType": 0,
        "status": "ACTIVE",
        "createdBy": "admin",
        "updatedBy": "admin",
        "createTime": 1656521955001,
        "updateTime": 1663931063480,
        "version": 0,
        "relationshipAttributes": {
            "ArchiMateReference": [],
            "steward": [
                {
                    "guid": "9e8c280b-b4f7-45e0-b287-49dddaf21e23",
                    "typeName": "m4i_person",
                    "entityStatus": "ACTIVE",
                    "displayText": "Lore Brandt",
                    "relationshipType": "m4i_data_attribute_steward_assignment",
                    "relationshipGuid": "16de5cba-1677-481a-b577-347a40466c2e",
                    "relationshipStatus": "ACTIVE",
                    "relationshipAttributes": {
                        "typeName": "m4i_data_attribute_steward_assignment"
                    }
                }
            ],
            "dataEntity": [
                {
                    "guid": "0ed13fa1-bbce-4368-adee-8199e4266463",
                    "typeName": "m4i_data_entity",
                    "entityStatus": "ACTIVE",
                    "displayText": "Company Information",
                    "relationshipType": "m4i_data_entity_attribute_assignment",
                    "relationshipGuid": "1433472f-0d4a-4462-9222-dfa5e6dddddf",
                    "relationshipStatus": "ACTIVE",
                    "relationshipAttributes": {
                        "typeName": "m4i_data_entity_attribute_assignment"
                    }
                }
            ],
            "source": [
                {
                    "guid": "2bee6dca-fea0-478b-824e-d97365d18bbe",
                    "typeName": "m4i_source",
                    "entityStatus": "ACTIVE",
                    "displayText": "/hr/hr/Data Dictionary_template.xlsm",
                    "relationshipType": "m4i_referenceable_source_assignment",
                    "relationshipGuid": "649006f1-e061-4df3-b3bd-e2eadbc4be10",
                    "relationshipStatus": "ACTIVE",
                    "relationshipAttributes": {
                        "typeName": "m4i_referenceable_source_assignment"
                    }
                }
            ],
            "fields": [
                {
                    "guid": "903ef8dc-fedc-4575-8a37-458f9d6fc97a",
                    "typeName": "m4i_field",
                    "entityStatus": "ACTIVE",
                    "displayText": "OpCountry",
                    "relationshipType": "m4i_data_attribute_field_assignment",
                    "relationshipGuid": "879ae75c-7c88-458e-939c-b99149588190",
                    "relationshipStatus": "ACTIVE",
                    "relationshipAttributes": {
                        "typeName": "m4i_data_attribute_field_assignment"
                    }
                }
            ],
            "businessOwner": [
                {
                    "guid": "0a30e2bc-f152-4a93-890e-e6f39f3f864f",
                    "typeName": "m4i_person",
                    "entityStatus": "ACTIVE",
                    "displayText": "Johanna Richter",
                    "relationshipType": "m4i_data_attribute_business_owner_assignment",
                    "relationshipGuid": "466e416c-ccc8-457b-82d9-4c2dce89a5b0",
                    "relationshipStatus": "ACTIVE",
                    "relationshipAttributes": {
                        "typeName": "m4i_data_attribute_business_owner_assignment"
                    }
                }
            ],
            "meanings": []
        },
        "classifications": [
            {
                "typeName": "PII",
                "entityGuid": "e15088f4-a893-484c-85e7-3013fc6ddc9d",
                "entityStatus": "ACTIVE",
                "propagate": true,
                "validityPeriods": [],
                "removePropagationsOnEntityDelete": true
            },
            {
                "typeName": "medium_risk",
                "entityGuid": "e15088f4-a893-484c-85e7-3013fc6ddc9d",
                "entityStatus": "ACTIVE",
                "propagate": true,
                "validityPeriods": [],
                "removePropagationsOnEntityDelete": true
            },
            {
                "typeName": "key_data",
                "entityGuid": "e15088f4-a893-484c-85e7-3013fc6ddc9d",
                "entityStatus": "ACTIVE",
                "propagate": true,
                "validityPeriods": [],
                "removePropagationsOnEntityDelete": true
            }
        ],
        "labels": [],
        "proxy": false
    }
}