{
    "referredEntities": {},
    "entity": {
        "typeName": "m4i_data_quality",
        "attributes": {
            "owner": null,
            "archimateReference": [],
            "expression": "Completeness('skuid')",
            "replicatedTo": null,
            "userDescription": null,
            "replicatedFrom": null,
            "qualifiedName": "nl3--nl3plant--nl3plant001--skuid--13",
            "displayName": null,
            "description": null,
            "active": true,
            "source": [],
            "businessRuleDescription": "",
            "ruleDescription": "This field must be filled at all times",
            "name": "nl3--nl3plant--nl3plant001--skuid--13",
            "filterRequired": true,
            "id": 13,
            "qualityDimension": "Completeness",
            "expressionVersion": "",
            "fields": [
                {
                    "guid": "afcf2bbb-a213-4716-9cf4-88c4b306c65b",
                    "typeName": "m4i_field",
                    "uniqueAttributes": {
                        "qualifiedName": "nl3--nl3plant--nl3plant001--skuid"
                    }
                }
            ]
        },
        "guid": "e1a616b0-6ce7-4cbd-9339-08c40805f717",
        "isIncomplete": false,
        "status": "ACTIVE",
        "createdBy": "admin",
        "updatedBy": "admin",
        "createTime": 1666701543730,
        "updateTime": 1666701543730,
        "version": 0,
        "relationshipAttributes": {
            "inputToProcesses": [],
            "pipeline": null,
            "schema": [],
            "ArchiMateReference": [],
            "model": null,
            "source": [
                {
                    "guid": "76c08811-3d6f-4c96-8716-d1c2eea338ca",
                    "typeName": "m4i_source",
                    "entityStatus": "ACTIVE",
                    "displayText": "Plant",
                    "relationshipType": "m4i_referenceable_source_assignment",
                    "relationshipGuid": "9232ab99-f3d4-49ef-8c60-c358a6bb0284",
                    "relationshipStatus": "ACTIVE",
                    "relationshipAttributes": {
                        "typeName": "m4i_referenceable_source_assignment"
                    }
                }
            ],
            "fields": [
                {
                    "guid": "afcf2bbb-a213-4716-9cf4-88c4b306c65b",
                    "typeName": "m4i_field",
                    "entityStatus": "ACTIVE",
                    "displayText": "SKUId",
                    "relationshipType": "m4i_data_quality_field_assignment",
                    "relationshipGuid": "3a4993cb-825b-4547-89db-411b5851a152",
                    "relationshipStatus": "ACTIVE",
                    "relationshipAttributes": {
                        "typeName": "m4i_data_quality_field_assignment"
                    }
                }
            ],
            "meanings": [],
            "outputFromProcesses": []
        },
        "labels": []
    }
}