{
    "referredEntities": {},
    "entity": {
        "typeName": "m4i_dataset",
        "attributes": {
            "owner": null,
            "creator": [],
            "archimateReference": [],
            "replicatedTo": null,
            "userDescription": null,
            "replicatedFrom": null,
            "qualifiedName": "kib1-hr-change-index",
            "displayName": null,
            "description": "Kibana Index Pattern for the change indexes",
            "source": [],
            "datasets": [],
            "parentDataset": [],
            "version": "1.0.0",
            "indexPattern": null,
            "childDataset": [],
            "systems": [],
            "collections": [],
            "name": "change-index",
            "definition": null,
            "fields": [],
            "updatedAt": "6-28-2020"
        },
        "guid": "e4cb40df-f287-4ce0-9819-303995c50949",
        "isIncomplete": false,
        "provenanceType": 0,
        "status": "ACTIVE",
        "createdBy": "admin",
        "updatedBy": "admin",
        "createTime": 1656522208191,
        "updateTime": 1663931063480,
        "version": 0,
        "relationshipAttributes": {
            "inputToProcesses": [
                {
                    "guid": "2351f3f3-f117-4fe7-9637-bc3e5860c0a5",
                    "typeName": "m4i_generic_process",
                    "entityStatus": "ACTIVE",
                    "displayText": "Used in bar visualization",
                    "relationshipType": "dataset_process_inputs",
                    "relationshipGuid": "4bc15530-9422-46eb-a5eb-39a1ee5d5bb8",
                    "relationshipStatus": "ACTIVE",
                    "relationshipAttributes": {
                        "typeName": "dataset_process_inputs"
                    }
                },
                {
                    "guid": "0238306b-fb09-4f7f-adcd-de586ad12a94",
                    "typeName": "m4i_generic_process",
                    "entityStatus": "ACTIVE",
                    "displayText": "Used in table visualization",
                    "relationshipType": "dataset_process_inputs",
                    "relationshipGuid": "3e6a0db8-19a2-4bbc-89b8-d6bc2321a211",
                    "relationshipStatus": "ACTIVE",
                    "relationshipAttributes": {
                        "typeName": "dataset_process_inputs"
                    }
                }
            ],
            "schema": [],
            "ArchiMateReference": [],
            "creator": [],
            "datasets": [],
            "source": [],
            "parentDataset": [
                {
                    "guid": "d830db18-40ab-4d4e-ac1d-d2ff085915cf",
                    "typeName": "m4i_dataset",
                    "entityStatus": "ACTIVE",
                    "displayText": "bar-graph",
                    "relationshipType": "m4i_dataset_parent_assignment",
                    "relationshipGuid": "aa9cb309-f961-401b-b60c-44e01a81f9bb",
                    "relationshipStatus": "ACTIVE",
                    "relationshipAttributes": {
                        "typeName": "m4i_dataset_parent_assignment"
                    }
                },
                {
                    "guid": "fc58c8b8-f058-4b29-b0ac-bf2ecfa48da3",
                    "typeName": "m4i_dataset",
                    "entityStatus": "ACTIVE",
                    "displayText": "table",
                    "relationshipType": "m4i_dataset_parent_assignment",
                    "relationshipGuid": "d291fd46-bcc8-4aeb-98d0-9191a337b80d",
                    "relationshipStatus": "ACTIVE",
                    "relationshipAttributes": {
                        "typeName": "m4i_dataset_parent_assignment"
                    }
                }
            ],
            "meanings": [],
            "pipeline": null,
            "childDataset": [],
            "systems": [],
            "collections": [],
            "model": null,
            "fields": [],
            "outputFromProcesses": [
                {
                    "guid": "f1245447-177d-4cb4-848d-45931ee2443b",
                    "typeName": "m4i_generic_process",
                    "entityStatus": "ACTIVE",
                    "displayText": "Queried for",
                    "relationshipType": "process_dataset_outputs",
                    "relationshipGuid": "36e09835-de97-425c-adf5-0d4073b6bbf5",
                    "relationshipStatus": "ACTIVE",
                    "relationshipAttributes": {
                        "typeName": "process_dataset_outputs"
                    }
                }
            ]
        },
        "classifications": [
            {
                "typeName": "high_risk",
                "entityGuid": "c93b1aab-8378-4041-a3d3-65f913eb2d06",
                "entityStatus": "ACTIVE",
                "propagate": true,
                "validityPeriods": [],
                "removePropagationsOnEntityDelete": true
            },
            {
                "typeName": "PII",
                "entityGuid": "444c163e-b201-47bd-9b3a-9c1c9d33a4bb",
                "entityStatus": "ACTIVE",
                "propagate": true,
                "validityPeriods": [],
                "removePropagationsOnEntityDelete": true
            },
            {
                "typeName": "high_risk",
                "entityGuid": "444c163e-b201-47bd-9b3a-9c1c9d33a4bb",
                "entityStatus": "ACTIVE",
                "propagate": true,
                "validityPeriods": [],
                "removePropagationsOnEntityDelete": true
            },
            {
                "typeName": "PII",
                "entityGuid": "c93b1aab-8378-4041-a3d3-65f913eb2d06",
                "entityStatus": "ACTIVE",
                "propagate": true,
                "validityPeriods": [],
                "removePropagationsOnEntityDelete": true
            }
        ],
        "labels": [],
        "proxy": false
    }
}