{
    "referredEntities": {},
    "entity": {
        "typeName": "m4i_field",
        "attributes": {
            "archimateReference": [],
            "replicatedTo": null,
            "replicatedFrom": null,
            "hasContent": null,
            "steward": [],
            "qualifiedName": "elas1--hourly--workcentername",
            "source": [],
            "datasets": [],
            "parentField": [],
            "optionalField": null,
            "name": "workcentername",
            "definition": null,
            "attributes": [],
            "fieldType": "keyword",
            "childField": []
        },
        "guid": "e6041090-b670-4c62-82e0-7460f3bb2ced",
        "isIncomplete": false,
        "provenanceType": 0,
        "status": "ACTIVE",
        "createdBy": "admin",
        "updatedBy": "admin",
        "createTime": 1663930105074,
        "updateTime": 1663930105074,
        "version": 0,
        "relationshipAttributes": {
            "ArchiMateReference": [],
            "dataQuality": [],
            "attributes": [
                {
                    "guid": "f4956b8f-3c7f-4d4b-a99d-10b9a32a42e0",
                    "typeName": "m4i_data_attribute",
                    "entityStatus": "ACTIVE",
                    "displayText": "WorkCenterName",
                    "relationshipType": "m4i_data_attribute_field_assignment",
                    "relationshipGuid": "970a4069-7cc0-4f0e-b0a2-d1ea655ece16",
                    "relationshipStatus": "ACTIVE",
                    "relationshipAttributes": {
                        "typeName": "m4i_data_attribute_field_assignment"
                    }
                }
            ],
            "datasets": [
                {
                    "guid": "8e146f38-013e-4935-84aa-8d59a5539d3d",
                    "typeName": "m4i_dataset",
                    "entityStatus": "ACTIVE",
                    "displayText": "hourly",
                    "relationshipType": "m4i_field_assignment",
                    "relationshipGuid": "405f756c-a0d9-4639-8a97-c3e36fa0d848",
                    "relationshipStatus": "ACTIVE",
                    "relationshipAttributes": {
                        "typeName": "m4i_field_assignment",
                        "attributes": {
                            "typeInformation": null
                        }
                    }
                }
            ],
            "source": [],
            "meanings": [],
            "parentField": [],
            "childField": []
        },
        "classifications": [
            {
                "typeName": "low_risk",
                "entityGuid": "f4956b8f-3c7f-4d4b-a99d-10b9a32a42e0",
                "entityStatus": "ACTIVE",
                "propagate": true,
                "validityPeriods": [],
                "removePropagationsOnEntityDelete": true
            }
        ],
        "labels": [],
        "proxy": false
    }
}