{
    "referredEntities": {},
    "entity": {
        "typeName": "m4i_data_attribute",
        "attributes": {
            "archimateReference": [],
            "replicatedTo": null,
            "replicatedFrom": null,
            "steward": [
                {
                    "guid": "265dad2b-2fc0-44c3-a828-06476d5f1e38",
                    "typeName": "m4i_person",
                    "uniqueAttributes": {
                        "qualifiedName": "iris.jacobs@email.com",
                        "email": "iris.jacobs@email.com"
                    }
                }
            ],
            "qualifiedName": "plant-data--hourly-data--partsperminute",
            "dataEntity": [
                {
                    "guid": "19736d3b-e7c6-4f95-8ce6-a6f215eff467",
                    "typeName": "m4i_data_entity",
                    "uniqueAttributes": {
                        "qualifiedName": "plant-data--hourly-data"
                    }
                }
            ],
            "source": [],
            "isKeyData": "Internal",
            "hasPII": null,
            "attributeType": "Numeric",
            "name": "PartsPerMinute",
            "definition": "This attribute yields the average number of parts assembled per minute ",
            "riskClassification": "Low",
            "fields": [
                {
                    "guid": "6744c643-ee5c-401d-89e6-835c614f1f40",
                    "typeName": "m4i_field",
                    "uniqueAttributes": {
                        "qualifiedName": "nl3--nl3plant--nl3plant001--partsperminute"
                    }
                },
                {
                    "guid": "fa70e73d-6aad-4ff9-be1c-7f03d2804e0e",
                    "typeName": "m4i_field",
                    "uniqueAttributes": {
                        "qualifiedName": "elas1--hourly--partsperminute"
                    }
                },
                {
                    "guid": "f5b80975-8353-44bf-9f0e-78a36fa9fed9",
                    "typeName": "m4i_field",
                    "uniqueAttributes": {
                        "qualifiedName": "cc1--kaf1--kaf1-hr--hourly--cc1--kaf1--kaf1-hr--hourly--partsperminute"
                    }
                }
            ],
            "businessOwner": [
                {
                    "guid": "dc408458-fd6d-4080-a324-9900585d1146",
                    "typeName": "m4i_person",
                    "uniqueAttributes": {
                        "qualifiedName": "jane.martens@email.com",
                        "email": "jane.martens@email.com"
                    }
                }
            ]
        },
        "guid": "e7d2e19a-3d17-498b-90d4-ef04a74b5175",
        "isIncomplete": false,
        "provenanceType": 0,
        "status": "ACTIVE",
        "createdBy": "admin",
        "updatedBy": "admin",
        "createTime": 1656521955001,
        "updateTime": 1663931063480,
        "version": 0,
        "relationshipAttributes": {
            "ArchiMateReference": [],
            "steward": [
                {
                    "guid": "265dad2b-2fc0-44c3-a828-06476d5f1e38",
                    "typeName": "m4i_person",
                    "entityStatus": "ACTIVE",
                    "displayText": "Iris Jacobs",
                    "relationshipType": "m4i_data_attribute_steward_assignment",
                    "relationshipGuid": "14442d7e-bb47-4243-8b75-b9e884120dd2",
                    "relationshipStatus": "ACTIVE",
                    "relationshipAttributes": {
                        "typeName": "m4i_data_attribute_steward_assignment"
                    }
                }
            ],
            "dataEntity": [
                {
                    "guid": "19736d3b-e7c6-4f95-8ce6-a6f215eff467",
                    "typeName": "m4i_data_entity",
                    "entityStatus": "ACTIVE",
                    "displayText": "hourly data",
                    "relationshipType": "m4i_data_entity_attribute_assignment",
                    "relationshipGuid": "325b5657-d9df-48c1-8575-469f2035b7bc",
                    "relationshipStatus": "ACTIVE",
                    "relationshipAttributes": {
                        "typeName": "m4i_data_entity_attribute_assignment"
                    }
                }
            ],
            "source": [
                {
                    "guid": "2bee6dca-fea0-478b-824e-d97365d18bbe",
                    "typeName": "m4i_source",
                    "entityStatus": "ACTIVE",
                    "displayText": "/hr/hr/Data Dictionary_template.xlsm",
                    "relationshipType": "m4i_referenceable_source_assignment",
                    "relationshipGuid": "ed8b9602-3d43-4218-88d8-149faf67b03b",
                    "relationshipStatus": "ACTIVE",
                    "relationshipAttributes": {
                        "typeName": "m4i_referenceable_source_assignment"
                    }
                }
            ],
            "fields": [
                {
                    "guid": "6744c643-ee5c-401d-89e6-835c614f1f40",
                    "typeName": "m4i_field",
                    "entityStatus": "ACTIVE",
                    "displayText": "PartsPerMinute",
                    "relationshipType": "m4i_data_attribute_field_assignment",
                    "relationshipGuid": "cd7ff4ca-10f5-4d98-ba15-fffbf87e2b0b",
                    "relationshipStatus": "ACTIVE",
                    "relationshipAttributes": {
                        "typeName": "m4i_data_attribute_field_assignment"
                    }
                },
                {
                    "guid": "fa70e73d-6aad-4ff9-be1c-7f03d2804e0e",
                    "typeName": "m4i_field",
                    "entityStatus": "ACTIVE",
                    "displayText": "partsperminute",
                    "relationshipType": "m4i_data_attribute_field_assignment",
                    "relationshipGuid": "1b05c11d-b838-4593-9227-2726dc9fc40f",
                    "relationshipStatus": "ACTIVE",
                    "relationshipAttributes": {
                        "typeName": "m4i_data_attribute_field_assignment"
                    }
                },
                {
                    "guid": "f5b80975-8353-44bf-9f0e-78a36fa9fed9",
                    "typeName": "m4i_field",
                    "entityStatus": "ACTIVE",
                    "displayText": "cc1--kaf1--kaf1-hr--hourly--partsperminute",
                    "relationshipType": "m4i_data_attribute_field_assignment",
                    "relationshipGuid": "b6891e0e-482d-4a38-a830-7880e56c6ce5",
                    "relationshipStatus": "ACTIVE",
                    "relationshipAttributes": {
                        "typeName": "m4i_data_attribute_field_assignment"
                    }
                }
            ],
            "businessOwner": [
                {
                    "guid": "dc408458-fd6d-4080-a324-9900585d1146",
                    "typeName": "m4i_person",
                    "entityStatus": "ACTIVE",
                    "displayText": "Jane Martens",
                    "relationshipType": "m4i_data_attribute_business_owner_assignment",
                    "relationshipGuid": "461cfc00-bed6-4d0d-891e-77ed1d562634",
                    "relationshipStatus": "ACTIVE",
                    "relationshipAttributes": {
                        "typeName": "m4i_data_attribute_business_owner_assignment"
                    }
                }
            ],
            "meanings": []
        },
        "classifications": [
            {
                "typeName": "low_risk",
                "entityGuid": "e7d2e19a-3d17-498b-90d4-ef04a74b5175",
                "entityStatus": "ACTIVE",
                "propagate": true,
                "validityPeriods": [],
                "removePropagationsOnEntityDelete": true
            }
        ],
        "labels": [],
        "proxy": false
    }
}