{
    "referredEntities": {},
    "entity": {
        "typeName": "m4i_data_attribute",
        "attributes": {
            "archimateReference": [],
            "replicatedTo": null,
            "replicatedFrom": null,
            "steward": [
                {
                    "guid": "9e8c280b-b4f7-45e0-b287-49dddaf21e23",
                    "typeName": "m4i_person",
                    "uniqueAttributes": {
                        "qualifiedName": "lore.brandt@email.com",
                        "email": "lore.brandt@email.com"
                    }
                }
            ],
            "qualifiedName": "procurement--company-contacts--contact-person-phone-number",
            "dataEntity": [
                {
                    "guid": "97e544aa-47c6-4326-8975-76df2203f39d",
                    "typeName": "m4i_data_entity",
                    "uniqueAttributes": {
                        "qualifiedName": "procurement--company-contacts"
                    }
                }
            ],
            "source": [],
            "isKeyData": "Yes",
            "hasPII": null,
            "attributeType": "Text",
            "name": "Contact person phone number",
            "definition": "Mobile or work phone number where the contact person can be reached ",
            "riskClassification": "Medium",
            "fields": [
                {
                    "guid": "09b34533-86d0-4397-a9ea-728544d4c1c5",
                    "typeName": "m4i_field",
                    "uniqueAttributes": {
                        "qualifiedName": "nl2--nl2proc--nl2proc001--phonecontact"
                    }
                }
            ],
            "businessOwner": [
                {
                    "guid": "0a30e2bc-f152-4a93-890e-e6f39f3f864f",
                    "typeName": "m4i_person",
                    "uniqueAttributes": {
                        "qualifiedName": "johanna.richter@email.com",
                        "email": "johanna.richter@email.com"
                    }
                }
            ]
        },
        "guid": "e93cc475-faf6-4ac0-89dc-62554a056e7a",
        "isIncomplete": false,
        "provenanceType": 0,
        "status": "ACTIVE",
        "createdBy": "admin",
        "updatedBy": "admin",
        "createTime": 1656521955001,
        "updateTime": 1663931063480,
        "version": 0,
        "relationshipAttributes": {
            "ArchiMateReference": [],
            "steward": [
                {
                    "guid": "9e8c280b-b4f7-45e0-b287-49dddaf21e23",
                    "typeName": "m4i_person",
                    "entityStatus": "ACTIVE",
                    "displayText": "Lore Brandt",
                    "relationshipType": "m4i_data_attribute_steward_assignment",
                    "relationshipGuid": "1450afeb-edb7-4083-bf8d-166b1a2e4558",
                    "relationshipStatus": "ACTIVE",
                    "relationshipAttributes": {
                        "typeName": "m4i_data_attribute_steward_assignment"
                    }
                }
            ],
            "dataEntity": [
                {
                    "guid": "97e544aa-47c6-4326-8975-76df2203f39d",
                    "typeName": "m4i_data_entity",
                    "entityStatus": "ACTIVE",
                    "displayText": "Company Contacts",
                    "relationshipType": "m4i_data_entity_attribute_assignment",
                    "relationshipGuid": "988d5214-f46c-4a4e-a12a-e0e9d2671ded",
                    "relationshipStatus": "ACTIVE",
                    "relationshipAttributes": {
                        "typeName": "m4i_data_entity_attribute_assignment"
                    }
                }
            ],
            "source": [
                {
                    "guid": "2bee6dca-fea0-478b-824e-d97365d18bbe",
                    "typeName": "m4i_source",
                    "entityStatus": "ACTIVE",
                    "displayText": "/hr/hr/Data Dictionary_template.xlsm",
                    "relationshipType": "m4i_referenceable_source_assignment",
                    "relationshipGuid": "f74064a2-207d-4538-a1c6-2896c7f2c30d",
                    "relationshipStatus": "ACTIVE",
                    "relationshipAttributes": {
                        "typeName": "m4i_referenceable_source_assignment"
                    }
                }
            ],
            "fields": [
                {
                    "guid": "09b34533-86d0-4397-a9ea-728544d4c1c5",
                    "typeName": "m4i_field",
                    "entityStatus": "ACTIVE",
                    "displayText": "PhoneContact",
                    "relationshipType": "m4i_data_attribute_field_assignment",
                    "relationshipGuid": "d8ed1be1-a624-4be3-8348-1d0033b28703",
                    "relationshipStatus": "ACTIVE",
                    "relationshipAttributes": {
                        "typeName": "m4i_data_attribute_field_assignment"
                    }
                }
            ],
            "businessOwner": [
                {
                    "guid": "0a30e2bc-f152-4a93-890e-e6f39f3f864f",
                    "typeName": "m4i_person",
                    "entityStatus": "ACTIVE",
                    "displayText": "Johanna Richter",
                    "relationshipType": "m4i_data_attribute_business_owner_assignment",
                    "relationshipGuid": "15ffca4b-bfe0-4635-9d4e-dbd4f9dd9382",
                    "relationshipStatus": "ACTIVE",
                    "relationshipAttributes": {
                        "typeName": "m4i_data_attribute_business_owner_assignment"
                    }
                }
            ],
            "meanings": []
        },
        "classifications": [
            {
                "typeName": "key_data",
                "entityGuid": "e93cc475-faf6-4ac0-89dc-62554a056e7a",
                "entityStatus": "ACTIVE",
                "propagate": true,
                "validityPeriods": [],
                "removePropagationsOnEntityDelete": true
            },
            {
                "typeName": "medium_risk",
                "entityGuid": "e93cc475-faf6-4ac0-89dc-62554a056e7a",
                "entityStatus": "ACTIVE",
                "propagate": true,
                "validityPeriods": [],
                "removePropagationsOnEntityDelete": true
            },
            {
                "typeName": "PII",
                "entityGuid": "e93cc475-faf6-4ac0-89dc-62554a056e7a",
                "entityStatus": "ACTIVE",
                "propagate": true,
                "validityPeriods": [],
                "removePropagationsOnEntityDelete": true
            }
        ],
        "labels": [],
        "proxy": false
    }
}