{
    "referredEntities": {},
    "entity": {
        "typeName": "m4i_gov_data_quality",
        "attributes": {
            "owner": null,
            "archimateReference": [],
            "expression": "conditional_value('target_relationship_type', 'target_typename', {'m4i_elasticCluster_dashboard_assignment':'m4i_system'})",
            "replicatedTo": null,
            "userDescription": null,
            "replicatedFrom": null,
            "qualifiedName": "m4i_dataset--elasticCluster--target",
            "displayName": null,
            "description": null,
            "active": true,
            "source": [],
            "ruleDescription": "elasticCluster target relation type is m4i_system",
            "nonCompliantMessage": "This entity is missing a target relationship with type m4i_system",
            "ruleType": "relationship",
            "name": "m4i_dataset--elasticCluster--target",
            "compliantMessage": "This entity has a target relationship with type m4i_system",
            "id": 7,
            "qualityDimension": "completeness",
            "expressionVersion": "1"
        },
        "guid": "ea4cb0a1-b98c-4eee-8bf8-410b024ff0d9",
        "isIncomplete": false,
        "provenanceType": 0,
        "status": "ACTIVE",
        "createdBy": "admin",
        "updatedBy": "admin",
        "createTime": 1656522427794,
        "updateTime": 1663931063480,
        "version": 0,
        "relationshipAttributes": {
            "inputToProcesses": [],
            "pipeline": null,
            "schema": [],
            "ArchiMateReference": [],
            "model": null,
            "source": [],
            "meanings": [],
            "outputFromProcesses": []
        },
        "labels": [],
        "proxy": false
    }
}