{
    "referredEntities": {},
    "entity": {
        "typeName": "m4i_collection",
        "attributes": {
            "archimateReference": [],
            "replicatedTo": null,
            "replicatedFrom": null,
            "systems": [
                {
                    "guid": "0f44af6d-ced0-4c45-b959-983f5c8d7327",
                    "typeName": "m4i_system",
                    "uniqueAttributes": {
                        "qualifiedName": "cc1--kaf1--kaf1-hr"
                    }
                }
            ],
            "qualifiedName": "cc1--kaf1--kaf1-hr--data",
            "name": "cc1--kaf1--kaf1-hr--data",
            "definition": null,
            "source": [],
            "datasets": [
                {
                    "guid": "d23a7a85-7666-4726-b1c1-ab85df2f1312",
                    "typeName": "m4i_dataset",
                    "uniqueAttributes": {
                        "qualifiedName": "cc1--kaf1--kaf1-hr--hourly"
                    }
                },
                {
                    "guid": "c2ee75ac-b623-44cf-a43c-be03e194b5bd",
                    "typeName": "m4i_dataset",
                    "uniqueAttributes": {
                        "qualifiedName": "cc1--kaf1--kaf1-hr--change-event"
                    }
                }
            ]
        },
        "guid": "eaceff70-4c3b-4ccc-b38c-912ed76963af",
        "isIncomplete": false,
        "provenanceType": 0,
        "status": "ACTIVE",
        "createdBy": "admin",
        "updatedBy": "admin",
        "createTime": 1656522102741,
        "updateTime": 1663929263859,
        "version": 0,
        "relationshipAttributes": {
            "ArchiMateReference": [],
            "systems": [
                {
                    "guid": "0f44af6d-ced0-4c45-b959-983f5c8d7327",
                    "typeName": "m4i_system",
                    "entityStatus": "ACTIVE",
                    "displayText": "kaf1-hr",
                    "relationshipType": "m4i_collection_assignment",
                    "relationshipGuid": "93de4d56-8153-43f3-ae42-549b5d888157",
                    "relationshipStatus": "ACTIVE",
                    "relationshipAttributes": {
                        "typeName": "m4i_collection_assignment"
                    }
                }
            ],
            "datasets": [
                {
                    "guid": "d23a7a85-7666-4726-b1c1-ab85df2f1312",
                    "typeName": "m4i_dataset",
                    "entityStatus": "ACTIVE",
                    "displayText": "hourly",
                    "relationshipType": "m4i_dataset_assignment",
                    "relationshipGuid": "9237cc0d-d4bb-454e-837d-ceaab2ece19f",
                    "relationshipStatus": "ACTIVE",
                    "relationshipAttributes": {
                        "typeName": "m4i_dataset_assignment"
                    }
                },
                {
                    "guid": "c2ee75ac-b623-44cf-a43c-be03e194b5bd",
                    "typeName": "m4i_dataset",
                    "entityStatus": "ACTIVE",
                    "displayText": "change-event",
                    "relationshipType": "m4i_dataset_assignment",
                    "relationshipGuid": "b3731639-1ca9-4fcd-a63f-d12867e65827",
                    "relationshipStatus": "ACTIVE",
                    "relationshipAttributes": {
                        "typeName": "m4i_dataset_assignment"
                    }
                }
            ],
            "source": [],
            "meanings": []
        },
        "classifications": [
            {
                "typeName": "PII",
                "entityGuid": "444c163e-b201-47bd-9b3a-9c1c9d33a4bb",
                "entityStatus": "ACTIVE",
                "propagate": true,
                "validityPeriods": [],
                "removePropagationsOnEntityDelete": true
            },
            {
                "typeName": "PII",
                "entityGuid": "c93b1aab-8378-4041-a3d3-65f913eb2d06",
                "entityStatus": "ACTIVE",
                "propagate": true,
                "validityPeriods": [],
                "removePropagationsOnEntityDelete": true
            }
        ],
        "labels": [],
        "proxy": false
    }
}