{
    "referredEntities": {},
    "entity": {
        "typeName": "m4i_field",
        "attributes": {
            "archimateReference": [],
            "replicatedTo": null,
            "replicatedFrom": null,
            "hasContent": null,
            "steward": [],
            "qualifiedName": "nl2--nl2proc--nl2proc001--namecontact",
            "source": [],
            "datasets": [
                {
                    "guid": "04d4f33f-fd0d-46bc-8336-85f25f2916b2",
                    "typeName": "m4i_dataset",
                    "uniqueAttributes": {
                        "qualifiedName": "nl2--nl2proc--nl2proc001"
                    }
                }
            ],
            "parentField": [],
            "optionalField": null,
            "name": "NameContact",
            "definition": null,
            "attributes": [
                {
                    "guid": "e4c88df0-f2bd-4cb1-aad7-b24a3cee2021",
                    "typeName": "m4i_data_attribute",
                    "uniqueAttributes": {
                        "qualifiedName": "procurement--company-contacts--contact-person-name"
                    }
                }
            ],
            "fieldType": "Text",
            "childField": []
        },
        "guid": "eccab04e-b2df-4622-9929-24ede4475704",
        "isIncomplete": false,
        "provenanceType": 0,
        "status": "ACTIVE",
        "createdBy": "admin",
        "updatedBy": "admin",
        "createTime": 1656522073615,
        "updateTime": 1663927932384,
        "version": 0,
        "relationshipAttributes": {
            "ArchiMateReference": [],
            "dataQuality": [],
            "attributes": [
                {
                    "guid": "e4c88df0-f2bd-4cb1-aad7-b24a3cee2021",
                    "typeName": "m4i_data_attribute",
                    "entityStatus": "ACTIVE",
                    "displayText": "Contact person name",
                    "relationshipType": "m4i_data_attribute_field_assignment",
                    "relationshipGuid": "415a66a0-31be-4b42-9325-499c156eae07",
                    "relationshipStatus": "ACTIVE",
                    "relationshipAttributes": {
                        "typeName": "m4i_data_attribute_field_assignment"
                    }
                }
            ],
            "datasets": [
                {
                    "guid": "04d4f33f-fd0d-46bc-8336-85f25f2916b2",
                    "typeName": "m4i_dataset",
                    "entityStatus": "ACTIVE",
                    "displayText": "NL2-PROC-001",
                    "relationshipType": "m4i_field_assignment",
                    "relationshipGuid": "c7e63c1d-37bf-40db-91be-180661e8d6f1",
                    "relationshipStatus": "ACTIVE",
                    "relationshipAttributes": {
                        "typeName": "m4i_field_assignment",
                        "attributes": {
                            "typeInformation": null
                        }
                    }
                }
            ],
            "source": [
                {
                    "guid": "2bee6dca-fea0-478b-824e-d97365d18bbe",
                    "typeName": "m4i_source",
                    "entityStatus": "ACTIVE",
                    "displayText": "/hr/hr/Data Dictionary_template.xlsm",
                    "relationshipType": "m4i_referenceable_source_assignment",
                    "relationshipGuid": "f2253653-e38a-4a4f-9ae0-dec904e9efb3",
                    "relationshipStatus": "ACTIVE",
                    "relationshipAttributes": {
                        "typeName": "m4i_referenceable_source_assignment"
                    }
                }
            ],
            "parentField": [],
            "meanings": [],
            "childField": []
        },
        "classifications": [
            {
                "typeName": "PII",
                "entityGuid": "e4c88df0-f2bd-4cb1-aad7-b24a3cee2021",
                "entityStatus": "ACTIVE",
                "propagate": true,
                "validityPeriods": [],
                "removePropagationsOnEntityDelete": true
            },
            {
                "typeName": "medium_risk",
                "entityGuid": "e4c88df0-f2bd-4cb1-aad7-b24a3cee2021",
                "entityStatus": "ACTIVE",
                "propagate": true,
                "validityPeriods": [],
                "removePropagationsOnEntityDelete": true
            },
            {
                "typeName": "key_data",
                "entityGuid": "e4c88df0-f2bd-4cb1-aad7-b24a3cee2021",
                "entityStatus": "ACTIVE",
                "propagate": true,
                "validityPeriods": [],
                "removePropagationsOnEntityDelete": true
            }
        ],
        "labels": [],
        "proxy": false
    }
}