{
    "referredEntities": {},
    "entity": {
        "typeName": "m4i_field",
        "attributes": {
            "archimateReference": [],
            "replicatedTo": null,
            "replicatedFrom": null,
            "hasContent": null,
            "steward": [],
            "qualifiedName": "nl1--nl1hr--nl1hr001--fullname",
            "source": [],
            "datasets": [
                {
                    "guid": "c5975c9c-c0ad-46e7-bfb8-a8946980041d",
                    "typeName": "m4i_dataset",
                    "uniqueAttributes": {
                        "qualifiedName": "nl1--nl1hr--nl1hr001"
                    }
                }
            ],
            "parentField": [],
            "optionalField": null,
            "name": "FULLNAME",
            "definition": null,
            "attributes": [
                {
                    "guid": "c93b1aab-8378-4041-a3d3-65f913eb2d06",
                    "typeName": "m4i_data_attribute",
                    "uniqueAttributes": {
                        "qualifiedName": "personnel-and-organization--personnel--external--fullname"
                    }
                },
                {
                    "guid": "444c163e-b201-47bd-9b3a-9c1c9d33a4bb",
                    "typeName": "m4i_data_attribute",
                    "uniqueAttributes": {
                        "qualifiedName": "personnel-and-organization--personnel--internal--fullname"
                    }
                }
            ],
            "fieldType": "Text",
            "childField": []
        },
        "guid": "ef2574a8-ac41-4f14-ba4a-a29974117b60",
        "isIncomplete": false,
        "provenanceType": 0,
        "status": "ACTIVE",
        "createdBy": "admin",
        "updatedBy": "admin",
        "createTime": 1656521972839,
        "updateTime": 1663927932384,
        "version": 0,
        "relationshipAttributes": {
            "ArchiMateReference": [],
            "dataQuality": [
                {
                    "guid": "be5072dd-10ad-43e5-b904-5bddb12244c6",
                    "typeName": "m4i_data_quality",
                    "entityStatus": "ACTIVE",
                    "displayText": "nl1--nl1hr--nl1hr001--fullname--22",
                    "relationshipType": "m4i_data_quality_field_assignment",
                    "relationshipGuid": "58dbba12-d666-4a52-b3b2-e32d50a5e5ef",
                    "relationshipStatus": "ACTIVE",
                    "relationshipAttributes": {
                        "typeName": "m4i_data_quality_field_assignment"
                    }
                },
                {
                    "guid": "5e4bce72-89e5-47f9-b498-cf1d53036522",
                    "typeName": "m4i_data_quality",
                    "entityStatus": "ACTIVE",
                    "displayText": "nl1--nl1hr--nl1hr001--fullname--20",
                    "relationshipType": "m4i_data_quality_field_assignment",
                    "relationshipGuid": "71a73929-1d8f-4f0c-87c3-c51f23c51b01",
                    "relationshipStatus": "ACTIVE",
                    "relationshipAttributes": {
                        "typeName": "m4i_data_quality_field_assignment"
                    }
                },
                {
                    "guid": "1de6e6c1-d94b-4ae5-b89e-1974573031b3",
                    "typeName": "m4i_data_quality",
                    "entityStatus": "ACTIVE",
                    "displayText": "nl1--nl1hr--nl1hr001--fullname--33",
                    "relationshipType": "m4i_data_quality_field_assignment",
                    "relationshipGuid": "f15688f6-89cc-4074-ab87-439b6defdefd",
                    "relationshipStatus": "ACTIVE",
                    "relationshipAttributes": {
                        "typeName": "m4i_data_quality_field_assignment"
                    }
                },
                {
                    "guid": "74636bfa-0767-4cf8-a84c-782f5a83d5c3",
                    "typeName": "m4i_data_quality",
                    "entityStatus": "ACTIVE",
                    "displayText": "nl1--nl1hr--nl1hr001--fullname--21",
                    "relationshipType": "m4i_data_quality_field_assignment",
                    "relationshipGuid": "a59f81c8-e605-4303-a05f-e2024bb23689",
                    "relationshipStatus": "ACTIVE",
                    "relationshipAttributes": {
                        "typeName": "m4i_data_quality_field_assignment"
                    }
                },
                {
                    "guid": "0ecddab9-c11d-41e8-a173-4c41db372035",
                    "typeName": "m4i_data_quality",
                    "entityStatus": "ACTIVE",
                    "displayText": "nl1--nl1hr--nl1hr001--fullname--19",
                    "relationshipType": "m4i_data_quality_field_assignment",
                    "relationshipGuid": "c41d30ce-5337-4b6b-95de-35b9e758be00",
                    "relationshipStatus": "ACTIVE",
                    "relationshipAttributes": {
                        "typeName": "m4i_data_quality_field_assignment"
                    }
                }
            ],
            "attributes": [
                {
                    "guid": "c93b1aab-8378-4041-a3d3-65f913eb2d06",
                    "typeName": "m4i_data_attribute",
                    "entityStatus": "ACTIVE",
                    "displayText": "Fullname",
                    "relationshipType": "m4i_data_attribute_field_assignment",
                    "relationshipGuid": "418d298a-0618-4ae8-8426-c1446be0fe2b",
                    "relationshipStatus": "ACTIVE",
                    "relationshipAttributes": {
                        "typeName": "m4i_data_attribute_field_assignment"
                    }
                },
                {
                    "guid": "444c163e-b201-47bd-9b3a-9c1c9d33a4bb",
                    "typeName": "m4i_data_attribute",
                    "entityStatus": "ACTIVE",
                    "displayText": "Fullname",
                    "relationshipType": "m4i_data_attribute_field_assignment",
                    "relationshipGuid": "5d4324bf-b521-442e-adb3-fd01f0ab33cf",
                    "relationshipStatus": "ACTIVE",
                    "relationshipAttributes": {
                        "typeName": "m4i_data_attribute_field_assignment"
                    }
                }
            ],
            "datasets": [
                {
                    "guid": "c5975c9c-c0ad-46e7-bfb8-a8946980041d",
                    "typeName": "m4i_dataset",
                    "entityStatus": "ACTIVE",
                    "displayText": "NL1-HR-001",
                    "relationshipType": "m4i_field_assignment",
                    "relationshipGuid": "4f4fe4d4-536b-44eb-853f-d91058bd9e1c",
                    "relationshipStatus": "ACTIVE",
                    "relationshipAttributes": {
                        "typeName": "m4i_field_assignment",
                        "attributes": {
                            "typeInformation": null
                        }
                    }
                }
            ],
            "source": [
                {
                    "guid": "2bee6dca-fea0-478b-824e-d97365d18bbe",
                    "typeName": "m4i_source",
                    "entityStatus": "ACTIVE",
                    "displayText": "/hr/hr/Data Dictionary_template.xlsm",
                    "relationshipType": "m4i_referenceable_source_assignment",
                    "relationshipGuid": "b0d95c7c-3cc6-49a2-b977-facf99c2eaa3",
                    "relationshipStatus": "ACTIVE",
                    "relationshipAttributes": {
                        "typeName": "m4i_referenceable_source_assignment"
                    }
                }
            ],
            "parentField": [],
            "meanings": [],
            "childField": []
        },
        "classifications": [
            {
                "typeName": "high_risk",
                "entityGuid": "c93b1aab-8378-4041-a3d3-65f913eb2d06",
                "entityStatus": "ACTIVE",
                "propagate": true,
                "validityPeriods": [],
                "removePropagationsOnEntityDelete": true
            },
            {
                "typeName": "key_data",
                "entityGuid": "c93b1aab-8378-4041-a3d3-65f913eb2d06",
                "entityStatus": "ACTIVE",
                "propagate": true,
                "validityPeriods": [],
                "removePropagationsOnEntityDelete": true
            },
            {
                "typeName": "key_data",
                "entityGuid": "444c163e-b201-47bd-9b3a-9c1c9d33a4bb",
                "entityStatus": "ACTIVE",
                "propagate": true,
                "validityPeriods": [],
                "removePropagationsOnEntityDelete": true
            },
            {
                "typeName": "PII",
                "entityGuid": "444c163e-b201-47bd-9b3a-9c1c9d33a4bb",
                "entityStatus": "ACTIVE",
                "propagate": true,
                "validityPeriods": [],
                "removePropagationsOnEntityDelete": true
            },
            {
                "typeName": "high_risk",
                "entityGuid": "444c163e-b201-47bd-9b3a-9c1c9d33a4bb",
                "entityStatus": "ACTIVE",
                "propagate": true,
                "validityPeriods": [],
                "removePropagationsOnEntityDelete": true
            },
            {
                "typeName": "PII",
                "entityGuid": "c93b1aab-8378-4041-a3d3-65f913eb2d06",
                "entityStatus": "ACTIVE",
                "propagate": true,
                "validityPeriods": [],
                "removePropagationsOnEntityDelete": true
            }
        ],
        "labels": [],
        "proxy": false
    }
}