{
    "referredEntities": {},
    "entity": {
        "typeName": "m4i_field",
        "attributes": {
            "archimateReference": [],
            "replicatedTo": null,
            "replicatedFrom": null,
            "hasContent": null,
            "steward": [],
            "qualifiedName": "nl3--nl3plant--nl3plant002--assetcategory",
            "source": [],
            "datasets": [
                {
                    "guid": "4086f053-a8c9-4382-af9e-e4e08effd3c9",
                    "typeName": "m4i_dataset",
                    "uniqueAttributes": {
                        "qualifiedName": "nl3--nl3plant--nl3plant002"
                    }
                }
            ],
            "parentField": [],
            "optionalField": null,
            "name": "AssetCategory",
            "definition": null,
            "attributes": [
                {
                    "guid": "16f0ae8c-b95f-44c7-b7a0-e961e378b596",
                    "typeName": "m4i_data_attribute",
                    "uniqueAttributes": {
                        "qualifiedName": "plant-data--downtime-events--assetcategory"
                    }
                }
            ],
            "fieldType": "Text",
            "childField": []
        },
        "guid": "ef3c5d0e-6d97-4045-bf42-7393d2cc8ef7",
        "isIncomplete": false,
        "provenanceType": 0,
        "status": "ACTIVE",
        "createdBy": "admin",
        "updatedBy": "admin",
        "createTime": 1656522073615,
        "updateTime": 1663927932384,
        "version": 0,
        "relationshipAttributes": {
            "ArchiMateReference": [],
            "dataQuality": [],
            "attributes": [
                {
                    "guid": "16f0ae8c-b95f-44c7-b7a0-e961e378b596",
                    "typeName": "m4i_data_attribute",
                    "entityStatus": "ACTIVE",
                    "displayText": "AssetCategory",
                    "relationshipType": "m4i_data_attribute_field_assignment",
                    "relationshipGuid": "71bb8cf4-038d-421d-9a61-37d96a826352",
                    "relationshipStatus": "ACTIVE",
                    "relationshipAttributes": {
                        "typeName": "m4i_data_attribute_field_assignment"
                    }
                }
            ],
            "datasets": [
                {
                    "guid": "4086f053-a8c9-4382-af9e-e4e08effd3c9",
                    "typeName": "m4i_dataset",
                    "entityStatus": "ACTIVE",
                    "displayText": "NL3-PLANT-002",
                    "relationshipType": "m4i_field_assignment",
                    "relationshipGuid": "892ab83d-2209-47cc-a63e-a5bb701a076b",
                    "relationshipStatus": "ACTIVE",
                    "relationshipAttributes": {
                        "typeName": "m4i_field_assignment",
                        "attributes": {
                            "typeInformation": null
                        }
                    }
                }
            ],
            "source": [
                {
                    "guid": "2bee6dca-fea0-478b-824e-d97365d18bbe",
                    "typeName": "m4i_source",
                    "entityStatus": "ACTIVE",
                    "displayText": "/hr/hr/Data Dictionary_template.xlsm",
                    "relationshipType": "m4i_referenceable_source_assignment",
                    "relationshipGuid": "0d24c807-3e01-42b9-b8b3-e9bb401d7100",
                    "relationshipStatus": "ACTIVE",
                    "relationshipAttributes": {
                        "typeName": "m4i_referenceable_source_assignment"
                    }
                }
            ],
            "parentField": [],
            "meanings": [],
            "childField": []
        },
        "classifications": [
            {
                "typeName": "low_risk",
                "entityGuid": "16f0ae8c-b95f-44c7-b7a0-e961e378b596",
                "entityStatus": "ACTIVE",
                "propagate": true,
                "validityPeriods": [],
                "removePropagationsOnEntityDelete": true
            }
        ],
        "labels": [],
        "proxy": false
    }
}