{
    "referredEntities": {},
    "entity": {
        "typeName": "m4i_gov_data_quality",
        "attributes": {
            "owner": null,
            "archimateReference": [],
            "expression": "conditional_value('target_relationship_type', 'source_typename', {'m4i_dataset_assignment':'m4i_collection'})",
            "replicatedTo": null,
            "userDescription": null,
            "replicatedFrom": null,
            "qualifiedName": "m4i_collection--datasets--source",
            "displayName": null,
            "description": null,
            "active": true,
            "source": [],
            "ruleDescription": "datasets source relation type is m4i_collection",
            "nonCompliantMessage": "This entity is missing a source relationship type as m4i_collection",
            "ruleType": "relationship",
            "name": "m4i_collection--datasets--source",
            "compliantMessage": "This entity has a source relationship type as m4i_collection",
            "id": 6,
            "qualityDimension": "completeness",
            "expressionVersion": "1"
        },
        "guid": "f04a73b3-4fa7-4f83-869d-f3f55c93462f",
        "isIncomplete": false,
        "provenanceType": 0,
        "status": "ACTIVE",
        "createdBy": "admin",
        "updatedBy": "admin",
        "createTime": 1656522427794,
        "updateTime": 1663931063480,
        "version": 0,
        "relationshipAttributes": {
            "inputToProcesses": [],
            "pipeline": null,
            "schema": [],
            "ArchiMateReference": [],
            "model": null,
            "source": [],
            "meanings": [],
            "outputFromProcesses": []
        },
        "labels": [],
        "proxy": false
    }
}