{
    "referredEntities": {},
    "entity": {
        "typeName": "m4i_data_quality",
        "attributes": {
            "owner": null,
            "archimateReference": [],
            "expression": "Formatting('scheduleddowntime', R'^[0-9]+$')",
            "replicatedTo": null,
            "userDescription": null,
            "replicatedFrom": null,
            "qualifiedName": "nl3--nl3plant--nl3plant001--scheduleddowntime--6",
            "displayName": null,
            "description": null,
            "active": true,
            "source": [],
            "businessRuleDescription": "",
            "ruleDescription": "This field must be numeric",
            "name": "nl3--nl3plant--nl3plant001--scheduleddowntime--6",
            "filterRequired": true,
            "id": 6,
            "qualityDimension": "Accuracy",
            "expressionVersion": "",
            "fields": [
                {
                    "guid": "7b60625f-8f3c-430b-abca-57cc71537615",
                    "typeName": "m4i_field",
                    "uniqueAttributes": {
                        "qualifiedName": "nl3--nl3plant--nl3plant001--scheduleddowntime"
                    }
                }
            ]
        },
        "guid": "f059fb93-704d-4371-bd4d-b542830a4c14",
        "isIncomplete": false,
        "status": "ACTIVE",
        "createdBy": "admin",
        "updatedBy": "admin",
        "createTime": 1666701543730,
        "updateTime": 1666701543730,
        "version": 0,
        "relationshipAttributes": {
            "inputToProcesses": [],
            "pipeline": null,
            "schema": [],
            "ArchiMateReference": [],
            "model": null,
            "source": [
                {
                    "guid": "76c08811-3d6f-4c96-8716-d1c2eea338ca",
                    "typeName": "m4i_source",
                    "entityStatus": "ACTIVE",
                    "displayText": "Plant",
                    "relationshipType": "m4i_referenceable_source_assignment",
                    "relationshipGuid": "48374a0b-e193-4436-9985-5a293e214db2",
                    "relationshipStatus": "ACTIVE",
                    "relationshipAttributes": {
                        "typeName": "m4i_referenceable_source_assignment"
                    }
                }
            ],
            "fields": [
                {
                    "guid": "7b60625f-8f3c-430b-abca-57cc71537615",
                    "typeName": "m4i_field",
                    "entityStatus": "ACTIVE",
                    "displayText": "ScheduledDownTime",
                    "relationshipType": "m4i_data_quality_field_assignment",
                    "relationshipGuid": "0850ad48-b7f9-498d-af96-c9d53f7a6a01",
                    "relationshipStatus": "ACTIVE",
                    "relationshipAttributes": {
                        "typeName": "m4i_data_quality_field_assignment"
                    }
                }
            ],
            "meanings": [],
            "outputFromProcesses": []
        },
        "labels": []
    }
}