{
    "referredEntities": {},
    "entity": {
        "typeName": "m4i_field",
        "attributes": {
            "archimateReference": [],
            "replicatedTo": null,
            "replicatedFrom": null,
            "hasContent": null,
            "steward": [],
            "qualifiedName": "nl2--nl2proc--nl2proc001--parentregno",
            "source": [],
            "datasets": [
                {
                    "guid": "04d4f33f-fd0d-46bc-8336-85f25f2916b2",
                    "typeName": "m4i_dataset",
                    "uniqueAttributes": {
                        "qualifiedName": "nl2--nl2proc--nl2proc001"
                    }
                }
            ],
            "parentField": [],
            "optionalField": null,
            "name": "ParentRegNo",
            "definition": null,
            "attributes": [
                {
                    "guid": "0b915e7a-6b54-401a-8e2c-3590719e32ea",
                    "typeName": "m4i_data_attribute",
                    "uniqueAttributes": {
                        "qualifiedName": "procurement--company-information--parent-company-registration-number"
                    }
                }
            ],
            "fieldType": "Text",
            "childField": []
        },
        "guid": "f14be9c6-157e-4042-bc29-5e7fd34ca1c9",
        "isIncomplete": false,
        "provenanceType": 0,
        "status": "ACTIVE",
        "createdBy": "admin",
        "updatedBy": "admin",
        "createTime": 1656522073615,
        "updateTime": 1663927932384,
        "version": 0,
        "relationshipAttributes": {
            "ArchiMateReference": [],
            "dataQuality": [],
            "attributes": [
                {
                    "guid": "0b915e7a-6b54-401a-8e2c-3590719e32ea",
                    "typeName": "m4i_data_attribute",
                    "entityStatus": "ACTIVE",
                    "displayText": "Parent company registration number",
                    "relationshipType": "m4i_data_attribute_field_assignment",
                    "relationshipGuid": "54611a31-552f-4220-a914-208cc83ae604",
                    "relationshipStatus": "ACTIVE",
                    "relationshipAttributes": {
                        "typeName": "m4i_data_attribute_field_assignment"
                    }
                }
            ],
            "datasets": [
                {
                    "guid": "04d4f33f-fd0d-46bc-8336-85f25f2916b2",
                    "typeName": "m4i_dataset",
                    "entityStatus": "ACTIVE",
                    "displayText": "NL2-PROC-001",
                    "relationshipType": "m4i_field_assignment",
                    "relationshipGuid": "dc571141-24f8-467e-89e6-eeef0e515f41",
                    "relationshipStatus": "ACTIVE",
                    "relationshipAttributes": {
                        "typeName": "m4i_field_assignment",
                        "attributes": {
                            "typeInformation": null
                        }
                    }
                }
            ],
            "source": [
                {
                    "guid": "2bee6dca-fea0-478b-824e-d97365d18bbe",
                    "typeName": "m4i_source",
                    "entityStatus": "ACTIVE",
                    "displayText": "/hr/hr/Data Dictionary_template.xlsm",
                    "relationshipType": "m4i_referenceable_source_assignment",
                    "relationshipGuid": "4aa3ac43-12d9-4096-b619-dec496e1c198",
                    "relationshipStatus": "ACTIVE",
                    "relationshipAttributes": {
                        "typeName": "m4i_referenceable_source_assignment"
                    }
                }
            ],
            "parentField": [],
            "meanings": [],
            "childField": []
        },
        "classifications": [
            {
                "typeName": "low_risk",
                "entityGuid": "0b915e7a-6b54-401a-8e2c-3590719e32ea",
                "entityStatus": "ACTIVE",
                "propagate": true,
                "validityPeriods": [],
                "removePropagationsOnEntityDelete": true
            },
            {
                "typeName": "key_data",
                "entityGuid": "0b915e7a-6b54-401a-8e2c-3590719e32ea",
                "entityStatus": "ACTIVE",
                "propagate": true,
                "validityPeriods": [],
                "removePropagationsOnEntityDelete": true
            }
        ],
        "labels": [],
        "proxy": false
    }
}