{
    "referredEntities": {},
    "entity": {
        "typeName": "m4i_field",
        "attributes": {
            "archimateReference": [],
            "replicatedTo": null,
            "replicatedFrom": null,
            "hasContent": null,
            "steward": [],
            "qualifiedName": "nl2--nl2proc--nl2proc001--mailcontact",
            "source": [],
            "datasets": [
                {
                    "guid": "04d4f33f-fd0d-46bc-8336-85f25f2916b2",
                    "typeName": "m4i_dataset",
                    "uniqueAttributes": {
                        "qualifiedName": "nl2--nl2proc--nl2proc001"
                    }
                }
            ],
            "parentField": [],
            "optionalField": null,
            "name": "MailContact",
            "definition": null,
            "attributes": [
                {
                    "guid": "653c17da-e3b1-48ce-a698-52d76986a6ea",
                    "typeName": "m4i_data_attribute",
                    "uniqueAttributes": {
                        "qualifiedName": "procurement--company-contacts--contact-person-mail-address"
                    }
                }
            ],
            "fieldType": "Text",
            "childField": []
        },
        "guid": "f4565f89-2e4c-4b4d-a4e7-121189152ead",
        "isIncomplete": false,
        "provenanceType": 0,
        "status": "ACTIVE",
        "createdBy": "admin",
        "updatedBy": "admin",
        "createTime": 1656522073615,
        "updateTime": 1663927932384,
        "version": 0,
        "relationshipAttributes": {
            "ArchiMateReference": [],
            "dataQuality": [],
            "attributes": [
                {
                    "guid": "653c17da-e3b1-48ce-a698-52d76986a6ea",
                    "typeName": "m4i_data_attribute",
                    "entityStatus": "ACTIVE",
                    "displayText": "Contact person mail address",
                    "relationshipType": "m4i_data_attribute_field_assignment",
                    "relationshipGuid": "75312881-5220-4f59-a3f2-3fe3d99839ac",
                    "relationshipStatus": "ACTIVE",
                    "relationshipAttributes": {
                        "typeName": "m4i_data_attribute_field_assignment"
                    }
                }
            ],
            "datasets": [
                {
                    "guid": "04d4f33f-fd0d-46bc-8336-85f25f2916b2",
                    "typeName": "m4i_dataset",
                    "entityStatus": "ACTIVE",
                    "displayText": "NL2-PROC-001",
                    "relationshipType": "m4i_field_assignment",
                    "relationshipGuid": "2a43805a-2411-4e91-aa80-f2c1414cd796",
                    "relationshipStatus": "ACTIVE",
                    "relationshipAttributes": {
                        "typeName": "m4i_field_assignment",
                        "attributes": {
                            "typeInformation": null
                        }
                    }
                }
            ],
            "source": [
                {
                    "guid": "2bee6dca-fea0-478b-824e-d97365d18bbe",
                    "typeName": "m4i_source",
                    "entityStatus": "ACTIVE",
                    "displayText": "/hr/hr/Data Dictionary_template.xlsm",
                    "relationshipType": "m4i_referenceable_source_assignment",
                    "relationshipGuid": "75978f11-b2a7-4e91-8045-ee547c019a93",
                    "relationshipStatus": "ACTIVE",
                    "relationshipAttributes": {
                        "typeName": "m4i_referenceable_source_assignment"
                    }
                }
            ],
            "parentField": [],
            "meanings": [],
            "childField": []
        },
        "classifications": [
            {
                "typeName": "medium_risk",
                "entityGuid": "653c17da-e3b1-48ce-a698-52d76986a6ea",
                "entityStatus": "ACTIVE",
                "propagate": true,
                "validityPeriods": [],
                "removePropagationsOnEntityDelete": true
            },
            {
                "typeName": "key_data",
                "entityGuid": "653c17da-e3b1-48ce-a698-52d76986a6ea",
                "entityStatus": "ACTIVE",
                "propagate": true,
                "validityPeriods": [],
                "removePropagationsOnEntityDelete": true
            },
            {
                "typeName": "PII",
                "entityGuid": "653c17da-e3b1-48ce-a698-52d76986a6ea",
                "entityStatus": "ACTIVE",
                "propagate": true,
                "validityPeriods": [],
                "removePropagationsOnEntityDelete": true
            }
        ],
        "labels": [],
        "proxy": false
    }
}