{
    "referredEntities": {},
    "entity": {
        "typeName": "m4i_data_attribute",
        "attributes": {
            "archimateReference": [],
            "replicatedTo": null,
            "replicatedFrom": null,
            "steward": [
                {
                    "guid": "265dad2b-2fc0-44c3-a828-06476d5f1e38",
                    "typeName": "m4i_person",
                    "uniqueAttributes": {
                        "qualifiedName": "iris.jacobs@email.com",
                        "email": "iris.jacobs@email.com"
                    }
                }
            ],
            "qualifiedName": "plant-data--hourly-data--workcentername",
            "dataEntity": [
                {
                    "guid": "19736d3b-e7c6-4f95-8ce6-a6f215eff467",
                    "typeName": "m4i_data_entity",
                    "uniqueAttributes": {
                        "qualifiedName": "plant-data--hourly-data"
                    }
                }
            ],
            "source": [],
            "isKeyData": "Internal",
            "hasPII": null,
            "attributeType": "Text",
            "name": "WorkCenterName",
            "definition": "This attribute yields the name of the relevant work center",
            "riskClassification": "Low",
            "fields": [
                {
                    "guid": "0ad6b5f2-ce04-4f68-9c5b-cd607f94398a",
                    "typeName": "m4i_field",
                    "uniqueAttributes": {
                        "qualifiedName": "cc1--kaf1--kaf1-hr--hourly--cc1--kaf1--kaf1-hr--hourly--workcentername"
                    }
                },
                {
                    "guid": "3da200f4-db31-45be-8313-0c407af9045c",
                    "typeName": "m4i_field",
                    "uniqueAttributes": {
                        "qualifiedName": "nl3--nl3plant--nl3plant001--workcentername"
                    }
                },
                {
                    "guid": "e6041090-b670-4c62-82e0-7460f3bb2ced",
                    "typeName": "m4i_field",
                    "uniqueAttributes": {
                        "qualifiedName": "elas1--hourly--workcentername"
                    }
                }
            ],
            "businessOwner": [
                {
                    "guid": "dc408458-fd6d-4080-a324-9900585d1146",
                    "typeName": "m4i_person",
                    "uniqueAttributes": {
                        "qualifiedName": "jane.martens@email.com",
                        "email": "jane.martens@email.com"
                    }
                }
            ]
        },
        "guid": "f4956b8f-3c7f-4d4b-a99d-10b9a32a42e0",
        "isIncomplete": false,
        "provenanceType": 0,
        "status": "ACTIVE",
        "createdBy": "admin",
        "updatedBy": "admin",
        "createTime": 1656521955001,
        "updateTime": 1663931063480,
        "version": 0,
        "relationshipAttributes": {
            "ArchiMateReference": [],
            "steward": [
                {
                    "guid": "265dad2b-2fc0-44c3-a828-06476d5f1e38",
                    "typeName": "m4i_person",
                    "entityStatus": "ACTIVE",
                    "displayText": "Iris Jacobs",
                    "relationshipType": "m4i_data_attribute_steward_assignment",
                    "relationshipGuid": "fd877034-24bc-4e37-a882-5a3cca80fe89",
                    "relationshipStatus": "ACTIVE",
                    "relationshipAttributes": {
                        "typeName": "m4i_data_attribute_steward_assignment"
                    }
                }
            ],
            "dataEntity": [
                {
                    "guid": "19736d3b-e7c6-4f95-8ce6-a6f215eff467",
                    "typeName": "m4i_data_entity",
                    "entityStatus": "ACTIVE",
                    "displayText": "hourly data",
                    "relationshipType": "m4i_data_entity_attribute_assignment",
                    "relationshipGuid": "eb7de0b9-a748-438c-86b8-0ac27e105def",
                    "relationshipStatus": "ACTIVE",
                    "relationshipAttributes": {
                        "typeName": "m4i_data_entity_attribute_assignment"
                    }
                }
            ],
            "source": [
                {
                    "guid": "2bee6dca-fea0-478b-824e-d97365d18bbe",
                    "typeName": "m4i_source",
                    "entityStatus": "ACTIVE",
                    "displayText": "/hr/hr/Data Dictionary_template.xlsm",
                    "relationshipType": "m4i_referenceable_source_assignment",
                    "relationshipGuid": "55ac3285-d5fa-46b7-82e7-1f03203a100a",
                    "relationshipStatus": "ACTIVE",
                    "relationshipAttributes": {
                        "typeName": "m4i_referenceable_source_assignment"
                    }
                }
            ],
            "fields": [
                {
                    "guid": "0ad6b5f2-ce04-4f68-9c5b-cd607f94398a",
                    "typeName": "m4i_field",
                    "entityStatus": "ACTIVE",
                    "displayText": "cc1--kaf1--kaf1-hr--hourly--workcentername",
                    "relationshipType": "m4i_data_attribute_field_assignment",
                    "relationshipGuid": "f48f6099-4a62-4016-9892-a75913ba6a5f",
                    "relationshipStatus": "ACTIVE",
                    "relationshipAttributes": {
                        "typeName": "m4i_data_attribute_field_assignment"
                    }
                },
                {
                    "guid": "3da200f4-db31-45be-8313-0c407af9045c",
                    "typeName": "m4i_field",
                    "entityStatus": "ACTIVE",
                    "displayText": "WorkCenterName",
                    "relationshipType": "m4i_data_attribute_field_assignment",
                    "relationshipGuid": "3663ab52-5c1c-4654-8ea4-410ad854ceff",
                    "relationshipStatus": "ACTIVE",
                    "relationshipAttributes": {
                        "typeName": "m4i_data_attribute_field_assignment"
                    }
                },
                {
                    "guid": "e6041090-b670-4c62-82e0-7460f3bb2ced",
                    "typeName": "m4i_field",
                    "entityStatus": "ACTIVE",
                    "displayText": "workcentername",
                    "relationshipType": "m4i_data_attribute_field_assignment",
                    "relationshipGuid": "970a4069-7cc0-4f0e-b0a2-d1ea655ece16",
                    "relationshipStatus": "ACTIVE",
                    "relationshipAttributes": {
                        "typeName": "m4i_data_attribute_field_assignment"
                    }
                }
            ],
            "businessOwner": [
                {
                    "guid": "dc408458-fd6d-4080-a324-9900585d1146",
                    "typeName": "m4i_person",
                    "entityStatus": "ACTIVE",
                    "displayText": "Jane Martens",
                    "relationshipType": "m4i_data_attribute_business_owner_assignment",
                    "relationshipGuid": "67775d4b-8c87-43e4-a88f-c7743eacf3c4",
                    "relationshipStatus": "ACTIVE",
                    "relationshipAttributes": {
                        "typeName": "m4i_data_attribute_business_owner_assignment"
                    }
                }
            ],
            "meanings": []
        },
        "classifications": [
            {
                "typeName": "low_risk",
                "entityGuid": "f4956b8f-3c7f-4d4b-a99d-10b9a32a42e0",
                "entityStatus": "ACTIVE",
                "propagate": true,
                "validityPeriods": [],
                "removePropagationsOnEntityDelete": true
            }
        ],
        "labels": [],
        "proxy": false
    }
}