{
    "referredEntities": {},
    "entity": {
        "typeName": "m4i_data_attribute",
        "attributes": {
            "archimateReference": [],
            "replicatedTo": null,
            "replicatedFrom": null,
            "steward": [
                {
                    "guid": "265dad2b-2fc0-44c3-a828-06476d5f1e38",
                    "typeName": "m4i_person",
                    "uniqueAttributes": {
                        "qualifiedName": "iris.jacobs@email.com",
                        "email": "iris.jacobs@email.com"
                    }
                }
            ],
            "qualifiedName": "plant-data--downtime-events--shiftid",
            "dataEntity": [
                {
                    "guid": "fd88a9c5-9393-4843-85db-7881c68d9134",
                    "typeName": "m4i_data_entity",
                    "uniqueAttributes": {
                        "qualifiedName": "plant-data--downtime-events"
                    }
                }
            ],
            "source": [],
            "isKeyData": "No",
            "hasPII": null,
            "attributeType": "Numeric",
            "name": "ShiftId",
            "definition": "This attribute yields the Id of the relevant shift",
            "riskClassification": "Low",
            "fields": [
                {
                    "guid": "137d476b-b8fd-4539-a7b8-06e3106fc075",
                    "typeName": "m4i_field",
                    "uniqueAttributes": {
                        "qualifiedName": "nl3--nl3plant--nl3plant002--shiftid"
                    }
                }
            ],
            "businessOwner": [
                {
                    "guid": "dc408458-fd6d-4080-a324-9900585d1146",
                    "typeName": "m4i_person",
                    "uniqueAttributes": {
                        "qualifiedName": "jane.martens@email.com",
                        "email": "jane.martens@email.com"
                    }
                }
            ]
        },
        "guid": "f4b072a7-f869-485c-ac23-165e3de984c3",
        "isIncomplete": false,
        "provenanceType": 0,
        "status": "ACTIVE",
        "createdBy": "admin",
        "updatedBy": "admin",
        "createTime": 1656521955001,
        "updateTime": 1663927932384,
        "version": 0,
        "relationshipAttributes": {
            "ArchiMateReference": [],
            "steward": [
                {
                    "guid": "265dad2b-2fc0-44c3-a828-06476d5f1e38",
                    "typeName": "m4i_person",
                    "entityStatus": "ACTIVE",
                    "displayText": "Iris Jacobs",
                    "relationshipType": "m4i_data_attribute_steward_assignment",
                    "relationshipGuid": "a3c85146-9120-43a2-8b0e-2693cb07ec2c",
                    "relationshipStatus": "ACTIVE",
                    "relationshipAttributes": {
                        "typeName": "m4i_data_attribute_steward_assignment"
                    }
                }
            ],
            "dataEntity": [
                {
                    "guid": "fd88a9c5-9393-4843-85db-7881c68d9134",
                    "typeName": "m4i_data_entity",
                    "entityStatus": "ACTIVE",
                    "displayText": "downtime events",
                    "relationshipType": "m4i_data_entity_attribute_assignment",
                    "relationshipGuid": "181a7548-edc0-4b80-b74b-e6d345f76334",
                    "relationshipStatus": "ACTIVE",
                    "relationshipAttributes": {
                        "typeName": "m4i_data_entity_attribute_assignment"
                    }
                }
            ],
            "source": [
                {
                    "guid": "2bee6dca-fea0-478b-824e-d97365d18bbe",
                    "typeName": "m4i_source",
                    "entityStatus": "ACTIVE",
                    "displayText": "/hr/hr/Data Dictionary_template.xlsm",
                    "relationshipType": "m4i_referenceable_source_assignment",
                    "relationshipGuid": "17aaee87-56a9-4834-abf6-a92589a7fde8",
                    "relationshipStatus": "ACTIVE",
                    "relationshipAttributes": {
                        "typeName": "m4i_referenceable_source_assignment"
                    }
                }
            ],
            "fields": [
                {
                    "guid": "137d476b-b8fd-4539-a7b8-06e3106fc075",
                    "typeName": "m4i_field",
                    "entityStatus": "ACTIVE",
                    "displayText": "ShiftId",
                    "relationshipType": "m4i_data_attribute_field_assignment",
                    "relationshipGuid": "b1aead7f-9119-4c42-8f7a-8d6329005b53",
                    "relationshipStatus": "ACTIVE",
                    "relationshipAttributes": {
                        "typeName": "m4i_data_attribute_field_assignment"
                    }
                }
            ],
            "businessOwner": [
                {
                    "guid": "dc408458-fd6d-4080-a324-9900585d1146",
                    "typeName": "m4i_person",
                    "entityStatus": "ACTIVE",
                    "displayText": "Jane Martens",
                    "relationshipType": "m4i_data_attribute_business_owner_assignment",
                    "relationshipGuid": "ada3776a-2b20-4553-ac77-775848780ed3",
                    "relationshipStatus": "ACTIVE",
                    "relationshipAttributes": {
                        "typeName": "m4i_data_attribute_business_owner_assignment"
                    }
                }
            ],
            "meanings": []
        },
        "classifications": [
            {
                "typeName": "low_risk",
                "entityGuid": "f4b072a7-f869-485c-ac23-165e3de984c3",
                "entityStatus": "ACTIVE",
                "propagate": true,
                "validityPeriods": [],
                "removePropagationsOnEntityDelete": true
            }
        ],
        "labels": [],
        "proxy": false
    }
}