{
    "referredEntities": {},
    "entity": {
        "typeName": "m4i_field",
        "attributes": {
            "archimateReference": [],
            "replicatedTo": null,
            "replicatedFrom": null,
            "hasContent": null,
            "steward": [],
            "qualifiedName": "nl1--nl1hr--nl1hr001--fte",
            "source": [],
            "datasets": [
                {
                    "guid": "c5975c9c-c0ad-46e7-bfb8-a8946980041d",
                    "typeName": "m4i_dataset",
                    "uniqueAttributes": {
                        "qualifiedName": "nl1--nl1hr--nl1hr001"
                    }
                }
            ],
            "parentField": [],
            "optionalField": null,
            "name": "FTE",
            "definition": null,
            "attributes": [
                {
                    "guid": "8436e4d8-2974-4149-bcaa-3579bf8626a9",
                    "typeName": "m4i_data_attribute",
                    "uniqueAttributes": {
                        "qualifiedName": "personnel-and-organization--personnel--external--full-time-equivalent"
                    }
                },
                {
                    "guid": "467de671-6003-4191-a49d-3a5b311018b6",
                    "typeName": "m4i_data_attribute",
                    "uniqueAttributes": {
                        "qualifiedName": "personnel-and-organization--personnel--internal--full-time-equivalent"
                    }
                }
            ],
            "fieldType": "Numeric",
            "childField": []
        },
        "guid": "f4c7440d-e98d-4beb-ba58-e211a6c0d367",
        "isIncomplete": false,
        "provenanceType": 0,
        "status": "ACTIVE",
        "createdBy": "admin",
        "updatedBy": "admin",
        "createTime": 1656521976920,
        "updateTime": 1663927932384,
        "version": 0,
        "relationshipAttributes": {
            "ArchiMateReference": [],
            "dataQuality": [
                {
                    "guid": "8c76f105-a3bd-438e-80cd-b72c4f35aedc",
                    "typeName": "m4i_data_quality",
                    "entityStatus": "ACTIVE",
                    "displayText": "nl1--nl1hr--nl1hr001--fte--11",
                    "relationshipType": "m4i_data_quality_field_assignment",
                    "relationshipGuid": "c949055e-63c0-41c6-8ecb-2739d1518301",
                    "relationshipStatus": "ACTIVE",
                    "relationshipAttributes": {
                        "typeName": "m4i_data_quality_field_assignment"
                    }
                },
                {
                    "guid": "fb905403-86f8-494e-8a3d-0e303668c868",
                    "typeName": "m4i_data_quality",
                    "entityStatus": "ACTIVE",
                    "displayText": "nl1--nl1hr--nl1hr001--fte--10",
                    "relationshipType": "m4i_data_quality_field_assignment",
                    "relationshipGuid": "3c3d7a7a-e6a3-4bf9-a83c-fb2b28961b78",
                    "relationshipStatus": "ACTIVE",
                    "relationshipAttributes": {
                        "typeName": "m4i_data_quality_field_assignment"
                    }
                },
                {
                    "guid": "58d2f74d-a654-486b-81f6-115fc94fe471",
                    "typeName": "m4i_data_quality",
                    "entityStatus": "ACTIVE",
                    "displayText": "nl1--nl1hr--nl1hr001--fte--9",
                    "relationshipType": "m4i_data_quality_field_assignment",
                    "relationshipGuid": "db989eb2-a1e9-4180-a446-79ed1d390e34",
                    "relationshipStatus": "ACTIVE",
                    "relationshipAttributes": {
                        "typeName": "m4i_data_quality_field_assignment"
                    }
                }
            ],
            "attributes": [
                {
                    "guid": "8436e4d8-2974-4149-bcaa-3579bf8626a9",
                    "typeName": "m4i_data_attribute",
                    "entityStatus": "ACTIVE",
                    "displayText": "Full Time Equivalent",
                    "relationshipType": "m4i_data_attribute_field_assignment",
                    "relationshipGuid": "542ed454-104a-4bd1-b425-e7d5a15350e8",
                    "relationshipStatus": "ACTIVE",
                    "relationshipAttributes": {
                        "typeName": "m4i_data_attribute_field_assignment"
                    }
                },
                {
                    "guid": "467de671-6003-4191-a49d-3a5b311018b6",
                    "typeName": "m4i_data_attribute",
                    "entityStatus": "ACTIVE",
                    "displayText": "Full Time Equivalent",
                    "relationshipType": "m4i_data_attribute_field_assignment",
                    "relationshipGuid": "50d2e6a4-0f65-41c2-93fa-6ee01d36ab8a",
                    "relationshipStatus": "ACTIVE",
                    "relationshipAttributes": {
                        "typeName": "m4i_data_attribute_field_assignment"
                    }
                }
            ],
            "datasets": [
                {
                    "guid": "c5975c9c-c0ad-46e7-bfb8-a8946980041d",
                    "typeName": "m4i_dataset",
                    "entityStatus": "ACTIVE",
                    "displayText": "NL1-HR-001",
                    "relationshipType": "m4i_field_assignment",
                    "relationshipGuid": "090f9754-5808-4934-b166-ed4dc7348a6c",
                    "relationshipStatus": "ACTIVE",
                    "relationshipAttributes": {
                        "typeName": "m4i_field_assignment",
                        "attributes": {
                            "typeInformation": null
                        }
                    }
                }
            ],
            "source": [
                {
                    "guid": "2bee6dca-fea0-478b-824e-d97365d18bbe",
                    "typeName": "m4i_source",
                    "entityStatus": "ACTIVE",
                    "displayText": "/hr/hr/Data Dictionary_template.xlsm",
                    "relationshipType": "m4i_referenceable_source_assignment",
                    "relationshipGuid": "2281ed7c-8c73-4b28-8cde-2b8a88495d20",
                    "relationshipStatus": "ACTIVE",
                    "relationshipAttributes": {
                        "typeName": "m4i_referenceable_source_assignment"
                    }
                }
            ],
            "parentField": [],
            "meanings": [],
            "childField": []
        },
        "classifications": [
            {
                "typeName": "low_risk",
                "entityGuid": "467de671-6003-4191-a49d-3a5b311018b6",
                "entityStatus": "ACTIVE",
                "propagate": true,
                "validityPeriods": [],
                "removePropagationsOnEntityDelete": true
            },
            {
                "typeName": "low_risk",
                "entityGuid": "8436e4d8-2974-4149-bcaa-3579bf8626a9",
                "entityStatus": "ACTIVE",
                "propagate": true,
                "validityPeriods": [],
                "removePropagationsOnEntityDelete": true
            },
            {
                "typeName": "key_data",
                "entityGuid": "467de671-6003-4191-a49d-3a5b311018b6",
                "entityStatus": "ACTIVE",
                "propagate": true,
                "validityPeriods": [],
                "removePropagationsOnEntityDelete": true
            },
            {
                "typeName": "key_data",
                "entityGuid": "8436e4d8-2974-4149-bcaa-3579bf8626a9",
                "entityStatus": "ACTIVE",
                "propagate": true,
                "validityPeriods": [],
                "removePropagationsOnEntityDelete": true
            }
        ],
        "labels": [],
        "proxy": false
    }
}