{
    "referredEntities": {},
    "entity": {
        "typeName": "m4i_field",
        "attributes": {
            "archimateReference": [],
            "replicatedTo": null,
            "replicatedFrom": null,
            "hasContent": null,
            "steward": [],
            "qualifiedName": "nl3--nl3plant--nl3plant002--equipmentid",
            "source": [],
            "datasets": [
                {
                    "guid": "4086f053-a8c9-4382-af9e-e4e08effd3c9",
                    "typeName": "m4i_dataset",
                    "uniqueAttributes": {
                        "qualifiedName": "nl3--nl3plant--nl3plant002"
                    }
                }
            ],
            "parentField": [],
            "optionalField": null,
            "name": "EquipmentId",
            "definition": null,
            "attributes": [
                {
                    "guid": "814c0aa3-6617-4e4d-9b14-5edf729d1195",
                    "typeName": "m4i_data_attribute",
                    "uniqueAttributes": {
                        "qualifiedName": "plant-data--downtime-events--equipmentid"
                    }
                }
            ],
            "fieldType": "Numeric",
            "childField": []
        },
        "guid": "f4d7a85a-bedf-4c79-aef5-3e9baf988252",
        "isIncomplete": false,
        "provenanceType": 0,
        "status": "ACTIVE",
        "createdBy": "admin",
        "updatedBy": "admin",
        "createTime": 1656522073615,
        "updateTime": 1663927932384,
        "version": 0,
        "relationshipAttributes": {
            "ArchiMateReference": [],
            "dataQuality": [],
            "attributes": [
                {
                    "guid": "814c0aa3-6617-4e4d-9b14-5edf729d1195",
                    "typeName": "m4i_data_attribute",
                    "entityStatus": "ACTIVE",
                    "displayText": "EquipmentId",
                    "relationshipType": "m4i_data_attribute_field_assignment",
                    "relationshipGuid": "25474520-3eb8-4e02-addf-188a49b47c94",
                    "relationshipStatus": "ACTIVE",
                    "relationshipAttributes": {
                        "typeName": "m4i_data_attribute_field_assignment"
                    }
                }
            ],
            "datasets": [
                {
                    "guid": "4086f053-a8c9-4382-af9e-e4e08effd3c9",
                    "typeName": "m4i_dataset",
                    "entityStatus": "ACTIVE",
                    "displayText": "NL3-PLANT-002",
                    "relationshipType": "m4i_field_assignment",
                    "relationshipGuid": "729c2b41-f8ef-46f1-9156-d63a10cd3ad2",
                    "relationshipStatus": "ACTIVE",
                    "relationshipAttributes": {
                        "typeName": "m4i_field_assignment",
                        "attributes": {
                            "typeInformation": null
                        }
                    }
                }
            ],
            "source": [
                {
                    "guid": "2bee6dca-fea0-478b-824e-d97365d18bbe",
                    "typeName": "m4i_source",
                    "entityStatus": "ACTIVE",
                    "displayText": "/hr/hr/Data Dictionary_template.xlsm",
                    "relationshipType": "m4i_referenceable_source_assignment",
                    "relationshipGuid": "4de3ab34-0e49-4b90-824e-fbca9eb7d303",
                    "relationshipStatus": "ACTIVE",
                    "relationshipAttributes": {
                        "typeName": "m4i_referenceable_source_assignment"
                    }
                }
            ],
            "parentField": [],
            "meanings": [],
            "childField": []
        },
        "classifications": [
            {
                "typeName": "low_risk",
                "entityGuid": "814c0aa3-6617-4e4d-9b14-5edf729d1195",
                "entityStatus": "ACTIVE",
                "propagate": true,
                "validityPeriods": [],
                "removePropagationsOnEntityDelete": true
            }
        ],
        "labels": [],
        "proxy": false
    }
}