{
    "referredEntities": {},
    "entity": {
        "typeName": "m4i_field",
        "attributes": {
            "archimateReference": [],
            "replicatedTo": null,
            "replicatedFrom": null,
            "hasContent": null,
            "steward": [],
            "qualifiedName": "nl3--nl3plant--nl3plant001--downtimeinminutes",
            "source": [],
            "datasets": [
                {
                    "guid": "2230cf23-c90c-4a2f-be3e-e402503c4544",
                    "typeName": "m4i_dataset",
                    "uniqueAttributes": {
                        "qualifiedName": "nl3--nl3plant--nl3plant001"
                    }
                }
            ],
            "parentField": [],
            "optionalField": null,
            "name": "DownTimeInMinutes",
            "definition": null,
            "attributes": [
                {
                    "guid": "0f3fb528-6c7d-4150-9f66-559604bbaf0f",
                    "typeName": "m4i_data_attribute",
                    "uniqueAttributes": {
                        "qualifiedName": "plant-data--hourly-data--downtimeinminutes"
                    }
                }
            ],
            "fieldType": "Numeric",
            "childField": []
        },
        "guid": "f50ac1b5-eb03-4f29-9e73-a5f44d0f4568",
        "isIncomplete": false,
        "provenanceType": 0,
        "status": "ACTIVE",
        "createdBy": "admin",
        "updatedBy": "admin",
        "createTime": 1656522073615,
        "updateTime": 1666701543730,
        "version": 0,
        "relationshipAttributes": {
            "ArchiMateReference": [],
            "dataQuality": [
                {
                    "guid": "5dc477c0-682d-4d1f-ba8e-582f15a19093",
                    "typeName": "m4i_data_quality",
                    "entityStatus": "ACTIVE",
                    "displayText": "nl3--nl3plant--nl3plant001--downtimeinminutes--5",
                    "relationshipType": "m4i_data_quality_field_assignment",
                    "relationshipGuid": "11a698ba-2e03-4c05-8edb-e6cfb4c5ed6c",
                    "relationshipStatus": "ACTIVE",
                    "relationshipAttributes": {
                        "typeName": "m4i_data_quality_field_assignment"
                    }
                }
            ],
            "attributes": [
                {
                    "guid": "0f3fb528-6c7d-4150-9f66-559604bbaf0f",
                    "typeName": "m4i_data_attribute",
                    "entityStatus": "ACTIVE",
                    "displayText": "DownTimeInMinutes",
                    "relationshipType": "m4i_data_attribute_field_assignment",
                    "relationshipGuid": "7cd21049-d068-4567-b903-04543b7ec01e",
                    "relationshipStatus": "ACTIVE",
                    "relationshipAttributes": {
                        "typeName": "m4i_data_attribute_field_assignment"
                    }
                }
            ],
            "datasets": [
                {
                    "guid": "2230cf23-c90c-4a2f-be3e-e402503c4544",
                    "typeName": "m4i_dataset",
                    "entityStatus": "ACTIVE",
                    "displayText": "NL3-PLANT-001",
                    "relationshipType": "m4i_field_assignment",
                    "relationshipGuid": "fc8e2d7e-a18b-4b30-bf16-09657117ede6",
                    "relationshipStatus": "ACTIVE",
                    "relationshipAttributes": {
                        "typeName": "m4i_field_assignment",
                        "attributes": {
                            "typeInformation": null
                        }
                    }
                }
            ],
            "source": [
                {
                    "guid": "2bee6dca-fea0-478b-824e-d97365d18bbe",
                    "typeName": "m4i_source",
                    "entityStatus": "ACTIVE",
                    "displayText": "/hr/hr/Data Dictionary_template.xlsm",
                    "relationshipType": "m4i_referenceable_source_assignment",
                    "relationshipGuid": "bfd2736b-05d6-4c2d-a13e-2201f5666200",
                    "relationshipStatus": "ACTIVE",
                    "relationshipAttributes": {
                        "typeName": "m4i_referenceable_source_assignment"
                    }
                }
            ],
            "parentField": [],
            "meanings": [],
            "childField": []
        },
        "classifications": [
            {
                "typeName": "low_risk",
                "entityGuid": "0f3fb528-6c7d-4150-9f66-559604bbaf0f",
                "entityStatus": "ACTIVE",
                "propagate": true,
                "validityPeriods": [],
                "removePropagationsOnEntityDelete": true
            }
        ],
        "labels": [],
        "proxy": false
    }
}