{
    "referredEntities": {},
    "entity": {
        "typeName": "m4i_data_attribute",
        "attributes": {
            "archimateReference": [],
            "replicatedTo": null,
            "replicatedFrom": null,
            "steward": [
                {
                    "guid": "9e8c280b-b4f7-45e0-b287-49dddaf21e23",
                    "typeName": "m4i_person",
                    "uniqueAttributes": {
                        "qualifiedName": "lore.brandt@email.com",
                        "email": "lore.brandt@email.com"
                    }
                }
            ],
            "qualifiedName": "procurement--company-contacts--contact-person-function",
            "dataEntity": [
                {
                    "guid": "97e544aa-47c6-4326-8975-76df2203f39d",
                    "typeName": "m4i_data_entity",
                    "uniqueAttributes": {
                        "qualifiedName": "procurement--company-contacts"
                    }
                }
            ],
            "source": [],
            "isKeyData": "Yes",
            "hasPII": null,
            "attributeType": "Text",
            "name": "Contact person function",
            "definition": "Role of contact person within the declared legal entity",
            "riskClassification": "Low",
            "fields": [
                {
                    "guid": "afbade69-0232-42e8-9279-3922090ab7c3",
                    "typeName": "m4i_field",
                    "uniqueAttributes": {
                        "qualifiedName": "nl2--nl2proc--nl2proc001--functioncontact"
                    }
                }
            ],
            "businessOwner": [
                {
                    "guid": "0a30e2bc-f152-4a93-890e-e6f39f3f864f",
                    "typeName": "m4i_person",
                    "uniqueAttributes": {
                        "qualifiedName": "johanna.richter@email.com",
                        "email": "johanna.richter@email.com"
                    }
                }
            ]
        },
        "guid": "f53150ab-a451-41c2-bd41-98f8ec51f317",
        "isIncomplete": false,
        "provenanceType": 0,
        "status": "ACTIVE",
        "createdBy": "admin",
        "updatedBy": "admin",
        "createTime": 1656521955001,
        "updateTime": 1663931063480,
        "version": 0,
        "relationshipAttributes": {
            "ArchiMateReference": [],
            "steward": [
                {
                    "guid": "9e8c280b-b4f7-45e0-b287-49dddaf21e23",
                    "typeName": "m4i_person",
                    "entityStatus": "ACTIVE",
                    "displayText": "Lore Brandt",
                    "relationshipType": "m4i_data_attribute_steward_assignment",
                    "relationshipGuid": "d6de0176-60da-410d-9dc9-94b17cc1bbf3",
                    "relationshipStatus": "ACTIVE",
                    "relationshipAttributes": {
                        "typeName": "m4i_data_attribute_steward_assignment"
                    }
                }
            ],
            "dataEntity": [
                {
                    "guid": "97e544aa-47c6-4326-8975-76df2203f39d",
                    "typeName": "m4i_data_entity",
                    "entityStatus": "ACTIVE",
                    "displayText": "Company Contacts",
                    "relationshipType": "m4i_data_entity_attribute_assignment",
                    "relationshipGuid": "92f44d71-b244-4c19-b8a9-cc7cf0fd927a",
                    "relationshipStatus": "ACTIVE",
                    "relationshipAttributes": {
                        "typeName": "m4i_data_entity_attribute_assignment"
                    }
                }
            ],
            "source": [
                {
                    "guid": "2bee6dca-fea0-478b-824e-d97365d18bbe",
                    "typeName": "m4i_source",
                    "entityStatus": "ACTIVE",
                    "displayText": "/hr/hr/Data Dictionary_template.xlsm",
                    "relationshipType": "m4i_referenceable_source_assignment",
                    "relationshipGuid": "f6b874b9-506a-4e31-abac-5c1248129d8b",
                    "relationshipStatus": "ACTIVE",
                    "relationshipAttributes": {
                        "typeName": "m4i_referenceable_source_assignment"
                    }
                }
            ],
            "fields": [
                {
                    "guid": "afbade69-0232-42e8-9279-3922090ab7c3",
                    "typeName": "m4i_field",
                    "entityStatus": "ACTIVE",
                    "displayText": "FunctionContact",
                    "relationshipType": "m4i_data_attribute_field_assignment",
                    "relationshipGuid": "8c0f19fb-ed93-4a42-8566-9ac753572cb1",
                    "relationshipStatus": "ACTIVE",
                    "relationshipAttributes": {
                        "typeName": "m4i_data_attribute_field_assignment"
                    }
                }
            ],
            "businessOwner": [
                {
                    "guid": "0a30e2bc-f152-4a93-890e-e6f39f3f864f",
                    "typeName": "m4i_person",
                    "entityStatus": "ACTIVE",
                    "displayText": "Johanna Richter",
                    "relationshipType": "m4i_data_attribute_business_owner_assignment",
                    "relationshipGuid": "1f02cf42-47d0-4125-afcd-01e788594bed",
                    "relationshipStatus": "ACTIVE",
                    "relationshipAttributes": {
                        "typeName": "m4i_data_attribute_business_owner_assignment"
                    }
                }
            ],
            "meanings": []
        },
        "classifications": [
            {
                "typeName": "low_risk",
                "entityGuid": "f53150ab-a451-41c2-bd41-98f8ec51f317",
                "entityStatus": "ACTIVE",
                "propagate": true,
                "validityPeriods": [],
                "removePropagationsOnEntityDelete": true
            },
            {
                "typeName": "key_data",
                "entityGuid": "f53150ab-a451-41c2-bd41-98f8ec51f317",
                "entityStatus": "ACTIVE",
                "propagate": true,
                "validityPeriods": [],
                "removePropagationsOnEntityDelete": true
            }
        ],
        "labels": [],
        "proxy": false
    }
}