{
    "referredEntities": {},
    "entity": {
        "typeName": "m4i_field",
        "attributes": {
            "archimateReference": [],
            "replicatedTo": null,
            "replicatedFrom": null,
            "hasContent": null,
            "steward": [],
            "qualifiedName": "nl1--nl1hr--nl1hr001--cc_employee",
            "source": [],
            "datasets": [
                {
                    "guid": "c5975c9c-c0ad-46e7-bfb8-a8946980041d",
                    "typeName": "m4i_dataset",
                    "uniqueAttributes": {
                        "qualifiedName": "nl1--nl1hr--nl1hr001"
                    }
                }
            ],
            "parentField": [],
            "optionalField": null,
            "name": "CC_EMPLOYEE",
            "definition": null,
            "attributes": [
                {
                    "guid": "2f112ea8-8d2e-4539-a4f2-7da2af924d77",
                    "typeName": "m4i_data_attribute",
                    "uniqueAttributes": {
                        "qualifiedName": "finance--cost-centre--const-center-employee"
                    }
                }
            ],
            "fieldType": "Text",
            "childField": []
        },
        "guid": "f5a28b80-cb8c-474c-b699-cc68b2159c3d",
        "isIncomplete": false,
        "provenanceType": 0,
        "status": "ACTIVE",
        "createdBy": "admin",
        "updatedBy": "admin",
        "createTime": 1656521987718,
        "updateTime": 1663927932384,
        "version": 0,
        "relationshipAttributes": {
            "ArchiMateReference": [],
            "dataQuality": [
                {
                    "guid": "3b42402a-9f5d-4953-bde0-2f4d5f1b231f",
                    "typeName": "m4i_data_quality",
                    "entityStatus": "ACTIVE",
                    "displayText": "nl1--nl1hr--nl1hr001--cc_employee--17",
                    "relationshipType": "m4i_data_quality_field_assignment",
                    "relationshipGuid": "75f1015a-fed6-4ba1-be5f-4a00b64a3249",
                    "relationshipStatus": "ACTIVE",
                    "relationshipAttributes": {
                        "typeName": "m4i_data_quality_field_assignment"
                    }
                },
                {
                    "guid": "ff14021b-1507-4e76-83c4-462e2cd5af2b",
                    "typeName": "m4i_data_quality",
                    "entityStatus": "ACTIVE",
                    "displayText": "nl1--nl1hr--nl1hr001--cc_employee--34",
                    "relationshipType": "m4i_data_quality_field_assignment",
                    "relationshipGuid": "c8f07b8f-20b4-4323-9764-15586e218b5d",
                    "relationshipStatus": "ACTIVE",
                    "relationshipAttributes": {
                        "typeName": "m4i_data_quality_field_assignment"
                    }
                },
                {
                    "guid": "7240b464-7317-474c-8dfc-0f42dedfeff2",
                    "typeName": "m4i_data_quality",
                    "entityStatus": "ACTIVE",
                    "displayText": "nl1--nl1hr--nl1hr001--cc_employee--18",
                    "relationshipType": "m4i_data_quality_field_assignment",
                    "relationshipGuid": "325036d4-0d21-4e90-ae18-1199faebe5c2",
                    "relationshipStatus": "ACTIVE",
                    "relationshipAttributes": {
                        "typeName": "m4i_data_quality_field_assignment"
                    }
                }
            ],
            "attributes": [
                {
                    "guid": "2f112ea8-8d2e-4539-a4f2-7da2af924d77",
                    "typeName": "m4i_data_attribute",
                    "entityStatus": "ACTIVE",
                    "displayText": "Const Center Employee",
                    "relationshipType": "m4i_data_attribute_field_assignment",
                    "relationshipGuid": "8afb0948-6afa-4135-9c5b-b8b33d76dd92",
                    "relationshipStatus": "ACTIVE",
                    "relationshipAttributes": {
                        "typeName": "m4i_data_attribute_field_assignment"
                    }
                }
            ],
            "datasets": [
                {
                    "guid": "c5975c9c-c0ad-46e7-bfb8-a8946980041d",
                    "typeName": "m4i_dataset",
                    "entityStatus": "ACTIVE",
                    "displayText": "NL1-HR-001",
                    "relationshipType": "m4i_field_assignment",
                    "relationshipGuid": "da775873-32f9-44ac-8c43-e2563731244f",
                    "relationshipStatus": "ACTIVE",
                    "relationshipAttributes": {
                        "typeName": "m4i_field_assignment",
                        "attributes": {
                            "typeInformation": null
                        }
                    }
                }
            ],
            "source": [
                {
                    "guid": "2bee6dca-fea0-478b-824e-d97365d18bbe",
                    "typeName": "m4i_source",
                    "entityStatus": "ACTIVE",
                    "displayText": "/hr/hr/Data Dictionary_template.xlsm",
                    "relationshipType": "m4i_referenceable_source_assignment",
                    "relationshipGuid": "a3748843-e255-4fc2-8775-5cce01e4cad4",
                    "relationshipStatus": "ACTIVE",
                    "relationshipAttributes": {
                        "typeName": "m4i_referenceable_source_assignment"
                    }
                }
            ],
            "parentField": [],
            "meanings": [],
            "childField": []
        },
        "classifications": [
            {
                "typeName": "low_risk",
                "entityGuid": "2f112ea8-8d2e-4539-a4f2-7da2af924d77",
                "entityStatus": "ACTIVE",
                "propagate": true,
                "validityPeriods": [],
                "removePropagationsOnEntityDelete": true
            },
            {
                "typeName": "key_data",
                "entityGuid": "2f112ea8-8d2e-4539-a4f2-7da2af924d77",
                "entityStatus": "ACTIVE",
                "propagate": true,
                "validityPeriods": [],
                "removePropagationsOnEntityDelete": true
            }
        ],
        "labels": [],
        "proxy": false
    }
}