{
    "referredEntities": {},
    "entity": {
        "typeName": "m4i_field",
        "attributes": {
            "archimateReference": [],
            "replicatedTo": null,
            "replicatedFrom": null,
            "hasContent": null,
            "steward": [],
            "qualifiedName": "nl2--nl2proc--nl2proc001--genmail",
            "source": [],
            "datasets": [
                {
                    "guid": "04d4f33f-fd0d-46bc-8336-85f25f2916b2",
                    "typeName": "m4i_dataset",
                    "uniqueAttributes": {
                        "qualifiedName": "nl2--nl2proc--nl2proc001"
                    }
                }
            ],
            "parentField": [],
            "optionalField": null,
            "name": "GenMail",
            "definition": null,
            "attributes": [
                {
                    "guid": "ebc1227e-8331-48cd-98ce-2f4132dd1981",
                    "typeName": "m4i_data_attribute",
                    "uniqueAttributes": {
                        "qualifiedName": "procurement--company-contacts--generic-mail-adress"
                    }
                }
            ],
            "fieldType": "Text",
            "childField": []
        },
        "guid": "f5e37ddd-514d-4cf5-bd80-afeb93e90d61",
        "isIncomplete": false,
        "provenanceType": 0,
        "status": "ACTIVE",
        "createdBy": "admin",
        "updatedBy": "admin",
        "createTime": 1656522073615,
        "updateTime": 1663927932384,
        "version": 0,
        "relationshipAttributes": {
            "ArchiMateReference": [],
            "dataQuality": [],
            "attributes": [
                {
                    "guid": "ebc1227e-8331-48cd-98ce-2f4132dd1981",
                    "typeName": "m4i_data_attribute",
                    "entityStatus": "ACTIVE",
                    "displayText": "Generic mail adress",
                    "relationshipType": "m4i_data_attribute_field_assignment",
                    "relationshipGuid": "3e701c58-9b00-4a79-b5a0-567bfcd86f16",
                    "relationshipStatus": "ACTIVE",
                    "relationshipAttributes": {
                        "typeName": "m4i_data_attribute_field_assignment"
                    }
                }
            ],
            "datasets": [
                {
                    "guid": "04d4f33f-fd0d-46bc-8336-85f25f2916b2",
                    "typeName": "m4i_dataset",
                    "entityStatus": "ACTIVE",
                    "displayText": "NL2-PROC-001",
                    "relationshipType": "m4i_field_assignment",
                    "relationshipGuid": "6267e2f7-d636-4d5c-a997-565c4b29f4cb",
                    "relationshipStatus": "ACTIVE",
                    "relationshipAttributes": {
                        "typeName": "m4i_field_assignment",
                        "attributes": {
                            "typeInformation": null
                        }
                    }
                }
            ],
            "source": [
                {
                    "guid": "2bee6dca-fea0-478b-824e-d97365d18bbe",
                    "typeName": "m4i_source",
                    "entityStatus": "ACTIVE",
                    "displayText": "/hr/hr/Data Dictionary_template.xlsm",
                    "relationshipType": "m4i_referenceable_source_assignment",
                    "relationshipGuid": "c72d4e60-5c71-4230-a558-022431ac1fc9",
                    "relationshipStatus": "ACTIVE",
                    "relationshipAttributes": {
                        "typeName": "m4i_referenceable_source_assignment"
                    }
                }
            ],
            "parentField": [],
            "meanings": [],
            "childField": []
        },
        "classifications": [
            {
                "typeName": "low_risk",
                "entityGuid": "ebc1227e-8331-48cd-98ce-2f4132dd1981",
                "entityStatus": "ACTIVE",
                "propagate": true,
                "validityPeriods": [],
                "removePropagationsOnEntityDelete": true
            },
            {
                "typeName": "key_data",
                "entityGuid": "ebc1227e-8331-48cd-98ce-2f4132dd1981",
                "entityStatus": "ACTIVE",
                "propagate": true,
                "validityPeriods": [],
                "removePropagationsOnEntityDelete": true
            }
        ],
        "labels": [],
        "proxy": false
    }
}