{
    "referredEntities": {},
    "entity": {
        "typeName": "m4i_data_attribute",
        "attributes": {
            "archimateReference": [],
            "replicatedTo": null,
            "replicatedFrom": null,
            "steward": [
                {
                    "guid": "4f4948ae-2df0-437d-8c6a-e9cba5db8063",
                    "typeName": "m4i_person",
                    "uniqueAttributes": {
                        "qualifiedName": "cornelis.kramer@email.com",
                        "email": "cornelis.kramer@email.com"
                    }
                }
            ],
            "qualifiedName": "personnel-and-organization--organization--functional-organization",
            "dataEntity": [
                {
                    "guid": "0947802f-d016-4031-b90f-10d27b102439",
                    "typeName": "m4i_data_entity",
                    "uniqueAttributes": {
                        "qualifiedName": "personnel-and-organization--organization"
                    }
                }
            ],
            "source": [],
            "isKeyData": "Yes",
            "hasPII": null,
            "attributeType": "Text",
            "name": "Functional Organization",
            "definition": "This attribute describes the dotted-line reporting, the subject matter relationship between a supervisor and an employee. The functionel lead covers mainly strategic steering of the profession and setting the rules for how the business is ra",
            "riskClassification": "Low",
            "fields": [
                {
                    "guid": "f86b18e1-7a20-4ba1-a616-09bac4b96a3b",
                    "typeName": "m4i_field",
                    "uniqueAttributes": {
                        "qualifiedName": "nl1--nl1hr--nl1hr001--func_organization"
                    }
                }
            ],
            "businessOwner": [
                {
                    "guid": "45e581d9-452c-4d48-98e0-452b7a109efb",
                    "typeName": "m4i_person",
                    "uniqueAttributes": {
                        "qualifiedName": "merel.hofman@email.com",
                        "email": "merel.hofman@email.com"
                    }
                }
            ]
        },
        "guid": "f7b58db1-b62e-4481-a4e9-3e2db68b0b6c",
        "isIncomplete": false,
        "provenanceType": 0,
        "status": "ACTIVE",
        "createdBy": "admin",
        "updatedBy": "admin",
        "createTime": 1656521955001,
        "updateTime": 1663931063480,
        "version": 0,
        "relationshipAttributes": {
            "ArchiMateReference": [],
            "steward": [
                {
                    "guid": "4f4948ae-2df0-437d-8c6a-e9cba5db8063",
                    "typeName": "m4i_person",
                    "entityStatus": "ACTIVE",
                    "displayText": "Cornelis Kramer",
                    "relationshipType": "m4i_data_attribute_steward_assignment",
                    "relationshipGuid": "b7f80453-c425-406b-8b6e-d5f7c2727ec5",
                    "relationshipStatus": "ACTIVE",
                    "relationshipAttributes": {
                        "typeName": "m4i_data_attribute_steward_assignment"
                    }
                }
            ],
            "dataEntity": [
                {
                    "guid": "0947802f-d016-4031-b90f-10d27b102439",
                    "typeName": "m4i_data_entity",
                    "entityStatus": "ACTIVE",
                    "displayText": "Organization",
                    "relationshipType": "m4i_data_entity_attribute_assignment",
                    "relationshipGuid": "9cfed2c3-5c01-45ef-bba1-4198a5113ced",
                    "relationshipStatus": "ACTIVE",
                    "relationshipAttributes": {
                        "typeName": "m4i_data_entity_attribute_assignment"
                    }
                }
            ],
            "source": [
                {
                    "guid": "2bee6dca-fea0-478b-824e-d97365d18bbe",
                    "typeName": "m4i_source",
                    "entityStatus": "ACTIVE",
                    "displayText": "/hr/hr/Data Dictionary_template.xlsm",
                    "relationshipType": "m4i_referenceable_source_assignment",
                    "relationshipGuid": "4e6d3b12-970b-48b5-905e-5aa8f3ef7709",
                    "relationshipStatus": "ACTIVE",
                    "relationshipAttributes": {
                        "typeName": "m4i_referenceable_source_assignment"
                    }
                }
            ],
            "fields": [
                {
                    "guid": "f86b18e1-7a20-4ba1-a616-09bac4b96a3b",
                    "typeName": "m4i_field",
                    "entityStatus": "ACTIVE",
                    "displayText": "FUNC_ORGANIZATION",
                    "relationshipType": "m4i_data_attribute_field_assignment",
                    "relationshipGuid": "b89cbda4-c1ef-42ca-804d-09a1a6edea0c",
                    "relationshipStatus": "ACTIVE",
                    "relationshipAttributes": {
                        "typeName": "m4i_data_attribute_field_assignment"
                    }
                }
            ],
            "businessOwner": [
                {
                    "guid": "45e581d9-452c-4d48-98e0-452b7a109efb",
                    "typeName": "m4i_person",
                    "entityStatus": "ACTIVE",
                    "displayText": "Merel Hofman",
                    "relationshipType": "m4i_data_attribute_business_owner_assignment",
                    "relationshipGuid": "79b53e54-de28-4bfe-929c-ca199ae4e586",
                    "relationshipStatus": "ACTIVE",
                    "relationshipAttributes": {
                        "typeName": "m4i_data_attribute_business_owner_assignment"
                    }
                }
            ],
            "meanings": []
        },
        "classifications": [
            {
                "typeName": "low_risk",
                "entityGuid": "f7b58db1-b62e-4481-a4e9-3e2db68b0b6c",
                "entityStatus": "ACTIVE",
                "propagate": true,
                "validityPeriods": [],
                "removePropagationsOnEntityDelete": true
            },
            {
                "typeName": "key_data",
                "entityGuid": "f7b58db1-b62e-4481-a4e9-3e2db68b0b6c",
                "entityStatus": "ACTIVE",
                "propagate": true,
                "validityPeriods": [],
                "removePropagationsOnEntityDelete": true
            }
        ],
        "labels": [],
        "proxy": false
    }
}