{
    "referredEntities": {},
    "entity": {
        "typeName": "m4i_data_attribute",
        "attributes": {
            "archimateReference": [],
            "replicatedTo": null,
            "replicatedFrom": null,
            "steward": [
                {
                    "guid": "4f4948ae-2df0-437d-8c6a-e9cba5db8063",
                    "typeName": "m4i_person",
                    "uniqueAttributes": {
                        "qualifiedName": "cornelis.kramer@email.com",
                        "email": "cornelis.kramer@email.com"
                    }
                }
            ],
            "qualifiedName": "personnel-and-organization--organization--hierarchical-organization",
            "dataEntity": [
                {
                    "guid": "0947802f-d016-4031-b90f-10d27b102439",
                    "typeName": "m4i_data_entity",
                    "uniqueAttributes": {
                        "qualifiedName": "personnel-and-organization--organization"
                    }
                }
            ],
            "source": [],
            "isKeyData": "Yes",
            "hasPII": null,
            "attributeType": "Text",
            "name": "Hierarchical Organization",
            "definition": "This attribute describes the solid-line reporting, direct reporting relationship between a supervisor and a subordinate employee. The hierarchical lead covers mainly daily operations.",
            "riskClassification": "Low",
            "fields": [
                {
                    "guid": "0df94338-1afc-455c-b9d5-c3d0e36d1dac",
                    "typeName": "m4i_field",
                    "uniqueAttributes": {
                        "qualifiedName": "nl1--nl1hr--nl1hr001--hier_organization"
                    }
                }
            ],
            "businessOwner": [
                {
                    "guid": "45e581d9-452c-4d48-98e0-452b7a109efb",
                    "typeName": "m4i_person",
                    "uniqueAttributes": {
                        "qualifiedName": "merel.hofman@email.com",
                        "email": "merel.hofman@email.com"
                    }
                }
            ]
        },
        "guid": "f809feb9-f81d-4376-ad4c-d2c648c4f56c",
        "isIncomplete": false,
        "provenanceType": 0,
        "status": "ACTIVE",
        "createdBy": "admin",
        "updatedBy": "admin",
        "createTime": 1656521955001,
        "updateTime": 1663931063480,
        "version": 0,
        "relationshipAttributes": {
            "ArchiMateReference": [],
            "steward": [
                {
                    "guid": "4f4948ae-2df0-437d-8c6a-e9cba5db8063",
                    "typeName": "m4i_person",
                    "entityStatus": "ACTIVE",
                    "displayText": "Cornelis Kramer",
                    "relationshipType": "m4i_data_attribute_steward_assignment",
                    "relationshipGuid": "87b4bec6-0fdd-4628-89cf-5bd0ab15e180",
                    "relationshipStatus": "ACTIVE",
                    "relationshipAttributes": {
                        "typeName": "m4i_data_attribute_steward_assignment"
                    }
                }
            ],
            "dataEntity": [
                {
                    "guid": "0947802f-d016-4031-b90f-10d27b102439",
                    "typeName": "m4i_data_entity",
                    "entityStatus": "ACTIVE",
                    "displayText": "Organization",
                    "relationshipType": "m4i_data_entity_attribute_assignment",
                    "relationshipGuid": "77ad6f9e-509c-459c-ba7d-2d8429f13437",
                    "relationshipStatus": "ACTIVE",
                    "relationshipAttributes": {
                        "typeName": "m4i_data_entity_attribute_assignment"
                    }
                }
            ],
            "source": [
                {
                    "guid": "2bee6dca-fea0-478b-824e-d97365d18bbe",
                    "typeName": "m4i_source",
                    "entityStatus": "ACTIVE",
                    "displayText": "/hr/hr/Data Dictionary_template.xlsm",
                    "relationshipType": "m4i_referenceable_source_assignment",
                    "relationshipGuid": "d41615a3-0b12-4da0-937f-dc3fffdfa186",
                    "relationshipStatus": "ACTIVE",
                    "relationshipAttributes": {
                        "typeName": "m4i_referenceable_source_assignment"
                    }
                }
            ],
            "fields": [
                {
                    "guid": "0df94338-1afc-455c-b9d5-c3d0e36d1dac",
                    "typeName": "m4i_field",
                    "entityStatus": "ACTIVE",
                    "displayText": "HIER_ORGANIZATION",
                    "relationshipType": "m4i_data_attribute_field_assignment",
                    "relationshipGuid": "1dde3816-1237-47ac-9c26-6c7173410189",
                    "relationshipStatus": "ACTIVE",
                    "relationshipAttributes": {
                        "typeName": "m4i_data_attribute_field_assignment"
                    }
                }
            ],
            "businessOwner": [
                {
                    "guid": "45e581d9-452c-4d48-98e0-452b7a109efb",
                    "typeName": "m4i_person",
                    "entityStatus": "ACTIVE",
                    "displayText": "Merel Hofman",
                    "relationshipType": "m4i_data_attribute_business_owner_assignment",
                    "relationshipGuid": "93605a53-85a4-4612-b826-1c9244988858",
                    "relationshipStatus": "ACTIVE",
                    "relationshipAttributes": {
                        "typeName": "m4i_data_attribute_business_owner_assignment"
                    }
                }
            ],
            "meanings": []
        },
        "classifications": [
            {
                "typeName": "low_risk",
                "entityGuid": "f809feb9-f81d-4376-ad4c-d2c648c4f56c",
                "entityStatus": "ACTIVE",
                "propagate": true,
                "validityPeriods": [],
                "removePropagationsOnEntityDelete": true
            },
            {
                "typeName": "key_data",
                "entityGuid": "f809feb9-f81d-4376-ad4c-d2c648c4f56c",
                "entityStatus": "ACTIVE",
                "propagate": true,
                "validityPeriods": [],
                "removePropagationsOnEntityDelete": true
            }
        ],
        "labels": [],
        "proxy": false
    }
}