{
    "referredEntities": {},
    "entity": {
        "typeName": "m4i_field",
        "attributes": {
            "archimateReference": [],
            "replicatedTo": null,
            "replicatedFrom": null,
            "hasContent": null,
            "steward": [],
            "qualifiedName": "nl3--nl3plant--nl3plant001--year",
            "source": [],
            "datasets": [
                {
                    "guid": "2230cf23-c90c-4a2f-be3e-e402503c4544",
                    "typeName": "m4i_dataset",
                    "uniqueAttributes": {
                        "qualifiedName": "nl3--nl3plant--nl3plant001"
                    }
                }
            ],
            "parentField": [],
            "optionalField": null,
            "name": "year",
            "definition": null,
            "attributes": [
                {
                    "guid": "a8ae22fc-d916-4a6a-b365-2117900d510d",
                    "typeName": "m4i_data_attribute",
                    "uniqueAttributes": {
                        "qualifiedName": "plant-data--hourly-data--year"
                    }
                }
            ],
            "fieldType": "Numeric",
            "childField": []
        },
        "guid": "f841a7ac-42bb-482b-a480-17f981fae9da",
        "isIncomplete": false,
        "provenanceType": 0,
        "status": "ACTIVE",
        "createdBy": "admin",
        "updatedBy": "admin",
        "createTime": 1656522073615,
        "updateTime": 1663927932384,
        "version": 0,
        "relationshipAttributes": {
            "ArchiMateReference": [],
            "dataQuality": [],
            "attributes": [
                {
                    "guid": "a8ae22fc-d916-4a6a-b365-2117900d510d",
                    "typeName": "m4i_data_attribute",
                    "entityStatus": "ACTIVE",
                    "displayText": "year",
                    "relationshipType": "m4i_data_attribute_field_assignment",
                    "relationshipGuid": "17d64edb-62d5-4189-8808-15aa403d7e3f",
                    "relationshipStatus": "ACTIVE",
                    "relationshipAttributes": {
                        "typeName": "m4i_data_attribute_field_assignment"
                    }
                }
            ],
            "datasets": [
                {
                    "guid": "2230cf23-c90c-4a2f-be3e-e402503c4544",
                    "typeName": "m4i_dataset",
                    "entityStatus": "ACTIVE",
                    "displayText": "NL3-PLANT-001",
                    "relationshipType": "m4i_field_assignment",
                    "relationshipGuid": "4737ceed-89e0-4909-aa23-45cb39e87bde",
                    "relationshipStatus": "ACTIVE",
                    "relationshipAttributes": {
                        "typeName": "m4i_field_assignment",
                        "attributes": {
                            "typeInformation": null
                        }
                    }
                }
            ],
            "source": [
                {
                    "guid": "2bee6dca-fea0-478b-824e-d97365d18bbe",
                    "typeName": "m4i_source",
                    "entityStatus": "ACTIVE",
                    "displayText": "/hr/hr/Data Dictionary_template.xlsm",
                    "relationshipType": "m4i_referenceable_source_assignment",
                    "relationshipGuid": "93b4287b-d1e7-401a-a927-ae9e3ba1b5e5",
                    "relationshipStatus": "ACTIVE",
                    "relationshipAttributes": {
                        "typeName": "m4i_referenceable_source_assignment"
                    }
                }
            ],
            "parentField": [],
            "meanings": [],
            "childField": []
        },
        "classifications": [
            {
                "typeName": "low_risk",
                "entityGuid": "a8ae22fc-d916-4a6a-b365-2117900d510d",
                "entityStatus": "ACTIVE",
                "propagate": true,
                "validityPeriods": [],
                "removePropagationsOnEntityDelete": true
            }
        ],
        "labels": [],
        "proxy": false
    }
}