{
    "referredEntities": {},
    "entity": {
        "typeName": "m4i_field",
        "attributes": {
            "archimateReference": [],
            "replicatedTo": null,
            "replicatedFrom": null,
            "hasContent": null,
            "steward": [],
            "qualifiedName": "nl1--nl1hr--nl1hr001--func_organization",
            "source": [],
            "datasets": [
                {
                    "guid": "c5975c9c-c0ad-46e7-bfb8-a8946980041d",
                    "typeName": "m4i_dataset",
                    "uniqueAttributes": {
                        "qualifiedName": "nl1--nl1hr--nl1hr001"
                    }
                }
            ],
            "parentField": [],
            "optionalField": null,
            "name": "FUNC_ORGANIZATION",
            "definition": null,
            "attributes": [
                {
                    "guid": "b4bf70d3-1121-408e-bcf9-39e96a13d980",
                    "typeName": "m4i_data_attribute",
                    "uniqueAttributes": {
                        "qualifiedName": "personnel-and-organization--personnel--internal--functional-organization"
                    }
                },
                {
                    "guid": "f7b58db1-b62e-4481-a4e9-3e2db68b0b6c",
                    "typeName": "m4i_data_attribute",
                    "uniqueAttributes": {
                        "qualifiedName": "personnel-and-organization--organization--functional-organization"
                    }
                },
                {
                    "guid": "daa8ba7f-eab5-4727-ad5d-d6482a3c0f74",
                    "typeName": "m4i_data_attribute",
                    "uniqueAttributes": {
                        "qualifiedName": "personnel-and-organization--personnel--external--functional-organization"
                    }
                }
            ],
            "fieldType": "Text",
            "childField": []
        },
        "guid": "f86b18e1-7a20-4ba1-a616-09bac4b96a3b",
        "isIncomplete": false,
        "provenanceType": 0,
        "status": "ACTIVE",
        "createdBy": "admin",
        "updatedBy": "admin",
        "createTime": 1656521965251,
        "updateTime": 1663931063480,
        "version": 0,
        "relationshipAttributes": {
            "ArchiMateReference": [],
            "dataQuality": [
                {
                    "guid": "2557f741-b3d1-4dc6-9c4c-1772366544d2",
                    "typeName": "m4i_data_quality",
                    "entityStatus": "ACTIVE",
                    "displayText": "nl1--nl1hr--nl1hr001--func_organization--28",
                    "relationshipType": "m4i_data_quality_field_assignment",
                    "relationshipGuid": "64c1c9a6-e7dd-4d11-93b9-89607d77cd45",
                    "relationshipStatus": "ACTIVE",
                    "relationshipAttributes": {
                        "typeName": "m4i_data_quality_field_assignment"
                    }
                },
                {
                    "guid": "0df50bc5-fda0-4da8-a4cf-44b3514af8ac",
                    "typeName": "m4i_data_quality",
                    "entityStatus": "ACTIVE",
                    "displayText": "nl1--nl1hr--nl1hr001--func_organization--27",
                    "relationshipType": "m4i_data_quality_field_assignment",
                    "relationshipGuid": "040ea52b-8212-40f0-8f85-2004abbb4399",
                    "relationshipStatus": "ACTIVE",
                    "relationshipAttributes": {
                        "typeName": "m4i_data_quality_field_assignment"
                    }
                },
                {
                    "guid": "104f980f-7a5d-4a32-8355-71bf7314a03e",
                    "typeName": "m4i_data_quality",
                    "entityStatus": "ACTIVE",
                    "displayText": "nl1--nl1hr--nl1hr001--func_organization--29",
                    "relationshipType": "m4i_data_quality_field_assignment",
                    "relationshipGuid": "7f93c061-fcc3-4e46-b0e5-2bf07ace9901",
                    "relationshipStatus": "ACTIVE",
                    "relationshipAttributes": {
                        "typeName": "m4i_data_quality_field_assignment"
                    }
                }
            ],
            "attributes": [
                {
                    "guid": "b4bf70d3-1121-408e-bcf9-39e96a13d980",
                    "typeName": "m4i_data_attribute",
                    "entityStatus": "ACTIVE",
                    "displayText": "Functional Organization",
                    "relationshipType": "m4i_data_attribute_field_assignment",
                    "relationshipGuid": "62fbd504-6926-4f9e-bda2-d9a5c2fcf422",
                    "relationshipStatus": "ACTIVE",
                    "relationshipAttributes": {
                        "typeName": "m4i_data_attribute_field_assignment"
                    }
                },
                {
                    "guid": "f7b58db1-b62e-4481-a4e9-3e2db68b0b6c",
                    "typeName": "m4i_data_attribute",
                    "entityStatus": "ACTIVE",
                    "displayText": "Functional Organization",
                    "relationshipType": "m4i_data_attribute_field_assignment",
                    "relationshipGuid": "b89cbda4-c1ef-42ca-804d-09a1a6edea0c",
                    "relationshipStatus": "ACTIVE",
                    "relationshipAttributes": {
                        "typeName": "m4i_data_attribute_field_assignment"
                    }
                },
                {
                    "guid": "daa8ba7f-eab5-4727-ad5d-d6482a3c0f74",
                    "typeName": "m4i_data_attribute",
                    "entityStatus": "ACTIVE",
                    "displayText": "Functional Organization",
                    "relationshipType": "m4i_data_attribute_field_assignment",
                    "relationshipGuid": "024453b0-0cd0-4824-a6fc-27816adad6fe",
                    "relationshipStatus": "ACTIVE",
                    "relationshipAttributes": {
                        "typeName": "m4i_data_attribute_field_assignment"
                    }
                }
            ],
            "datasets": [
                {
                    "guid": "c5975c9c-c0ad-46e7-bfb8-a8946980041d",
                    "typeName": "m4i_dataset",
                    "entityStatus": "ACTIVE",
                    "displayText": "NL1-HR-001",
                    "relationshipType": "m4i_field_assignment",
                    "relationshipGuid": "3556d7fc-c2aa-41fc-970d-5ae6cee17974",
                    "relationshipStatus": "ACTIVE",
                    "relationshipAttributes": {
                        "typeName": "m4i_field_assignment",
                        "attributes": {
                            "typeInformation": null
                        }
                    }
                }
            ],
            "source": [
                {
                    "guid": "2bee6dca-fea0-478b-824e-d97365d18bbe",
                    "typeName": "m4i_source",
                    "entityStatus": "ACTIVE",
                    "displayText": "/hr/hr/Data Dictionary_template.xlsm",
                    "relationshipType": "m4i_referenceable_source_assignment",
                    "relationshipGuid": "2d708530-c71d-4b2e-b390-72d4d42b03ec",
                    "relationshipStatus": "ACTIVE",
                    "relationshipAttributes": {
                        "typeName": "m4i_referenceable_source_assignment"
                    }
                }
            ],
            "parentField": [],
            "meanings": [],
            "childField": []
        },
        "classifications": [
            {
                "typeName": "low_risk",
                "entityGuid": "b4bf70d3-1121-408e-bcf9-39e96a13d980",
                "entityStatus": "ACTIVE",
                "propagate": true,
                "validityPeriods": [],
                "removePropagationsOnEntityDelete": true
            },
            {
                "typeName": "key_data",
                "entityGuid": "b4bf70d3-1121-408e-bcf9-39e96a13d980",
                "entityStatus": "ACTIVE",
                "propagate": true,
                "validityPeriods": [],
                "removePropagationsOnEntityDelete": true
            },
            {
                "typeName": "low_risk",
                "entityGuid": "daa8ba7f-eab5-4727-ad5d-d6482a3c0f74",
                "entityStatus": "ACTIVE",
                "propagate": true,
                "validityPeriods": [],
                "removePropagationsOnEntityDelete": true
            },
            {
                "typeName": "low_risk",
                "entityGuid": "f7b58db1-b62e-4481-a4e9-3e2db68b0b6c",
                "entityStatus": "ACTIVE",
                "propagate": true,
                "validityPeriods": [],
                "removePropagationsOnEntityDelete": true
            },
            {
                "typeName": "key_data",
                "entityGuid": "f7b58db1-b62e-4481-a4e9-3e2db68b0b6c",
                "entityStatus": "ACTIVE",
                "propagate": true,
                "validityPeriods": [],
                "removePropagationsOnEntityDelete": true
            },
            {
                "typeName": "key_data",
                "entityGuid": "daa8ba7f-eab5-4727-ad5d-d6482a3c0f74",
                "entityStatus": "ACTIVE",
                "propagate": true,
                "validityPeriods": [],
                "removePropagationsOnEntityDelete": true
            }
        ],
        "labels": [],
        "proxy": false
    }
}