{
    "referredEntities": {},
    "entity": {
        "typeName": "m4i_field",
        "attributes": {
            "archimateReference": [],
            "replicatedTo": null,
            "replicatedFrom": null,
            "hasContent": null,
            "steward": [],
            "qualifiedName": "nl3--nl3plant--nl3plant001--valuestreamname",
            "source": [],
            "datasets": [
                {
                    "guid": "2230cf23-c90c-4a2f-be3e-e402503c4544",
                    "typeName": "m4i_dataset",
                    "uniqueAttributes": {
                        "qualifiedName": "nl3--nl3plant--nl3plant001"
                    }
                }
            ],
            "parentField": [],
            "optionalField": null,
            "name": "ValueStreamName",
            "definition": null,
            "attributes": [
                {
                    "guid": "0e0b8f4b-6ad2-4eed-8890-6a8c880c2614",
                    "typeName": "m4i_data_attribute",
                    "uniqueAttributes": {
                        "qualifiedName": "plant-data--hourly-data--valuestreamname"
                    }
                }
            ],
            "fieldType": "Text",
            "childField": []
        },
        "guid": "f8da1765-4844-4862-9443-563f12ba911f",
        "isIncomplete": false,
        "provenanceType": 0,
        "status": "ACTIVE",
        "createdBy": "admin",
        "updatedBy": "admin",
        "createTime": 1656522073615,
        "updateTime": 1663927932384,
        "version": 0,
        "relationshipAttributes": {
            "ArchiMateReference": [],
            "dataQuality": [],
            "attributes": [
                {
                    "guid": "0e0b8f4b-6ad2-4eed-8890-6a8c880c2614",
                    "typeName": "m4i_data_attribute",
                    "entityStatus": "ACTIVE",
                    "displayText": "ValueStreamName",
                    "relationshipType": "m4i_data_attribute_field_assignment",
                    "relationshipGuid": "c96c1798-484f-4edf-b5ed-45be28c49e25",
                    "relationshipStatus": "ACTIVE",
                    "relationshipAttributes": {
                        "typeName": "m4i_data_attribute_field_assignment"
                    }
                }
            ],
            "datasets": [
                {
                    "guid": "2230cf23-c90c-4a2f-be3e-e402503c4544",
                    "typeName": "m4i_dataset",
                    "entityStatus": "ACTIVE",
                    "displayText": "NL3-PLANT-001",
                    "relationshipType": "m4i_field_assignment",
                    "relationshipGuid": "dbcfb27a-1697-4a69-85dc-5a6cc78a07db",
                    "relationshipStatus": "ACTIVE",
                    "relationshipAttributes": {
                        "typeName": "m4i_field_assignment",
                        "attributes": {
                            "typeInformation": null
                        }
                    }
                }
            ],
            "source": [
                {
                    "guid": "2bee6dca-fea0-478b-824e-d97365d18bbe",
                    "typeName": "m4i_source",
                    "entityStatus": "ACTIVE",
                    "displayText": "/hr/hr/Data Dictionary_template.xlsm",
                    "relationshipType": "m4i_referenceable_source_assignment",
                    "relationshipGuid": "c8098515-d4e3-4460-8edb-b48241ac40f9",
                    "relationshipStatus": "ACTIVE",
                    "relationshipAttributes": {
                        "typeName": "m4i_referenceable_source_assignment"
                    }
                }
            ],
            "parentField": [],
            "meanings": [],
            "childField": []
        },
        "classifications": [
            {
                "typeName": "low_risk",
                "entityGuid": "0e0b8f4b-6ad2-4eed-8890-6a8c880c2614",
                "entityStatus": "ACTIVE",
                "propagate": true,
                "validityPeriods": [],
                "removePropagationsOnEntityDelete": true
            }
        ],
        "labels": [],
        "proxy": false
    }
}