{
    "referredEntities": {},
    "entity": {
        "typeName": "m4i_field",
        "attributes": {
            "archimateReference": [],
            "replicatedTo": null,
            "replicatedFrom": null,
            "hasContent": null,
            "steward": [],
            "qualifiedName": "cc1--kaf1--kaf1-hr--hourly--cc1--kaf1--kaf1-hr--hourly--hour",
            "source": [],
            "datasets": [],
            "parentField": [],
            "optionalField": null,
            "name": "cc1--kaf1--kaf1-hr--hourly--hour",
            "definition": null,
            "attributes": [],
            "fieldType": "string",
            "childField": []
        },
        "guid": "fa1cc6b8-acdc-4485-b47a-98edfe95ae6e",
        "isIncomplete": false,
        "provenanceType": 0,
        "status": "ACTIVE",
        "createdBy": "admin",
        "updatedBy": "admin",
        "createTime": 1663929263859,
        "updateTime": 1663929263859,
        "version": 0,
        "relationshipAttributes": {
            "ArchiMateReference": [],
            "dataQuality": [],
            "attributes": [
                {
                    "guid": "387218d7-cfc9-4540-90cf-0c8b10caefce",
                    "typeName": "m4i_data_attribute",
                    "entityStatus": "ACTIVE",
                    "displayText": "Hour",
                    "relationshipType": "m4i_data_attribute_field_assignment",
                    "relationshipGuid": "8d717d8f-c932-4478-922f-03ca2d401fc4",
                    "relationshipStatus": "ACTIVE",
                    "relationshipAttributes": {
                        "typeName": "m4i_data_attribute_field_assignment"
                    }
                }
            ],
            "datasets": [
                {
                    "guid": "d23a7a85-7666-4726-b1c1-ab85df2f1312",
                    "typeName": "m4i_dataset",
                    "entityStatus": "ACTIVE",
                    "displayText": "hourly",
                    "relationshipType": "m4i_field_assignment",
                    "relationshipGuid": "db55697e-5485-45e4-b942-534ca4bb9f83",
                    "relationshipStatus": "ACTIVE",
                    "relationshipAttributes": {
                        "typeName": "m4i_field_assignment",
                        "attributes": {
                            "typeInformation": null
                        }
                    }
                }
            ],
            "source": [],
            "meanings": [],
            "parentField": [],
            "childField": []
        },
        "classifications": [
            {
                "typeName": "low_risk",
                "entityGuid": "387218d7-cfc9-4540-90cf-0c8b10caefce",
                "entityStatus": "ACTIVE",
                "propagate": true,
                "validityPeriods": [],
                "removePropagationsOnEntityDelete": true
            }
        ],
        "labels": [],
        "proxy": false
    }
}