{
    "referredEntities": {},
    "entity": {
        "typeName": "m4i_data_quality",
        "attributes": {
            "owner": null,
            "archimateReference": [],
            "expression": "uniqueness('EMPLOYEE_NUMBER')",
            "replicatedTo": null,
            "userDescription": null,
            "replicatedFrom": null,
            "qualifiedName": "nl1--nl1hr--nl1hr001--employee_number--2",
            "displayName": null,
            "description": null,
            "active": true,
            "source": [],
            "businessRuleDescription": "",
            "ruleDescription": "This field has to be unique",
            "name": "nl1--nl1hr--nl1hr001--employee_number--2",
            "filterRequired": true,
            "id": 2,
            "qualityDimension": "Accuracy",
            "expressionVersion": "1",
            "fields": [
                {
                    "guid": "c4a698ee-685a-41c0-917a-4124fc1a57ab",
                    "typeName": "m4i_field",
                    "uniqueAttributes": {
                        "qualifiedName": "nl1--nl1hr--nl1hr001--employee_number"
                    }
                }
            ]
        },
        "guid": "fa4a6263-90fe-49fe-8b2c-3e3df2380c48",
        "isIncomplete": false,
        "provenanceType": 0,
        "status": "ACTIVE",
        "createdBy": "admin",
        "updatedBy": "admin",
        "createTime": 1656522080758,
        "updateTime": 1663931063480,
        "version": 0,
        "relationshipAttributes": {
            "inputToProcesses": [],
            "pipeline": null,
            "schema": [],
            "ArchiMateReference": [],
            "model": null,
            "source": [
                {
                    "guid": "2bee6dca-fea0-478b-824e-d97365d18bbe",
                    "typeName": "m4i_source",
                    "entityStatus": "ACTIVE",
                    "displayText": "/hr/hr/Data Dictionary_template.xlsm",
                    "relationshipType": "m4i_referenceable_source_assignment",
                    "relationshipGuid": "c6c72173-51ce-4800-80fb-f342e80ad266",
                    "relationshipStatus": "ACTIVE",
                    "relationshipAttributes": {
                        "typeName": "m4i_referenceable_source_assignment"
                    }
                }
            ],
            "fields": [
                {
                    "guid": "c4a698ee-685a-41c0-917a-4124fc1a57ab",
                    "typeName": "m4i_field",
                    "entityStatus": "ACTIVE",
                    "displayText": "EMPLOYEE_NUMBER",
                    "relationshipType": "m4i_data_quality_field_assignment",
                    "relationshipGuid": "57fe4301-dd9c-4e9d-9a0e-7079bcf7d9c8",
                    "relationshipStatus": "ACTIVE",
                    "relationshipAttributes": {
                        "typeName": "m4i_data_quality_field_assignment"
                    }
                }
            ],
            "meanings": [],
            "outputFromProcesses": []
        },
        "labels": [],
        "proxy": false
    }
}