{
    "referredEntities": {},
    "entity": {
        "typeName": "m4i_field",
        "attributes": {
            "archimateReference": [],
            "replicatedTo": null,
            "replicatedFrom": null,
            "hasContent": null,
            "steward": [],
            "qualifiedName": "elas1--hourly--partsperminute",
            "source": [],
            "datasets": [],
            "parentField": [],
            "optionalField": null,
            "name": "partsperminute",
            "definition": null,
            "attributes": [],
            "fieldType": "double",
            "childField": []
        },
        "guid": "fa70e73d-6aad-4ff9-be1c-7f03d2804e0e",
        "isIncomplete": false,
        "provenanceType": 0,
        "status": "ACTIVE",
        "createdBy": "admin",
        "updatedBy": "admin",
        "createTime": 1663930105074,
        "updateTime": 1663930105074,
        "version": 0,
        "relationshipAttributes": {
            "ArchiMateReference": [],
            "dataQuality": [],
            "attributes": [
                {
                    "guid": "e7d2e19a-3d17-498b-90d4-ef04a74b5175",
                    "typeName": "m4i_data_attribute",
                    "entityStatus": "ACTIVE",
                    "displayText": "PartsPerMinute",
                    "relationshipType": "m4i_data_attribute_field_assignment",
                    "relationshipGuid": "1b05c11d-b838-4593-9227-2726dc9fc40f",
                    "relationshipStatus": "ACTIVE",
                    "relationshipAttributes": {
                        "typeName": "m4i_data_attribute_field_assignment"
                    }
                }
            ],
            "datasets": [
                {
                    "guid": "8e146f38-013e-4935-84aa-8d59a5539d3d",
                    "typeName": "m4i_dataset",
                    "entityStatus": "ACTIVE",
                    "displayText": "hourly",
                    "relationshipType": "m4i_field_assignment",
                    "relationshipGuid": "2c93d4e5-2433-4ecb-9e9a-33f532d99e2e",
                    "relationshipStatus": "ACTIVE",
                    "relationshipAttributes": {
                        "typeName": "m4i_field_assignment",
                        "attributes": {
                            "typeInformation": null
                        }
                    }
                }
            ],
            "source": [],
            "meanings": [],
            "parentField": [],
            "childField": []
        },
        "classifications": [
            {
                "typeName": "low_risk",
                "entityGuid": "e7d2e19a-3d17-498b-90d4-ef04a74b5175",
                "entityStatus": "ACTIVE",
                "propagate": true,
                "validityPeriods": [],
                "removePropagationsOnEntityDelete": true
            }
        ],
        "labels": [],
        "proxy": false
    }
}