{
    "referredEntities": {},
    "entity": {
        "typeName": "m4i_data_attribute",
        "attributes": {
            "archimateReference": [],
            "replicatedTo": null,
            "replicatedFrom": null,
            "steward": [
                {
                    "guid": "265dad2b-2fc0-44c3-a828-06476d5f1e38",
                    "typeName": "m4i_person",
                    "uniqueAttributes": {
                        "qualifiedName": "iris.jacobs@email.com",
                        "email": "iris.jacobs@email.com"
                    }
                }
            ],
            "qualifiedName": "plant-data--downtime-events--leaderid",
            "dataEntity": [
                {
                    "guid": "fd88a9c5-9393-4843-85db-7881c68d9134",
                    "typeName": "m4i_data_entity",
                    "uniqueAttributes": {
                        "qualifiedName": "plant-data--downtime-events"
                    }
                }
            ],
            "source": [],
            "isKeyData": "No",
            "hasPII": null,
            "attributeType": "Numeric",
            "name": "LeaderId",
            "definition": "This attribute yields the Id of the leader",
            "riskClassification": "Low",
            "fields": [
                {
                    "guid": "b493169d-b155-4c2c-b4b4-1845a9de2d44",
                    "typeName": "m4i_field",
                    "uniqueAttributes": {
                        "qualifiedName": "nl3--nl3plant--nl3plant002--leaderid"
                    }
                }
            ],
            "businessOwner": [
                {
                    "guid": "dc408458-fd6d-4080-a324-9900585d1146",
                    "typeName": "m4i_person",
                    "uniqueAttributes": {
                        "qualifiedName": "jane.martens@email.com",
                        "email": "jane.martens@email.com"
                    }
                }
            ]
        },
        "guid": "fa724777-d854-4a24-beaf-a249929d2d15",
        "isIncomplete": false,
        "provenanceType": 0,
        "status": "ACTIVE",
        "createdBy": "admin",
        "updatedBy": "admin",
        "createTime": 1656521955001,
        "updateTime": 1663927932384,
        "version": 0,
        "relationshipAttributes": {
            "ArchiMateReference": [],
            "steward": [
                {
                    "guid": "265dad2b-2fc0-44c3-a828-06476d5f1e38",
                    "typeName": "m4i_person",
                    "entityStatus": "ACTIVE",
                    "displayText": "Iris Jacobs",
                    "relationshipType": "m4i_data_attribute_steward_assignment",
                    "relationshipGuid": "cd90695f-fa26-4845-a2ed-350eb4bfae40",
                    "relationshipStatus": "ACTIVE",
                    "relationshipAttributes": {
                        "typeName": "m4i_data_attribute_steward_assignment"
                    }
                }
            ],
            "dataEntity": [
                {
                    "guid": "fd88a9c5-9393-4843-85db-7881c68d9134",
                    "typeName": "m4i_data_entity",
                    "entityStatus": "ACTIVE",
                    "displayText": "downtime events",
                    "relationshipType": "m4i_data_entity_attribute_assignment",
                    "relationshipGuid": "70271e91-5801-42d3-b1cf-ab2e3cb063d2",
                    "relationshipStatus": "ACTIVE",
                    "relationshipAttributes": {
                        "typeName": "m4i_data_entity_attribute_assignment"
                    }
                }
            ],
            "source": [
                {
                    "guid": "2bee6dca-fea0-478b-824e-d97365d18bbe",
                    "typeName": "m4i_source",
                    "entityStatus": "ACTIVE",
                    "displayText": "/hr/hr/Data Dictionary_template.xlsm",
                    "relationshipType": "m4i_referenceable_source_assignment",
                    "relationshipGuid": "4b4017f5-38ca-4fd6-8ccc-88dacdbb671c",
                    "relationshipStatus": "ACTIVE",
                    "relationshipAttributes": {
                        "typeName": "m4i_referenceable_source_assignment"
                    }
                }
            ],
            "fields": [
                {
                    "guid": "b493169d-b155-4c2c-b4b4-1845a9de2d44",
                    "typeName": "m4i_field",
                    "entityStatus": "ACTIVE",
                    "displayText": "LeaderId",
                    "relationshipType": "m4i_data_attribute_field_assignment",
                    "relationshipGuid": "e908aad5-3759-4838-be6a-1eeb347fe5ae",
                    "relationshipStatus": "ACTIVE",
                    "relationshipAttributes": {
                        "typeName": "m4i_data_attribute_field_assignment"
                    }
                }
            ],
            "businessOwner": [
                {
                    "guid": "dc408458-fd6d-4080-a324-9900585d1146",
                    "typeName": "m4i_person",
                    "entityStatus": "ACTIVE",
                    "displayText": "Jane Martens",
                    "relationshipType": "m4i_data_attribute_business_owner_assignment",
                    "relationshipGuid": "f72288d6-e53f-4f18-893a-5d99471446e9",
                    "relationshipStatus": "ACTIVE",
                    "relationshipAttributes": {
                        "typeName": "m4i_data_attribute_business_owner_assignment"
                    }
                }
            ],
            "meanings": []
        },
        "classifications": [
            {
                "typeName": "low_risk",
                "entityGuid": "fa724777-d854-4a24-beaf-a249929d2d15",
                "entityStatus": "ACTIVE",
                "propagate": true,
                "validityPeriods": [],
                "removePropagationsOnEntityDelete": true
            }
        ],
        "labels": [],
        "proxy": false
    }
}