{
    "referredEntities": {},
    "entity": {
        "typeName": "m4i_dataset",
        "attributes": {
            "owner": null,
            "creator": [],
            "archimateReference": [],
            "replicatedTo": null,
            "userDescription": null,
            "replicatedFrom": null,
            "qualifiedName": "kib1-hr-table",
            "displayName": null,
            "description": null,
            "visualizationType": null,
            "source": [],
            "parentDataset": [],
            "type": "visualization",
            "version": "1.0.0",
            "childDataset": [],
            "collections": [],
            "name": "table",
            "definition": null,
            "fields": [],
            "updatedAt": "6-28-2020"
        },
        "guid": "fc58c8b8-f058-4b29-b0ac-bf2ecfa48da3",
        "isIncomplete": false,
        "provenanceType": 0,
        "status": "ACTIVE",
        "createdBy": "admin",
        "updatedBy": "admin",
        "createTime": 1656522243936,
        "updateTime": 1663931063480,
        "version": 0,
        "relationshipAttributes": {
            "inputToProcesses": [
                {
                    "guid": "fe21adc4-fae4-44e9-a14c-ae3a43a1b648",
                    "typeName": "m4i_generic_process",
                    "entityStatus": "ACTIVE",
                    "displayText": "Used in change dashboard",
                    "relationshipType": "dataset_process_inputs",
                    "relationshipGuid": "49f60092-d4e9-48d5-8f57-92cb3a7e7b1a",
                    "relationshipStatus": "ACTIVE",
                    "relationshipAttributes": {
                        "typeName": "dataset_process_inputs"
                    }
                }
            ],
            "schema": [],
            "ArchiMateReference": [],
            "creator": [],
            "source": [],
            "parentDataset": [
                {
                    "guid": "ac7d0a6e-9605-4610-8992-dbf05103c980",
                    "typeName": "m4i_dataset",
                    "entityStatus": "ACTIVE",
                    "displayText": "change dashboard",
                    "relationshipType": "m4i_dataset_parent_assignment",
                    "relationshipGuid": "2e5c0f45-3c13-475a-a4f3-d80979bc9e5d",
                    "relationshipStatus": "ACTIVE",
                    "relationshipAttributes": {
                        "typeName": "m4i_dataset_parent_assignment"
                    }
                }
            ],
            "meanings": [],
            "pipeline": null,
            "childDataset": [
                {
                    "guid": "e4cb40df-f287-4ce0-9819-303995c50949",
                    "typeName": "m4i_dataset",
                    "entityStatus": "ACTIVE",
                    "displayText": "change-index",
                    "relationshipType": "m4i_dataset_parent_assignment",
                    "relationshipGuid": "d291fd46-bcc8-4aeb-98d0-9191a337b80d",
                    "relationshipStatus": "ACTIVE",
                    "relationshipAttributes": {
                        "typeName": "m4i_dataset_parent_assignment"
                    }
                }
            ],
            "collections": [],
            "model": null,
            "fields": [],
            "outputFromProcesses": [
                {
                    "guid": "0238306b-fb09-4f7f-adcd-de586ad12a94",
                    "typeName": "m4i_generic_process",
                    "entityStatus": "ACTIVE",
                    "displayText": "Used in table visualization",
                    "relationshipType": "process_dataset_outputs",
                    "relationshipGuid": "c38b9a5d-93f3-49eb-b7e7-6a9ca766f662",
                    "relationshipStatus": "ACTIVE",
                    "relationshipAttributes": {
                        "typeName": "process_dataset_outputs"
                    }
                }
            ]
        },
        "classifications": [
            {
                "typeName": "high_risk",
                "entityGuid": "c93b1aab-8378-4041-a3d3-65f913eb2d06",
                "entityStatus": "ACTIVE",
                "propagate": true,
                "validityPeriods": [],
                "removePropagationsOnEntityDelete": true
            },
            {
                "typeName": "PII",
                "entityGuid": "444c163e-b201-47bd-9b3a-9c1c9d33a4bb",
                "entityStatus": "ACTIVE",
                "propagate": true,
                "validityPeriods": [],
                "removePropagationsOnEntityDelete": true
            },
            {
                "typeName": "high_risk",
                "entityGuid": "444c163e-b201-47bd-9b3a-9c1c9d33a4bb",
                "entityStatus": "ACTIVE",
                "propagate": true,
                "validityPeriods": [],
                "removePropagationsOnEntityDelete": true
            },
            {
                "typeName": "PII",
                "entityGuid": "c93b1aab-8378-4041-a3d3-65f913eb2d06",
                "entityStatus": "ACTIVE",
                "propagate": true,
                "validityPeriods": [],
                "removePropagationsOnEntityDelete": true
            }
        ],
        "labels": [],
        "proxy": false
    }
}