{
    "referredEntities": {},
    "entity": {
        "typeName": "m4i_data_attribute",
        "attributes": {
            "archimateReference": [],
            "replicatedTo": null,
            "replicatedFrom": null,
            "steward": [
                {
                    "guid": "9e8c280b-b4f7-45e0-b287-49dddaf21e23",
                    "typeName": "m4i_person",
                    "uniqueAttributes": {
                        "qualifiedName": "lore.brandt@email.com",
                        "email": "lore.brandt@email.com"
                    }
                }
            ],
            "qualifiedName": "procurement--company-information--company-address",
            "dataEntity": [
                {
                    "guid": "0ed13fa1-bbce-4368-adee-8199e4266463",
                    "typeName": "m4i_data_entity",
                    "uniqueAttributes": {
                        "qualifiedName": "procurement--company-information"
                    }
                }
            ],
            "source": [],
            "isKeyData": "Yes",
            "hasPII": null,
            "attributeType": "Text",
            "name": "Company address",
            "definition": "Location details of the entity",
            "riskClassification": "Medium",
            "fields": [
                {
                    "guid": "d14c81a4-71a9-4a05-86dd-4ec61e196e37",
                    "typeName": "m4i_field",
                    "uniqueAttributes": {
                        "qualifiedName": "nl2--nl2proc--nl2proc001--address"
                    }
                }
            ],
            "businessOwner": [
                {
                    "guid": "0a30e2bc-f152-4a93-890e-e6f39f3f864f",
                    "typeName": "m4i_person",
                    "uniqueAttributes": {
                        "qualifiedName": "johanna.richter@email.com",
                        "email": "johanna.richter@email.com"
                    }
                }
            ]
        },
        "guid": "fc714ece-629d-4e02-b1a3-042025639d0a",
        "isIncomplete": false,
        "provenanceType": 0,
        "status": "ACTIVE",
        "createdBy": "admin",
        "updatedBy": "admin",
        "createTime": 1656521955001,
        "updateTime": 1663931063480,
        "version": 0,
        "relationshipAttributes": {
            "ArchiMateReference": [],
            "steward": [
                {
                    "guid": "9e8c280b-b4f7-45e0-b287-49dddaf21e23",
                    "typeName": "m4i_person",
                    "entityStatus": "ACTIVE",
                    "displayText": "Lore Brandt",
                    "relationshipType": "m4i_data_attribute_steward_assignment",
                    "relationshipGuid": "3b444ade-ba38-4487-a03d-496c0153f177",
                    "relationshipStatus": "ACTIVE",
                    "relationshipAttributes": {
                        "typeName": "m4i_data_attribute_steward_assignment"
                    }
                }
            ],
            "dataEntity": [
                {
                    "guid": "0ed13fa1-bbce-4368-adee-8199e4266463",
                    "typeName": "m4i_data_entity",
                    "entityStatus": "ACTIVE",
                    "displayText": "Company Information",
                    "relationshipType": "m4i_data_entity_attribute_assignment",
                    "relationshipGuid": "95c5ec25-63a1-4e82-8448-8c5cf415d2dc",
                    "relationshipStatus": "ACTIVE",
                    "relationshipAttributes": {
                        "typeName": "m4i_data_entity_attribute_assignment"
                    }
                }
            ],
            "source": [
                {
                    "guid": "2bee6dca-fea0-478b-824e-d97365d18bbe",
                    "typeName": "m4i_source",
                    "entityStatus": "ACTIVE",
                    "displayText": "/hr/hr/Data Dictionary_template.xlsm",
                    "relationshipType": "m4i_referenceable_source_assignment",
                    "relationshipGuid": "0f54ed90-004f-4ecc-b125-9f0d4656ea82",
                    "relationshipStatus": "ACTIVE",
                    "relationshipAttributes": {
                        "typeName": "m4i_referenceable_source_assignment"
                    }
                }
            ],
            "fields": [
                {
                    "guid": "d14c81a4-71a9-4a05-86dd-4ec61e196e37",
                    "typeName": "m4i_field",
                    "entityStatus": "ACTIVE",
                    "displayText": "Address",
                    "relationshipType": "m4i_data_attribute_field_assignment",
                    "relationshipGuid": "cd81e96b-7ac1-44dc-8aa5-cf755e3c01c9",
                    "relationshipStatus": "ACTIVE",
                    "relationshipAttributes": {
                        "typeName": "m4i_data_attribute_field_assignment"
                    }
                }
            ],
            "businessOwner": [
                {
                    "guid": "0a30e2bc-f152-4a93-890e-e6f39f3f864f",
                    "typeName": "m4i_person",
                    "entityStatus": "ACTIVE",
                    "displayText": "Johanna Richter",
                    "relationshipType": "m4i_data_attribute_business_owner_assignment",
                    "relationshipGuid": "fd5d7431-761c-494f-a9c4-8d25748bf287",
                    "relationshipStatus": "ACTIVE",
                    "relationshipAttributes": {
                        "typeName": "m4i_data_attribute_business_owner_assignment"
                    }
                }
            ],
            "meanings": []
        },
        "classifications": [
            {
                "typeName": "key_data",
                "entityGuid": "fc714ece-629d-4e02-b1a3-042025639d0a",
                "entityStatus": "ACTIVE",
                "propagate": true,
                "validityPeriods": [],
                "removePropagationsOnEntityDelete": true
            },
            {
                "typeName": "medium_risk",
                "entityGuid": "fc714ece-629d-4e02-b1a3-042025639d0a",
                "entityStatus": "ACTIVE",
                "propagate": true,
                "validityPeriods": [],
                "removePropagationsOnEntityDelete": true
            },
            {
                "typeName": "PII",
                "entityGuid": "fc714ece-629d-4e02-b1a3-042025639d0a",
                "entityStatus": "ACTIVE",
                "propagate": true,
                "validityPeriods": [],
                "removePropagationsOnEntityDelete": true
            }
        ],
        "labels": [],
        "proxy": false
    }
}