{
    "referredEntities": {},
    "entity": {
        "typeName": "m4i_data_quality",
        "attributes": {
            "owner": null,
            "archimateReference": [],
            "expression": "length('EMPLOYEE_NUMBER', 6)",
            "replicatedTo": null,
            "userDescription": null,
            "replicatedFrom": null,
            "qualifiedName": "nl1--nl1hr--nl1hr001--employee_number--5",
            "displayName": null,
            "description": null,
            "active": true,
            "source": [],
            "businessRuleDescription": "",
            "ruleDescription": "This field must be six numeric characters long",
            "name": "nl1--nl1hr--nl1hr001--employee_number--5",
            "filterRequired": true,
            "id": 5,
            "qualityDimension": "Accuracy",
            "expressionVersion": "1",
            "fields": [
                {
                    "guid": "c4a698ee-685a-41c0-917a-4124fc1a57ab",
                    "typeName": "m4i_field",
                    "uniqueAttributes": {
                        "qualifiedName": "nl1--nl1hr--nl1hr001--employee_number"
                    }
                }
            ]
        },
        "guid": "fd005494-9e6b-4b34-a69f-549ea5b8ce5b",
        "isIncomplete": false,
        "provenanceType": 0,
        "status": "ACTIVE",
        "createdBy": "admin",
        "updatedBy": "admin",
        "createTime": 1656522080758,
        "updateTime": 1663931063480,
        "version": 0,
        "relationshipAttributes": {
            "inputToProcesses": [],
            "pipeline": null,
            "schema": [],
            "ArchiMateReference": [],
            "model": null,
            "source": [
                {
                    "guid": "2bee6dca-fea0-478b-824e-d97365d18bbe",
                    "typeName": "m4i_source",
                    "entityStatus": "ACTIVE",
                    "displayText": "/hr/hr/Data Dictionary_template.xlsm",
                    "relationshipType": "m4i_referenceable_source_assignment",
                    "relationshipGuid": "319025fe-791f-4e38-86a6-49ee813c73bf",
                    "relationshipStatus": "ACTIVE",
                    "relationshipAttributes": {
                        "typeName": "m4i_referenceable_source_assignment"
                    }
                }
            ],
            "fields": [
                {
                    "guid": "c4a698ee-685a-41c0-917a-4124fc1a57ab",
                    "typeName": "m4i_field",
                    "entityStatus": "ACTIVE",
                    "displayText": "EMPLOYEE_NUMBER",
                    "relationshipType": "m4i_data_quality_field_assignment",
                    "relationshipGuid": "91aef16e-8ee5-4e55-8633-3647fb17c072",
                    "relationshipStatus": "ACTIVE",
                    "relationshipAttributes": {
                        "typeName": "m4i_data_quality_field_assignment"
                    }
                }
            ],
            "meanings": [],
            "outputFromProcesses": []
        },
        "labels": [],
        "proxy": false
    }
}