{
    "referredEntities": {},
    "entity": {
        "typeName": "m4i_gov_data_quality",
        "attributes": {
            "owner": null,
            "archimateReference": [],
            "expression": "conditional_value('target_relationship_type', 'target_typename', {'m4i_collection_assignment':'m4i_collection'})",
            "replicatedTo": null,
            "userDescription": null,
            "replicatedFrom": null,
            "qualifiedName": "m4i_system--collections--target",
            "displayName": null,
            "description": null,
            "active": true,
            "source": [],
            "ruleDescription": "collections target relation type is m4i_collection",
            "nonCompliantMessage": "This entity is missing a target relationship with type m4i_collection",
            "ruleType": "relationship",
            "name": "m4i_system--collections--target",
            "compliantMessage": "This entity has a target relationship with type m4i_collection",
            "id": 4,
            "qualityDimension": "completeness",
            "expressionVersion": "1"
        },
        "guid": "fd6faf5a-dd78-4e67-9191-9f21db39ec38",
        "isIncomplete": false,
        "provenanceType": 0,
        "status": "ACTIVE",
        "createdBy": "admin",
        "updatedBy": "admin",
        "createTime": 1656522427794,
        "updateTime": 1663931063480,
        "version": 0,
        "relationshipAttributes": {
            "inputToProcesses": [],
            "pipeline": null,
            "schema": [],
            "ArchiMateReference": [],
            "model": null,
            "source": [],
            "meanings": [],
            "outputFromProcesses": []
        },
        "labels": [],
        "proxy": false
    }
}