{
    "referredEntities": {},
    "entity": {
        "typeName": "m4i_data_entity",
        "attributes": {
            "archimateReference": [],
            "replicatedTo": null,
            "replicatedFrom": null,
            "steward": [
                {
                    "guid": "265dad2b-2fc0-44c3-a828-06476d5f1e38",
                    "typeName": "m4i_person",
                    "uniqueAttributes": {
                        "qualifiedName": "iris.jacobs@email.com",
                        "email": "iris.jacobs@email.com"
                    }
                }
            ],
            "qualifiedName": "plant-data--downtime-events",
            "parentEntity": [],
            "source": [],
            "dataDomain": [
                {
                    "guid": "971cfedd-09f7-47ad-bace-d0f9607f1097",
                    "typeName": "m4i_data_domain",
                    "uniqueAttributes": {
                        "qualifiedName": "plant-data"
                    }
                }
            ],
            "childEntity": [],
            "name": "downtime events",
            "definition": "This data entity yields the generated statistics (including reason codes) considering specific assets working on specific parts during a single down time event.",
            "attributes": [
                {
                    "guid": "7544bed3-f9ca-4075-951f-6d0230a202fc",
                    "typeName": "m4i_data_attribute",
                    "uniqueAttributes": {
                        "qualifiedName": "plant-data--downtime-events--plant"
                    }
                },
                {
                    "guid": "1adf8352-ddaf-47e2-baaf-a1ed17483401",
                    "typeName": "m4i_data_attribute",
                    "uniqueAttributes": {
                        "qualifiedName": "plant-data--downtime-events--lineid"
                    }
                },
                {
                    "guid": "c280da43-0747-4ca0-801b-84ba833bb092",
                    "typeName": "m4i_data_attribute",
                    "uniqueAttributes": {
                        "qualifiedName": "plant-data--downtime-events--createdon"
                    }
                },
                {
                    "guid": "1548b246-78e9-4010-bdb9-e9fec0d3c975",
                    "typeName": "m4i_data_attribute",
                    "uniqueAttributes": {
                        "qualifiedName": "plant-data--downtime-events--week"
                    }
                },
                {
                    "guid": "fa724777-d854-4a24-beaf-a249929d2d15",
                    "typeName": "m4i_data_attribute",
                    "uniqueAttributes": {
                        "qualifiedName": "plant-data--downtime-events--leaderid"
                    }
                },
                {
                    "guid": "22222e23-ba9b-46cc-87f9-3b28c238dff8",
                    "typeName": "m4i_data_attribute",
                    "uniqueAttributes": {
                        "qualifiedName": "plant-data--downtime-events--downtimeenddatetime"
                    }
                },
                {
                    "guid": "473b5e90-621d-4e02-9b59-b0d865fd7129",
                    "typeName": "m4i_data_attribute",
                    "uniqueAttributes": {
                        "qualifiedName": "plant-data--downtime-events--downtimestatus"
                    }
                },
                {
                    "guid": "2be903bb-ded2-4b9e-bfb3-b94526ee8c8f",
                    "typeName": "m4i_data_attribute",
                    "uniqueAttributes": {
                        "qualifiedName": "plant-data--downtime-events--workorder"
                    }
                },
                {
                    "guid": "ab0a0f0e-a20b-483d-8d0b-7d9dc9802d5e",
                    "typeName": "m4i_data_attribute",
                    "uniqueAttributes": {
                        "qualifiedName": "plant-data--downtime-events--site"
                    }
                },
                {
                    "guid": "8785bad4-88c5-4a66-800d-99c9ad67c9b0",
                    "typeName": "m4i_data_attribute",
                    "uniqueAttributes": {
                        "qualifiedName": "plant-data--downtime-events--downtimereasondescription"
                    }
                },
                {
                    "guid": "af1558ee-8133-4cb8-8fd6-9e571bf4a512",
                    "typeName": "m4i_data_attribute",
                    "uniqueAttributes": {
                        "qualifiedName": "plant-data--downtime-events--downtimereasonid"
                    }
                },
                {
                    "guid": "8ba1b5c6-0ddd-4b25-ac1d-2ec8760af740",
                    "typeName": "m4i_data_attribute",
                    "uniqueAttributes": {
                        "qualifiedName": "plant-data--downtime-events--skudescription"
                    }
                },
                {
                    "guid": "4864b7d2-2e54-4dd5-9a73-dba74b2d53bc",
                    "typeName": "m4i_data_attribute",
                    "uniqueAttributes": {
                        "qualifiedName": "plant-data--downtime-events--downtimereasonname"
                    }
                },
                {
                    "guid": "472b11de-2c1a-45db-8284-f54db2918a2a",
                    "typeName": "m4i_data_attribute",
                    "uniqueAttributes": {
                        "qualifiedName": "plant-data--downtime-events--line"
                    }
                },
                {
                    "guid": "814c0aa3-6617-4e4d-9b14-5edf729d1195",
                    "typeName": "m4i_data_attribute",
                    "uniqueAttributes": {
                        "qualifiedName": "plant-data--downtime-events--equipmentid"
                    }
                },
                {
                    "guid": "600bf7fe-fea8-4072-a62f-e2f3165408bd",
                    "typeName": "m4i_data_attribute",
                    "uniqueAttributes": {
                        "qualifiedName": "plant-data--downtime-events--year"
                    }
                },
                {
                    "guid": "764adae5-f5e5-4477-8fb1-6a06cf2200da",
                    "typeName": "m4i_data_attribute",
                    "uniqueAttributes": {
                        "qualifiedName": "plant-data--downtime-events--skuid"
                    }
                },
                {
                    "guid": "9f00cb70-9048-429c-b24e-d6cd6271ab2f",
                    "typeName": "m4i_data_attribute",
                    "uniqueAttributes": {
                        "qualifiedName": "plant-data--downtime-events--downtimetype"
                    }
                },
                {
                    "guid": "1e66f44e-7787-41ab-92ab-65d4bb5eb515",
                    "typeName": "m4i_data_attribute",
                    "uniqueAttributes": {
                        "qualifiedName": "plant-data--downtime-events--siteid"
                    }
                },
                {
                    "guid": "f4b072a7-f869-485c-ac23-165e3de984c3",
                    "typeName": "m4i_data_attribute",
                    "uniqueAttributes": {
                        "qualifiedName": "plant-data--downtime-events--shiftid"
                    }
                },
                {
                    "guid": "0dabaf37-3bec-4820-8cb5-ed613e863877",
                    "typeName": "m4i_data_attribute",
                    "uniqueAttributes": {
                        "qualifiedName": "plant-data--downtime-events--assetname"
                    }
                },
                {
                    "guid": "16f0ae8c-b95f-44c7-b7a0-e961e378b596",
                    "typeName": "m4i_data_attribute",
                    "uniqueAttributes": {
                        "qualifiedName": "plant-data--downtime-events--assetcategory"
                    }
                },
                {
                    "guid": "c847c48d-641d-4828-af86-f8cdc136387b",
                    "typeName": "m4i_data_attribute",
                    "uniqueAttributes": {
                        "qualifiedName": "plant-data--downtime-events--month"
                    }
                },
                {
                    "guid": "d77e11e2-e011-4792-8150-006c93a6c695",
                    "typeName": "m4i_data_attribute",
                    "uniqueAttributes": {
                        "qualifiedName": "plant-data--downtime-events--date"
                    }
                },
                {
                    "guid": "d1700b98-5935-4d78-ad57-8fb0089da5f2",
                    "typeName": "m4i_data_attribute",
                    "uniqueAttributes": {
                        "qualifiedName": "plant-data--downtime-events--workcentername"
                    }
                },
                {
                    "guid": "06ee09e0-babf-4e14-b3c0-d8c1878a8b25",
                    "typeName": "m4i_data_attribute",
                    "uniqueAttributes": {
                        "qualifiedName": "plant-data--downtime-events--modifiedon"
                    }
                },
                {
                    "guid": "d3017dd7-d7a1-48f0-a161-bc01a816d09d",
                    "typeName": "m4i_data_attribute",
                    "uniqueAttributes": {
                        "qualifiedName": "plant-data--downtime-events--assetmodel"
                    }
                },
                {
                    "guid": "2c0a2e7c-4f76-423b-ba66-f7450613f5d3",
                    "typeName": "m4i_data_attribute",
                    "uniqueAttributes": {
                        "qualifiedName": "plant-data--downtime-events--workorderid"
                    }
                },
                {
                    "guid": "8c11cfcc-9916-42e6-9888-50770b312937",
                    "typeName": "m4i_data_attribute",
                    "uniqueAttributes": {
                        "qualifiedName": "plant-data--downtime-events--assetid"
                    }
                },
                {
                    "guid": "0ce8270a-d024-46bc-8542-60e9ae8bf722",
                    "typeName": "m4i_data_attribute",
                    "uniqueAttributes": {
                        "qualifiedName": "plant-data--downtime-events--createdby"
                    }
                },
                {
                    "guid": "72b6ed89-4964-4144-94a2-e26d753bc0f7",
                    "typeName": "m4i_data_attribute",
                    "uniqueAttributes": {
                        "qualifiedName": "plant-data--downtime-events--assettype"
                    }
                },
                {
                    "guid": "a48a14e4-ccce-4a6b-8bb5-1f1de15636ef",
                    "typeName": "m4i_data_attribute",
                    "uniqueAttributes": {
                        "qualifiedName": "plant-data--downtime-events--workcenterid"
                    }
                },
                {
                    "guid": "5210b57d-aa17-4779-bbb1-1a3ec305df12",
                    "typeName": "m4i_data_attribute",
                    "uniqueAttributes": {
                        "qualifiedName": "plant-data--downtime-events--plantid"
                    }
                },
                {
                    "guid": "ca0d9ade-9819-40a9-a92a-778bf668fe9e",
                    "typeName": "m4i_data_attribute",
                    "uniqueAttributes": {
                        "qualifiedName": "plant-data--downtime-events--downtimeid"
                    }
                },
                {
                    "guid": "de308798-ed4b-4f57-a187-07713b32c07c",
                    "typeName": "m4i_data_attribute",
                    "uniqueAttributes": {
                        "qualifiedName": "plant-data--downtime-events--downtimestartdatetime"
                    }
                },
                {
                    "guid": "de782dce-7d47-4474-876f-f931ad6ab066",
                    "typeName": "m4i_data_attribute",
                    "uniqueAttributes": {
                        "qualifiedName": "plant-data--downtime-events--equipmentname"
                    }
                },
                {
                    "guid": "74c82586-a392-4f26-b32e-7cd555d41f9d",
                    "typeName": "m4i_data_attribute",
                    "uniqueAttributes": {
                        "qualifiedName": "plant-data--downtime-events--valuestreamname"
                    }
                },
                {
                    "guid": "62d022bf-3005-4ff2-aa26-d110c2b0d5b2",
                    "typeName": "m4i_data_attribute",
                    "uniqueAttributes": {
                        "qualifiedName": "plant-data--downtime-events--downtimeduration"
                    }
                },
                {
                    "guid": "506aa3cd-8317-4ed0-9d18-877867db1782",
                    "typeName": "m4i_data_attribute",
                    "uniqueAttributes": {
                        "qualifiedName": "plant-data--downtime-events--shiftname"
                    }
                },
                {
                    "guid": "62fd8e1a-0226-4ed6-98e0-4f909f8bdf2b",
                    "typeName": "m4i_data_attribute",
                    "uniqueAttributes": {
                        "qualifiedName": "plant-data--downtime-events--supervisorid"
                    }
                },
                {
                    "guid": "2e297740-8553-451e-a087-302418a51751",
                    "typeName": "m4i_data_attribute",
                    "uniqueAttributes": {
                        "qualifiedName": "plant-data--downtime-events--sku"
                    }
                },
                {
                    "guid": "6672d91a-cd29-48f1-a8be-1c51fa402a6b",
                    "typeName": "m4i_data_attribute",
                    "uniqueAttributes": {
                        "qualifiedName": "plant-data--downtime-events--hashingkey"
                    }
                },
                {
                    "guid": "d17fe015-7a46-453c-b7b2-ea3119d2b37c",
                    "typeName": "m4i_data_attribute",
                    "uniqueAttributes": {
                        "qualifiedName": "plant-data--downtime-events--shifttype"
                    }
                }
            ],
            "businessOwner": [
                {
                    "guid": "dc408458-fd6d-4080-a324-9900585d1146",
                    "typeName": "m4i_person",
                    "uniqueAttributes": {
                        "qualifiedName": "jane.martens@email.com",
                        "email": "jane.martens@email.com"
                    }
                }
            ]
        },
        "guid": "fd88a9c5-9393-4843-85db-7881c68d9134",
        "isIncomplete": false,
        "provenanceType": 0,
        "status": "ACTIVE",
        "createdBy": "admin",
        "updatedBy": "admin",
        "createTime": 1656521954230,
        "updateTime": 1663931063480,
        "version": 0,
        "relationshipAttributes": {
            "ArchiMateReference": [],
            "steward": [
                {
                    "guid": "265dad2b-2fc0-44c3-a828-06476d5f1e38",
                    "typeName": "m4i_person",
                    "entityStatus": "ACTIVE",
                    "displayText": "Iris Jacobs",
                    "relationshipType": "m4i_data_entity_steward_assignment",
                    "relationshipGuid": "52f4ffaf-d03a-429d-842a-efe47fa524e8",
                    "relationshipStatus": "ACTIVE",
                    "relationshipAttributes": {
                        "typeName": "m4i_data_entity_steward_assignment"
                    }
                }
            ],
            "dataDomain": [
                {
                    "guid": "971cfedd-09f7-47ad-bace-d0f9607f1097",
                    "typeName": "m4i_data_domain",
                    "entityStatus": "ACTIVE",
                    "displayText": "plant data",
                    "relationshipType": "m4i_data_entity_assignment",
                    "relationshipGuid": "62ac16ee-31b8-4086-92cf-c1c71ea28f91",
                    "relationshipStatus": "ACTIVE",
                    "relationshipAttributes": {
                        "typeName": "m4i_data_entity_assignment"
                    }
                }
            ],
            "parentEntity": [],
            "childEntity": [],
            "attributes": [
                {
                    "guid": "814c0aa3-6617-4e4d-9b14-5edf729d1195",
                    "typeName": "m4i_data_attribute",
                    "entityStatus": "ACTIVE",
                    "displayText": "EquipmentId",
                    "relationshipType": "m4i_data_entity_attribute_assignment",
                    "relationshipGuid": "b2e2b2d9-0002-42c7-877a-c7e310791db0",
                    "relationshipStatus": "ACTIVE",
                    "relationshipAttributes": {
                        "typeName": "m4i_data_entity_attribute_assignment"
                    }
                },
                {
                    "guid": "600bf7fe-fea8-4072-a62f-e2f3165408bd",
                    "typeName": "m4i_data_attribute",
                    "entityStatus": "ACTIVE",
                    "displayText": "year",
                    "relationshipType": "m4i_data_entity_attribute_assignment",
                    "relationshipGuid": "386625b5-1ff5-4676-9e85-7c763100aafb",
                    "relationshipStatus": "ACTIVE",
                    "relationshipAttributes": {
                        "typeName": "m4i_data_entity_attribute_assignment"
                    }
                },
                {
                    "guid": "472b11de-2c1a-45db-8284-f54db2918a2a",
                    "typeName": "m4i_data_attribute",
                    "entityStatus": "ACTIVE",
                    "displayText": "Line",
                    "relationshipType": "m4i_data_entity_attribute_assignment",
                    "relationshipGuid": "444d6a12-8dce-4659-aa2f-e211ee433d42",
                    "relationshipStatus": "ACTIVE",
                    "relationshipAttributes": {
                        "typeName": "m4i_data_entity_attribute_assignment"
                    }
                },
                {
                    "guid": "764adae5-f5e5-4477-8fb1-6a06cf2200da",
                    "typeName": "m4i_data_attribute",
                    "entityStatus": "ACTIVE",
                    "displayText": "SKUId",
                    "relationshipType": "m4i_data_entity_attribute_assignment",
                    "relationshipGuid": "7aba1c69-5efd-4744-b6d8-58ec5ba33f36",
                    "relationshipStatus": "ACTIVE",
                    "relationshipAttributes": {
                        "typeName": "m4i_data_entity_attribute_assignment"
                    }
                },
                {
                    "guid": "d1700b98-5935-4d78-ad57-8fb0089da5f2",
                    "typeName": "m4i_data_attribute",
                    "entityStatus": "ACTIVE",
                    "displayText": "WorkCenterName",
                    "relationshipType": "m4i_data_entity_attribute_assignment",
                    "relationshipGuid": "6471d6f7-fd09-4631-b68f-c7c75eb0e914",
                    "relationshipStatus": "ACTIVE",
                    "relationshipAttributes": {
                        "typeName": "m4i_data_entity_attribute_assignment"
                    }
                },
                {
                    "guid": "06ee09e0-babf-4e14-b3c0-d8c1878a8b25",
                    "typeName": "m4i_data_attribute",
                    "entityStatus": "ACTIVE",
                    "displayText": "ModifiedOn",
                    "relationshipType": "m4i_data_entity_attribute_assignment",
                    "relationshipGuid": "b8441ea5-313d-4b2a-8b43-e8c9360fc5b2",
                    "relationshipStatus": "ACTIVE",
                    "relationshipAttributes": {
                        "typeName": "m4i_data_entity_attribute_assignment"
                    }
                },
                {
                    "guid": "0ce8270a-d024-46bc-8542-60e9ae8bf722",
                    "typeName": "m4i_data_attribute",
                    "entityStatus": "ACTIVE",
                    "displayText": "CreatedBy",
                    "relationshipType": "m4i_data_entity_attribute_assignment",
                    "relationshipGuid": "30119a03-d893-487c-8a6d-0b57afa915a8",
                    "relationshipStatus": "ACTIVE",
                    "relationshipAttributes": {
                        "typeName": "m4i_data_entity_attribute_assignment"
                    }
                },
                {
                    "guid": "d3017dd7-d7a1-48f0-a161-bc01a816d09d",
                    "typeName": "m4i_data_attribute",
                    "entityStatus": "ACTIVE",
                    "displayText": "AssetModel",
                    "relationshipType": "m4i_data_entity_attribute_assignment",
                    "relationshipGuid": "2e0b073b-47c7-4d68-a0bf-02e332d869f5",
                    "relationshipStatus": "ACTIVE",
                    "relationshipAttributes": {
                        "typeName": "m4i_data_entity_attribute_assignment"
                    }
                },
                {
                    "guid": "72b6ed89-4964-4144-94a2-e26d753bc0f7",
                    "typeName": "m4i_data_attribute",
                    "entityStatus": "ACTIVE",
                    "displayText": "AssetType",
                    "relationshipType": "m4i_data_entity_attribute_assignment",
                    "relationshipGuid": "78cff700-a3fd-406c-988f-184e3a5c7fba",
                    "relationshipStatus": "ACTIVE",
                    "relationshipAttributes": {
                        "typeName": "m4i_data_entity_attribute_assignment"
                    }
                },
                {
                    "guid": "a48a14e4-ccce-4a6b-8bb5-1f1de15636ef",
                    "typeName": "m4i_data_attribute",
                    "entityStatus": "ACTIVE",
                    "displayText": "WorkCenterId",
                    "relationshipType": "m4i_data_entity_attribute_assignment",
                    "relationshipGuid": "d9320989-e9a0-46d0-839d-9485cdbe553f",
                    "relationshipStatus": "ACTIVE",
                    "relationshipAttributes": {
                        "typeName": "m4i_data_entity_attribute_assignment"
                    }
                },
                {
                    "guid": "62d022bf-3005-4ff2-aa26-d110c2b0d5b2",
                    "typeName": "m4i_data_attribute",
                    "entityStatus": "ACTIVE",
                    "displayText": "DownTimeDuration",
                    "relationshipType": "m4i_data_entity_attribute_assignment",
                    "relationshipGuid": "c7ddca25-3162-46d9-ab07-44c8754b0897",
                    "relationshipStatus": "ACTIVE",
                    "relationshipAttributes": {
                        "typeName": "m4i_data_entity_attribute_assignment"
                    }
                },
                {
                    "guid": "5210b57d-aa17-4779-bbb1-1a3ec305df12",
                    "typeName": "m4i_data_attribute",
                    "entityStatus": "ACTIVE",
                    "displayText": "PlantId",
                    "relationshipType": "m4i_data_entity_attribute_assignment",
                    "relationshipGuid": "50473090-44d6-43ae-821a-a822a879c640",
                    "relationshipStatus": "ACTIVE",
                    "relationshipAttributes": {
                        "typeName": "m4i_data_entity_attribute_assignment"
                    }
                },
                {
                    "guid": "506aa3cd-8317-4ed0-9d18-877867db1782",
                    "typeName": "m4i_data_attribute",
                    "entityStatus": "ACTIVE",
                    "displayText": "ShiftName",
                    "relationshipType": "m4i_data_entity_attribute_assignment",
                    "relationshipGuid": "5747537f-b26a-4e2c-a29d-0cbc54fa59e1",
                    "relationshipStatus": "ACTIVE",
                    "relationshipAttributes": {
                        "typeName": "m4i_data_entity_attribute_assignment"
                    }
                },
                {
                    "guid": "ca0d9ade-9819-40a9-a92a-778bf668fe9e",
                    "typeName": "m4i_data_attribute",
                    "entityStatus": "ACTIVE",
                    "displayText": "DowntimeId",
                    "relationshipType": "m4i_data_entity_attribute_assignment",
                    "relationshipGuid": "1ae17ac7-ca43-43ef-b568-eb7d8b693e9c",
                    "relationshipStatus": "ACTIVE",
                    "relationshipAttributes": {
                        "typeName": "m4i_data_entity_attribute_assignment"
                    }
                },
                {
                    "guid": "62fd8e1a-0226-4ed6-98e0-4f909f8bdf2b",
                    "typeName": "m4i_data_attribute",
                    "entityStatus": "ACTIVE",
                    "displayText": "SupervisorId",
                    "relationshipType": "m4i_data_entity_attribute_assignment",
                    "relationshipGuid": "6022b6bc-b8f8-4b5c-9edc-20b4d39e3cea",
                    "relationshipStatus": "ACTIVE",
                    "relationshipAttributes": {
                        "typeName": "m4i_data_entity_attribute_assignment"
                    }
                },
                {
                    "guid": "7544bed3-f9ca-4075-951f-6d0230a202fc",
                    "typeName": "m4i_data_attribute",
                    "entityStatus": "ACTIVE",
                    "displayText": "Plant",
                    "relationshipType": "m4i_data_entity_attribute_assignment",
                    "relationshipGuid": "0a95dd92-4871-44ff-a53d-8c06db2555b0",
                    "relationshipStatus": "ACTIVE",
                    "relationshipAttributes": {
                        "typeName": "m4i_data_entity_attribute_assignment"
                    }
                },
                {
                    "guid": "1adf8352-ddaf-47e2-baaf-a1ed17483401",
                    "typeName": "m4i_data_attribute",
                    "entityStatus": "ACTIVE",
                    "displayText": "LineId",
                    "relationshipType": "m4i_data_entity_attribute_assignment",
                    "relationshipGuid": "332c3032-827e-4578-ba77-4a49e0630660",
                    "relationshipStatus": "ACTIVE",
                    "relationshipAttributes": {
                        "typeName": "m4i_data_entity_attribute_assignment"
                    }
                },
                {
                    "guid": "c280da43-0747-4ca0-801b-84ba833bb092",
                    "typeName": "m4i_data_attribute",
                    "entityStatus": "ACTIVE",
                    "displayText": "CreatedOn",
                    "relationshipType": "m4i_data_entity_attribute_assignment",
                    "relationshipGuid": "bf270f4d-1c72-486d-8617-db7c6e7d2e4a",
                    "relationshipStatus": "ACTIVE",
                    "relationshipAttributes": {
                        "typeName": "m4i_data_entity_attribute_assignment"
                    }
                },
                {
                    "guid": "8785bad4-88c5-4a66-800d-99c9ad67c9b0",
                    "typeName": "m4i_data_attribute",
                    "entityStatus": "ACTIVE",
                    "displayText": "DownTimeReasonDescription",
                    "relationshipType": "m4i_data_entity_attribute_assignment",
                    "relationshipGuid": "ef7af98e-5101-4caf-a0b1-8137f7bc25e8",
                    "relationshipStatus": "ACTIVE",
                    "relationshipAttributes": {
                        "typeName": "m4i_data_entity_attribute_assignment"
                    }
                },
                {
                    "guid": "af1558ee-8133-4cb8-8fd6-9e571bf4a512",
                    "typeName": "m4i_data_attribute",
                    "entityStatus": "ACTIVE",
                    "displayText": "DownTimeReasonId",
                    "relationshipType": "m4i_data_entity_attribute_assignment",
                    "relationshipGuid": "7c2a0d02-089f-43a4-886f-1a52ebaaf090",
                    "relationshipStatus": "ACTIVE",
                    "relationshipAttributes": {
                        "typeName": "m4i_data_entity_attribute_assignment"
                    }
                },
                {
                    "guid": "2be903bb-ded2-4b9e-bfb3-b94526ee8c8f",
                    "typeName": "m4i_data_attribute",
                    "entityStatus": "ACTIVE",
                    "displayText": "WorkOrder",
                    "relationshipType": "m4i_data_entity_attribute_assignment",
                    "relationshipGuid": "e9d83dc9-af06-4f45-9b8c-0d5aac95bfa9",
                    "relationshipStatus": "ACTIVE",
                    "relationshipAttributes": {
                        "typeName": "m4i_data_entity_attribute_assignment"
                    }
                },
                {
                    "guid": "f4b072a7-f869-485c-ac23-165e3de984c3",
                    "typeName": "m4i_data_attribute",
                    "entityStatus": "ACTIVE",
                    "displayText": "ShiftId",
                    "relationshipType": "m4i_data_entity_attribute_assignment",
                    "relationshipGuid": "181a7548-edc0-4b80-b74b-e6d345f76334",
                    "relationshipStatus": "ACTIVE",
                    "relationshipAttributes": {
                        "typeName": "m4i_data_entity_attribute_assignment"
                    }
                },
                {
                    "guid": "0dabaf37-3bec-4820-8cb5-ed613e863877",
                    "typeName": "m4i_data_attribute",
                    "entityStatus": "ACTIVE",
                    "displayText": "AssetName",
                    "relationshipType": "m4i_data_entity_attribute_assignment",
                    "relationshipGuid": "96a85268-0f84-4dc7-9ee4-a44c0d1e48f1",
                    "relationshipStatus": "ACTIVE",
                    "relationshipAttributes": {
                        "typeName": "m4i_data_entity_attribute_assignment"
                    }
                },
                {
                    "guid": "16f0ae8c-b95f-44c7-b7a0-e961e378b596",
                    "typeName": "m4i_data_attribute",
                    "entityStatus": "ACTIVE",
                    "displayText": "AssetCategory",
                    "relationshipType": "m4i_data_entity_attribute_assignment",
                    "relationshipGuid": "fabbcb97-5625-4c6f-bdc0-aa0a1c52a51e",
                    "relationshipStatus": "ACTIVE",
                    "relationshipAttributes": {
                        "typeName": "m4i_data_entity_attribute_assignment"
                    }
                },
                {
                    "guid": "c847c48d-641d-4828-af86-f8cdc136387b",
                    "typeName": "m4i_data_attribute",
                    "entityStatus": "ACTIVE",
                    "displayText": "month",
                    "relationshipType": "m4i_data_entity_attribute_assignment",
                    "relationshipGuid": "7d66ef10-f036-4729-8b86-90947d3fba5a",
                    "relationshipStatus": "ACTIVE",
                    "relationshipAttributes": {
                        "typeName": "m4i_data_entity_attribute_assignment"
                    }
                },
                {
                    "guid": "d77e11e2-e011-4792-8150-006c93a6c695",
                    "typeName": "m4i_data_attribute",
                    "entityStatus": "ACTIVE",
                    "displayText": "date",
                    "relationshipType": "m4i_data_entity_attribute_assignment",
                    "relationshipGuid": "6754a042-27c3-46b2-ae39-1b454214d042",
                    "relationshipStatus": "ACTIVE",
                    "relationshipAttributes": {
                        "typeName": "m4i_data_entity_attribute_assignment"
                    }
                },
                {
                    "guid": "2c0a2e7c-4f76-423b-ba66-f7450613f5d3",
                    "typeName": "m4i_data_attribute",
                    "entityStatus": "ACTIVE",
                    "displayText": "WorkOrderId",
                    "relationshipType": "m4i_data_entity_attribute_assignment",
                    "relationshipGuid": "1d6e8968-c35c-47b4-93fb-e84920d198e7",
                    "relationshipStatus": "ACTIVE",
                    "relationshipAttributes": {
                        "typeName": "m4i_data_entity_attribute_assignment"
                    }
                },
                {
                    "guid": "de308798-ed4b-4f57-a187-07713b32c07c",
                    "typeName": "m4i_data_attribute",
                    "entityStatus": "ACTIVE",
                    "displayText": "DownTimeStartDateTime",
                    "relationshipType": "m4i_data_entity_attribute_assignment",
                    "relationshipGuid": "ad1d2aeb-b3c2-4f5a-94a3-5b72324d37e7",
                    "relationshipStatus": "ACTIVE",
                    "relationshipAttributes": {
                        "typeName": "m4i_data_entity_attribute_assignment"
                    }
                },
                {
                    "guid": "1e66f44e-7787-41ab-92ab-65d4bb5eb515",
                    "typeName": "m4i_data_attribute",
                    "entityStatus": "ACTIVE",
                    "displayText": "SiteId",
                    "relationshipType": "m4i_data_entity_attribute_assignment",
                    "relationshipGuid": "15892669-2658-47a2-988f-43d91f124ba0",
                    "relationshipStatus": "ACTIVE",
                    "relationshipAttributes": {
                        "typeName": "m4i_data_entity_attribute_assignment"
                    }
                },
                {
                    "guid": "de782dce-7d47-4474-876f-f931ad6ab066",
                    "typeName": "m4i_data_attribute",
                    "entityStatus": "ACTIVE",
                    "displayText": "EquipmentName",
                    "relationshipType": "m4i_data_entity_attribute_assignment",
                    "relationshipGuid": "c3f364d3-dd98-4c2a-95c0-78b670acf780",
                    "relationshipStatus": "ACTIVE",
                    "relationshipAttributes": {
                        "typeName": "m4i_data_entity_attribute_assignment"
                    }
                },
                {
                    "guid": "9f00cb70-9048-429c-b24e-d6cd6271ab2f",
                    "typeName": "m4i_data_attribute",
                    "entityStatus": "ACTIVE",
                    "displayText": "DowntimeType",
                    "relationshipType": "m4i_data_entity_attribute_assignment",
                    "relationshipGuid": "89a02440-5bf6-4f6f-8e7a-d2ee0a4470f6",
                    "relationshipStatus": "ACTIVE",
                    "relationshipAttributes": {
                        "typeName": "m4i_data_entity_attribute_assignment"
                    }
                },
                {
                    "guid": "8c11cfcc-9916-42e6-9888-50770b312937",
                    "typeName": "m4i_data_attribute",
                    "entityStatus": "ACTIVE",
                    "displayText": "AssetId",
                    "relationshipType": "m4i_data_entity_attribute_assignment",
                    "relationshipGuid": "933ddbf9-5e0f-4fb9-9060-697b6df96afa",
                    "relationshipStatus": "ACTIVE",
                    "relationshipAttributes": {
                        "typeName": "m4i_data_entity_attribute_assignment"
                    }
                },
                {
                    "guid": "1548b246-78e9-4010-bdb9-e9fec0d3c975",
                    "typeName": "m4i_data_attribute",
                    "entityStatus": "ACTIVE",
                    "displayText": "week",
                    "relationshipType": "m4i_data_entity_attribute_assignment",
                    "relationshipGuid": "b1711c91-6042-47e0-9a82-c4f10c330283",
                    "relationshipStatus": "ACTIVE",
                    "relationshipAttributes": {
                        "typeName": "m4i_data_entity_attribute_assignment"
                    }
                },
                {
                    "guid": "fa724777-d854-4a24-beaf-a249929d2d15",
                    "typeName": "m4i_data_attribute",
                    "entityStatus": "ACTIVE",
                    "displayText": "LeaderId",
                    "relationshipType": "m4i_data_entity_attribute_assignment",
                    "relationshipGuid": "70271e91-5801-42d3-b1cf-ab2e3cb063d2",
                    "relationshipStatus": "ACTIVE",
                    "relationshipAttributes": {
                        "typeName": "m4i_data_entity_attribute_assignment"
                    }
                },
                {
                    "guid": "74c82586-a392-4f26-b32e-7cd555d41f9d",
                    "typeName": "m4i_data_attribute",
                    "entityStatus": "ACTIVE",
                    "displayText": "ValueStreamName",
                    "relationshipType": "m4i_data_entity_attribute_assignment",
                    "relationshipGuid": "5c1b5b45-827d-423d-aa08-623e9a9a47af",
                    "relationshipStatus": "ACTIVE",
                    "relationshipAttributes": {
                        "typeName": "m4i_data_entity_attribute_assignment"
                    }
                },
                {
                    "guid": "2e297740-8553-451e-a087-302418a51751",
                    "typeName": "m4i_data_attribute",
                    "entityStatus": "ACTIVE",
                    "displayText": "SKU",
                    "relationshipType": "m4i_data_entity_attribute_assignment",
                    "relationshipGuid": "5afb9ff4-23d2-41c1-8b2d-d1f17a990370",
                    "relationshipStatus": "ACTIVE",
                    "relationshipAttributes": {
                        "typeName": "m4i_data_entity_attribute_assignment"
                    }
                },
                {
                    "guid": "6672d91a-cd29-48f1-a8be-1c51fa402a6b",
                    "typeName": "m4i_data_attribute",
                    "entityStatus": "ACTIVE",
                    "displayText": "HashingKey",
                    "relationshipType": "m4i_data_entity_attribute_assignment",
                    "relationshipGuid": "897a0a9d-43cc-4b02-a554-34b1144ba19b",
                    "relationshipStatus": "ACTIVE",
                    "relationshipAttributes": {
                        "typeName": "m4i_data_entity_attribute_assignment"
                    }
                },
                {
                    "guid": "ab0a0f0e-a20b-483d-8d0b-7d9dc9802d5e",
                    "typeName": "m4i_data_attribute",
                    "entityStatus": "ACTIVE",
                    "displayText": "Site",
                    "relationshipType": "m4i_data_entity_attribute_assignment",
                    "relationshipGuid": "e61325a0-cc53-4ce9-9bf0-7f998ed31de5",
                    "relationshipStatus": "ACTIVE",
                    "relationshipAttributes": {
                        "typeName": "m4i_data_entity_attribute_assignment"
                    }
                },
                {
                    "guid": "8ba1b5c6-0ddd-4b25-ac1d-2ec8760af740",
                    "typeName": "m4i_data_attribute",
                    "entityStatus": "ACTIVE",
                    "displayText": "SKUDescription",
                    "relationshipType": "m4i_data_entity_attribute_assignment",
                    "relationshipGuid": "3847d98b-523f-4c79-becb-1386cb81b653",
                    "relationshipStatus": "ACTIVE",
                    "relationshipAttributes": {
                        "typeName": "m4i_data_entity_attribute_assignment"
                    }
                },
                {
                    "guid": "4864b7d2-2e54-4dd5-9a73-dba74b2d53bc",
                    "typeName": "m4i_data_attribute",
                    "entityStatus": "ACTIVE",
                    "displayText": "DownTimeReasonName",
                    "relationshipType": "m4i_data_entity_attribute_assignment",
                    "relationshipGuid": "86df49f7-6668-4ea9-a5d1-801bc993be40",
                    "relationshipStatus": "ACTIVE",
                    "relationshipAttributes": {
                        "typeName": "m4i_data_entity_attribute_assignment"
                    }
                },
                {
                    "guid": "d17fe015-7a46-453c-b7b2-ea3119d2b37c",
                    "typeName": "m4i_data_attribute",
                    "entityStatus": "ACTIVE",
                    "displayText": "ShiftType",
                    "relationshipType": "m4i_data_entity_attribute_assignment",
                    "relationshipGuid": "e91ad0bf-d81c-4b5f-98b4-3b6d4ef1b617",
                    "relationshipStatus": "ACTIVE",
                    "relationshipAttributes": {
                        "typeName": "m4i_data_entity_attribute_assignment"
                    }
                },
                {
                    "guid": "22222e23-ba9b-46cc-87f9-3b28c238dff8",
                    "typeName": "m4i_data_attribute",
                    "entityStatus": "ACTIVE",
                    "displayText": "DownTimeEndDateTime",
                    "relationshipType": "m4i_data_entity_attribute_assignment",
                    "relationshipGuid": "d58a3f9d-8297-4633-88a6-ba970cf06c76",
                    "relationshipStatus": "ACTIVE",
                    "relationshipAttributes": {
                        "typeName": "m4i_data_entity_attribute_assignment"
                    }
                },
                {
                    "guid": "473b5e90-621d-4e02-9b59-b0d865fd7129",
                    "typeName": "m4i_data_attribute",
                    "entityStatus": "ACTIVE",
                    "displayText": "DownTimeStatus",
                    "relationshipType": "m4i_data_entity_attribute_assignment",
                    "relationshipGuid": "309d76c5-95b7-415b-8d9c-05b552d180a2",
                    "relationshipStatus": "ACTIVE",
                    "relationshipAttributes": {
                        "typeName": "m4i_data_entity_attribute_assignment"
                    }
                }
            ],
            "source": [
                {
                    "guid": "2bee6dca-fea0-478b-824e-d97365d18bbe",
                    "typeName": "m4i_source",
                    "entityStatus": "ACTIVE",
                    "displayText": "/hr/hr/Data Dictionary_template.xlsm",
                    "relationshipType": "m4i_referenceable_source_assignment",
                    "relationshipGuid": "384afdab-41bf-495e-95cb-3452824e6388",
                    "relationshipStatus": "ACTIVE",
                    "relationshipAttributes": {
                        "typeName": "m4i_referenceable_source_assignment"
                    }
                }
            ],
            "businessOwner": [
                {
                    "guid": "dc408458-fd6d-4080-a324-9900585d1146",
                    "typeName": "m4i_person",
                    "entityStatus": "ACTIVE",
                    "displayText": "Jane Martens",
                    "relationshipType": "m4i_data_entity_business_owner_assignment",
                    "relationshipGuid": "7eb0236a-0c2e-4839-bc2d-1f0ca9a92593",
                    "relationshipStatus": "ACTIVE",
                    "relationshipAttributes": {
                        "typeName": "m4i_data_entity_business_owner_assignment"
                    }
                }
            ],
            "meanings": []
        },
        "labels": [],
        "proxy": false
    }
}