{
    "referredEntities": {},
    "entity": {
        "typeName": "m4i_field",
        "attributes": {
            "archimateReference": [],
            "replicatedTo": null,
            "replicatedFrom": null,
            "hasContent": null,
            "steward": [],
            "qualifiedName": "elas1--hr--FULLNAME",
            "source": [],
            "datasets": [],
            "parentField": [],
            "optionalField": null,
            "name": "FULLNAME",
            "definition": null,
            "attributes": [],
            "fieldType": "text",
            "childField": []
        },
        "guid": "ff27104d-6330-4549-9e6b-cca92e19bcd7",
        "isIncomplete": false,
        "provenanceType": 0,
        "status": "ACTIVE",
        "createdBy": "admin",
        "updatedBy": "admin",
        "createTime": 1656522169104,
        "updateTime": 1663931063480,
        "version": 0,
        "relationshipAttributes": {
            "ArchiMateReference": [],
            "dataQuality": [],
            "attributes": [
                {
                    "guid": "c93b1aab-8378-4041-a3d3-65f913eb2d06",
                    "typeName": "m4i_data_attribute",
                    "entityStatus": "ACTIVE",
                    "displayText": "Fullname",
                    "relationshipType": "m4i_data_attribute_field_assignment",
                    "relationshipGuid": "33b4a88e-372e-46ec-a77a-29fcd54afc5d",
                    "relationshipStatus": "ACTIVE",
                    "relationshipAttributes": {
                        "typeName": "m4i_data_attribute_field_assignment"
                    }
                },
                {
                    "guid": "444c163e-b201-47bd-9b3a-9c1c9d33a4bb",
                    "typeName": "m4i_data_attribute",
                    "entityStatus": "ACTIVE",
                    "displayText": "Fullname",
                    "relationshipType": "m4i_data_attribute_field_assignment",
                    "relationshipGuid": "cc7fc271-5e93-48cc-bbdc-47d01714c3e5",
                    "relationshipStatus": "ACTIVE",
                    "relationshipAttributes": {
                        "typeName": "m4i_data_attribute_field_assignment"
                    }
                }
            ],
            "datasets": [
                {
                    "guid": "3a9efda8-6721-4aaa-a71d-cf00349895fd",
                    "typeName": "m4i_dataset",
                    "entityStatus": "ACTIVE",
                    "displayText": "hr",
                    "relationshipType": "m4i_field_assignment",
                    "relationshipGuid": "818e17dc-3d4a-4333-9634-79e3fb7f70be",
                    "relationshipStatus": "ACTIVE",
                    "relationshipAttributes": {
                        "typeName": "m4i_field_assignment",
                        "attributes": {
                            "typeInformation": null
                        }
                    }
                }
            ],
            "source": [],
            "meanings": [],
            "parentField": [],
            "childField": []
        },
        "classifications": [
            {
                "typeName": "high_risk",
                "entityGuid": "c93b1aab-8378-4041-a3d3-65f913eb2d06",
                "entityStatus": "ACTIVE",
                "propagate": true,
                "validityPeriods": [],
                "removePropagationsOnEntityDelete": true
            },
            {
                "typeName": "key_data",
                "entityGuid": "c93b1aab-8378-4041-a3d3-65f913eb2d06",
                "entityStatus": "ACTIVE",
                "propagate": true,
                "validityPeriods": [],
                "removePropagationsOnEntityDelete": true
            },
            {
                "typeName": "key_data",
                "entityGuid": "444c163e-b201-47bd-9b3a-9c1c9d33a4bb",
                "entityStatus": "ACTIVE",
                "propagate": true,
                "validityPeriods": [],
                "removePropagationsOnEntityDelete": true
            },
            {
                "typeName": "PII",
                "entityGuid": "444c163e-b201-47bd-9b3a-9c1c9d33a4bb",
                "entityStatus": "ACTIVE",
                "propagate": true,
                "validityPeriods": [],
                "removePropagationsOnEntityDelete": true
            },
            {
                "typeName": "high_risk",
                "entityGuid": "444c163e-b201-47bd-9b3a-9c1c9d33a4bb",
                "entityStatus": "ACTIVE",
                "propagate": true,
                "validityPeriods": [],
                "removePropagationsOnEntityDelete": true
            },
            {
                "typeName": "PII",
                "entityGuid": "c93b1aab-8378-4041-a3d3-65f913eb2d06",
                "entityStatus": "ACTIVE",
                "propagate": true,
                "validityPeriods": [],
                "removePropagationsOnEntityDelete": true
            }
        ],
        "labels": [],
        "proxy": false
    }
}