{
    "referredEntities": {},
    "entity": {
        "typeName": "m4i_field",
        "attributes": {
            "archimateReference": [],
            "replicatedTo": null,
            "replicatedFrom": null,
            "hasContent": null,
            "steward": [],
            "qualifiedName": "elas1--hr--LOCATION",
            "source": [],
            "datasets": [],
            "parentField": [],
            "optionalField": null,
            "name": "LOCATION",
            "definition": null,
            "attributes": [],
            "fieldType": "keyword",
            "childField": []
        },
        "guid": "ff4fb3a7-574f-4d34-a86d-448469caa515",
        "isIncomplete": false,
        "provenanceType": 0,
        "status": "ACTIVE",
        "createdBy": "admin",
        "updatedBy": "admin",
        "createTime": 1656522169104,
        "updateTime": 1663931063480,
        "version": 0,
        "relationshipAttributes": {
            "ArchiMateReference": [],
            "dataQuality": [],
            "attributes": [
                {
                    "guid": "3e5d4165-e92e-414e-8dba-a61ffd799e17",
                    "typeName": "m4i_data_attribute",
                    "entityStatus": "ACTIVE",
                    "displayText": "Location",
                    "relationshipType": "m4i_data_attribute_field_assignment",
                    "relationshipGuid": "45ded41c-21ac-4038-92fd-71ac691ea87d",
                    "relationshipStatus": "ACTIVE",
                    "relationshipAttributes": {
                        "typeName": "m4i_data_attribute_field_assignment"
                    }
                },
                {
                    "guid": "f581f528-9207-43f5-99bb-26f258efe062",
                    "typeName": "m4i_data_attribute",
                    "entityStatus": "ACTIVE",
                    "displayText": "Location",
                    "relationshipType": "m4i_data_attribute_field_assignment",
                    "relationshipGuid": "20d50cd4-6bf1-458b-a922-d61b2c21e158",
                    "relationshipStatus": "ACTIVE",
                    "relationshipAttributes": {
                        "typeName": "m4i_data_attribute_field_assignment"
                    }
                }
            ],
            "datasets": [
                {
                    "guid": "3a9efda8-6721-4aaa-a71d-cf00349895fd",
                    "typeName": "m4i_dataset",
                    "entityStatus": "ACTIVE",
                    "displayText": "hr",
                    "relationshipType": "m4i_field_assignment",
                    "relationshipGuid": "1fd840a1-332c-4995-8eeb-7589d168efdf",
                    "relationshipStatus": "ACTIVE",
                    "relationshipAttributes": {
                        "typeName": "m4i_field_assignment",
                        "attributes": {
                            "typeInformation": null
                        }
                    }
                }
            ],
            "source": [],
            "meanings": [],
            "parentField": [],
            "childField": []
        },
        "classifications": [
            {
                "typeName": "low_risk",
                "entityGuid": "3e5d4165-e92e-414e-8dba-a61ffd799e17",
                "entityStatus": "ACTIVE",
                "propagate": true,
                "validityPeriods": [],
                "removePropagationsOnEntityDelete": true
            },
            {
                "typeName": "key_data",
                "entityGuid": "f581f528-9207-43f5-99bb-26f258efe062",
                "entityStatus": "ACTIVE",
                "propagate": true,
                "validityPeriods": [],
                "removePropagationsOnEntityDelete": true
            },
            {
                "typeName": "key_data",
                "entityGuid": "3e5d4165-e92e-414e-8dba-a61ffd799e17",
                "entityStatus": "ACTIVE",
                "propagate": true,
                "validityPeriods": [],
                "removePropagationsOnEntityDelete": true
            },
            {
                "typeName": "low_risk",
                "entityGuid": "f581f528-9207-43f5-99bb-26f258efe062",
                "entityStatus": "ACTIVE",
                "propagate": true,
                "validityPeriods": [],
                "removePropagationsOnEntityDelete": true
            }
        ],
        "labels": [],
        "proxy": false
    }
}