{"referredEntities":{},"entity":{"typeName":"m4i_data_entity","attributes":{"archimateReference":[],"replicatedTo":[],"replicatedFrom":[],"steward":[],"qualifiedName":"test-entity","parentEntity":[],"source":[],"dataDomain":[{"guid":"cf42cca7-48e1-4d9a-862f-0c686e79ae53","typeName":"m4i_data_domain","uniqueAttributes":{"qualifiedName":"test-domain"}}],"childEntity":[],"name":null,"definition":null,"attributes":[{"guid":"a222f1df-a814-4f0f-996e-1163c8d4f538","typeName":"m4i_data_attribute","uniqueAttributes":{"qualifiedName":"test-attribute"}}],"typeAlias":null,"businessOwner":[]},"guid":"736882bc-da46-4401-9708-b301e68f937f","isIncomplete":false,"status":"ACTIVE","createdBy":"admin","updatedBy":"admin","createTime":1706691148627,"updateTime":1706691207631,"version":0,"relationshipAttributes":{"ArchiMateReference":[],"steward":[],"dataDomain":[{"guid":"cf42cca7-48e1-4d9a-862f-0c686e79ae53","typeName":"m4i_data_domain","entityStatus":"ACTIVE","displayText":"test-domain","relationshipType":"m4i_data_entity_assignment","relationshipGuid":"aaa30074-4785-469c-b85f-a4eea2ae8a34","relationshipStatus":"ACTIVE","relationshipAttributes":{"typeName":"m4i_data_entity_assignment"}}],"parentEntity":[],"childEntity":[],"attributes":[{"guid":"a222f1df-a814-4f0f-996e-1163c8d4f538","typeName":"m4i_data_attribute","entityStatus":"ACTIVE","displayText":"test-attribute","relationshipType":"m4i_data_entity_attribute_assignment","relationshipGuid":"e49c9412-5778-44cf-831d-db8f716fb6d5","relationshipStatus":"ACTIVE","relationshipAttributes":{"typeName":"m4i_data_entity_attribute_assignment"}}],"source":[],"businessOwner":[],"meanings":[]},"labels":[]}}