{"referredEntities":{},"entity":{"typeName":"m4i_data_attribute","attributes":{"archimateReference":[],"replicatedTo":[],"replicatedFrom":[],"steward":[],"qualifiedName":"test-attribute","dataEntity":[{"guid":"736882bc-da46-4401-9708-b301e68f937f","typeName":"m4i_data_entity","uniqueAttributes":{"qualifiedName":"test-entity"}}],"source":[],"isKeyData":null,"hasPII":null,"attributeType":null,"name":null,"definition":null,"riskClassification":null,"typeAlias":null,"fields":[],"businessOwner":[]},"guid":"a222f1df-a814-4f0f-996e-1163c8d4f538","isIncomplete":false,"status":"ACTIVE","createdBy":"admin","updatedBy":"admin","createTime":1706691178644,"updateTime":1706691178644,"version":0,"relationshipAttributes":{"ArchiMateReference":[],"steward":[],"dataEntity":[{"guid":"736882bc-da46-4401-9708-b301e68f937f","typeName":"m4i_data_entity","entityStatus":"ACTIVE","displayText":"test-entity","relationshipType":"m4i_data_entity_attribute_assignment","relationshipGuid":"e49c9412-5778-44cf-831d-db8f716fb6d5","relationshipStatus":"ACTIVE","relationshipAttributes":{"typeName":"m4i_data_entity_attribute_assignment"}}],"source":[],"fields":[],"businessOwner":[],"meanings":[]},"labels":[]}}