{"request":{"itemsToExport":[{"typeName":"m4i_data_domain","uniqueAttributes":{"qualifiedName":"test"}},{"typeName":"m4i_data_entity","uniqueAttributes":{"qualifiedName":"test"}},{"typeName":"m4i_data_attribute","uniqueAttributes":{"qualifiedName":"test"}}],"options":{"fetchType":"full","matchType":"contains"},"fetchTypeOptionValue":"full","skipLineageOptionValue":false,"matchTypeOptionValue":"contains","changeTokenFromOptions":0},"userName":"admin","clientIpAddress":"127.0.0.1","hostName":"127.0.0.1","timeStamp":1706708191949,"metrics":{"duration":802,"entity:withExtInfo":3,"entity:m4i_data_attribute":1,"entity:m4i_data_entity":1,"entity:m4i_data_domain":1},"operationStatus":"SUCCESS","sourceClusterName":"default","changeMarker":1706687530100}