{"referredEntities":{},"entity":{"typeName":"m4i_data_domain","attributes":{"archimateReference":[],"replicatedTo":[],"replicatedFrom":[],"qualifiedName":"test-domain","domainLead":[],"name":null,"dataEntity":[{"guid":"736882bc-da46-4401-9708-b301e68f937f","typeName":"m4i_data_entity","uniqueAttributes":{"qualifiedName":"test-entity"}}],"definition":null,"source":[],"typeAlias":null},"guid":"cf42cca7-48e1-4d9a-862f-0c686e79ae53","isIncomplete":false,"status":"ACTIVE","createdBy":"admin","updatedBy":"admin","createTime":1706691108056,"updateTime":1706691207631,"version":0,"relationshipAttributes":{"ArchiMateReference":[],"domainLead":[],"dataEntity":[{"guid":"736882bc-da46-4401-9708-b301e68f937f","typeName":"m4i_data_entity","entityStatus":"ACTIVE","displayText":"test-entity","relationshipType":"m4i_data_entity_assignment","relationshipGuid":"aaa30074-4785-469c-b85f-a4eea2ae8a34","relationshipStatus":"ACTIVE","relationshipAttributes":{"typeName":"m4i_data_entity_assignment"}}],"source":[],"meanings":[]},"labels":[]}}